time,tp (mm day**-1) (Total precipitation),avg_tprate (kg m**-2 day**-1) (Time-mean total precipitation rate),avg_ie (kg m**-2 day**-1) (Time-mean moisture flux),avg_vimdf (kg m**-2 day**-1) (Time-mean total column vertically-integrated moisture divergence flux),avg_slhtf (W m**-2) (Time-mean surface latent heat flux),avg_ishf (W m**-2) (Time-mean surface sensible heat flux),avg_sdirswrf (W m**-2) (Time-mean surface direct short-wave radiation flux),avg_sdlwrf (W m**-2) (Time-mean surface downward long-wave radiation flux),avg_sdswrf (W m**-2) (Time-mean surface downward short-wave radiation flux),avg_sduvrf (W m**-2) (Time-mean surface downward UV radiation flux),avg_snlwrf (W m**-2) (Time-mean surface net long-wave radiation flux),avg_snswrf (W m**-2) (Time-mean surface net short-wave radiation flux),avg_tdswrf (W m**-2) (Time mean top downward short-wave radiation flux),avg_tnlwrf (W m**-2) (Time-mean top net long-wave radiation flux),avg_tnswrf (W m**-2) (Time-mean top net short-wave radiation flux),cbh (m) (Cloud base height),d2m (K) (2 metre dewpoint temperature),t2m (K) (2 metre temperature),hcc ((0 - 1)) (High cloud cover),lcc ((0 - 1)) (Low cloud cover),mcc ((0 - 1)) (Medium cloud cover),tcc ((0 - 1)) (Total cloud cover),tcw (kg m**-2) (Total column water),tcwv (kg m**-2) (Total column vertically-integrated water vapour),tp_mm (mm) (Total precipitation),avg_tprate_W (W m**-2) (Time-mean total precipitation rate),t2m (°C) (2 metre temperature),d2m (°C) (2 metre dewpoint temperature),balanc_earth (W m**-2) (earth_balance),balanc_atmos (W m**-2) (atmospheric_balance),balanc_surface (W m**-2) (surface_balance)
1991-01-01,7.790065672824768,7.790047462909557,-3.9812781024932873,-4.006420819664985,115.23589548903328,23.916944258972936,110.52164673974194,419.45443305795993,199.45803078778513,25.070791043049255,31.133063251991366,-171.00271527246005,438.4363884503495,209.1335162802398,-280.6380991871443,945.9302391279231,296.6921496296525,298.9021069782706,0.8056638926600447,0.27193554736739123,0.35745969928999477,0.88828293089142,54.31879970845952,54.087733988625914,241.4920358575678,225.40646594067007,25.752106978270604,23.5421496296525,71.50458290690449,180.9583410860788,0.7168122724624766
1991-02-01,9.000750429723482,9.000645570866556,-3.9545130345501636,-5.402294256276674,114.46092039274848,25.474004566095154,107.18688619354421,421.00240609775665,199.460232080649,25.125172848858643,30.37654129420118,-170.7962427746319,444.00294399951713,200.85569000851493,-282.1760084019309,929.1144992076239,296.8481067581602,298.94376889544907,0.8537063253915803,0.30455707650772135,0.3263398412009789,0.916305777119589,54.84136910209526,54.57735966438943,252.0210120322575,260.4353463792406,25.79376889544909,23.698106758160236,81.32031839341599,226.80996785832104,0.4847765215870936
1991-03-01,10.273173178702786,10.273124997520146,-3.6694808295695265,-6.6255816876585305,106.21079091799558,21.925878672047645,89.56377890450796,421.9346342184498,181.085444969586,23.058229818887046,27.85139999459146,-155.67934644090872,436.51509664535695,192.38132337786206,-264.99580113881495,845.6411161286675,296.87022279624756,298.74096511732796,0.8744766963672398,0.3288544991413384,0.42818571350704393,0.9342977950534911,56.332444062317755,56.02167657874464,318.46836853978635,297.2547742338005,25.590965117327983,23.720222796247583,72.6144777609529,263.9671842204838,-0.3087231437259703
1991-04-01,10.034899703066097,10.034928520623177,-3.503324194219293,-6.66437369784816,101.40165381714276,21.492230833449653,83.4061214193977,421.10915374471057,172.49112301189686,21.907355410967348,26.734109101239437,-149.0589330757243,411.5136960274652,201.8544650491302,-254.02362065288375,642.5605046279975,296.7103920156789,298.4865638379679,0.8321212343127381,0.44424636750376606,0.3121853824246844,0.9267442731053237,55.20699933088798,54.930540252193566,301.04699109198293,290.362515064328,25.3365638379679,23.56039201567893,52.16915560375355,241.69907752704637,-0.5690606761075543
1991-05-01,9.479289856601905,9.479225022047569,-3.1331468491552705,-6.184880637474598,90.6871897538807,17.744483927530467,76.39770096399404,420.79464894224276,153.62806571364445,19.325275562737875,25.451877189834224,-133.49308461396149,380.5205168766165,215.72524390818754,-232.50064487592175,553.9005285561906,296.7336354033093,298.32808588241835,0.7330318903335004,0.4846714427176405,0.3285641667976091,0.8806373772276952,55.074498444262005,54.78768461303427,293.8579855546591,274.2831314249875,25.178085882418372,23.5836354033093,16.775400967734214,200.76180889612493,-0.3904662572839044
1991-06-01,6.504771057792244,6.504635388889787,-3.1457167015176855,-2.8466846208324883,91.05087432081567,15.766633637108978,80.3048926389461,415.76192209128504,153.2716186201234,18.722798887722547,27.66104953803931,-133.34098538657608,362.46837672202724,236.25444616124074,-230.43809503816567,624.3819796135913,295.9857712968219,297.7636431152427,0.581708275499991,0.48089338792511677,0.2755505911604589,0.8114774915734507,51.943805532133375,51.73886720460567,195.14313173376732,188.21282953963504,24.613643115242724,22.835771296821918,-5.816351123075066,92.48317620513218,-1.1375721093878752
1991-07-01,4.395700922346152,4.39563668545171,-3.4154343873148827,-0.805447824695416,98.85752878405478,22.219635180210915,110.31706421324334,405.01517391045144,180.70504559788284,21.37137967768875,36.405032601170916,-157.38901260975538,369.0244823059997,256.33246669279873,-253.90377759075764,947.870758692279,295.1258608118126,297.48043628081496,0.3839909827958964,0.3764662406286348,0.24655495414702458,0.6457101104905535,45.331375184241296,45.184875142632876,136.26672859273071,127.18856150033885,24.33043628081498,21.975860811812595,-2.4286891020410906,25.995527569924207,-0.0931839556812264
1991-08-01,3.861689699718404,3.861565736507628,-3.6051145096635855,-0.18637391487293936,104.34767692048399,27.98323849978115,119.83243317177786,406.23249158864854,197.26277948668098,23.287198416632627,38.269068973132015,-171.2154850714954,394.99908539086886,263.6231057902912,-274.3917437194652,1163.7494021767745,295.1179409781331,297.9027195938281,0.2344121116439676,0.3449929109114708,0.22738773268011486,0.5730390168902758,43.94802486139028,43.8090534741159,119.71238069127052,111.73511969061424,24.752719593828147,21.96794097813313,10.768637929173963,17.54058002120597,0.6155006780982433
1991-09-01,5.6036889946833135,5.603543167410134,-4.068507010646414,-2.119300285217803,117.76058279310313,26.842134399113686,119.71886969368934,414.89088482866737,208.30266687068973,25.184408645040808,33.545215125711366,-179.12590662809075,422.596915345862,241.97204194702644,-289.055901806675,769.9771896934303,296.38645185462616,298.5513447042726,0.4905340620726173,0.3828675962944427,0.19445905539995248,0.7302864711567113,49.217996882595074,49.062378408959184,168.1106698404994,162.13955924219138,25.401344704272617,23.236451854626182,47.083859859648584,90.48486199857427,0.9779743101625655
1991-10-01,5.863015797971669,5.862961916732756,-4.145630183544338,-1.651628402082117,119.99243290263328,30.0657841026205,126.81668054263918,413.6153772787445,216.42420336432727,26.421197799759355,35.152709295958886,-185.18323930757018,437.39393649228026,233.49160657739932,-294.62742070478004,959.0301719990601,296.30279043327346,298.7578105780794,0.6217500215383922,0.36494740074026066,0.2244137256573904,0.7696193235446325,47.84696357781137,47.658923750061206,181.75348973712175,169.64588879435058,25.60781057807941,23.15279043327348,61.13581412738071,110.8169570127405,-0.027686993642490165
1991-11-01,6.597325367022374,6.597377641681553,-4.064540708651442,-2.8253774687652866,117.64571376292392,27.99354481930391,113.8734096008089,418.78202571043147,209.1467825635207,25.96038584316781,32.00029244580138,-178.54811814040892,437.35370151987314,217.85958221544345,-287.82058008119986,781.2198413836765,296.8254935260492,298.89880407068955,0.7599099369470845,0.3860943795637849,0.2298790724679879,0.8621434239393773,51.81693481427439,51.6282383505889,197.9197610106712,190.89634379865603,25.748804070689573,23.675493526049195,69.96099786575641,142.30306078910883,0.9085671123796999
1991-12-01,7.905254559569993,7.9052347291270975,-3.905264507438271,-4.338853316629615,113.03548096556054,24.343428488013537,101.00595610998897,419.4011071025446,197.33102578242654,24.600667773877863,31.007243230074877,-168.39472702390844,433.96073394276306,208.91176477220412,-277.0281007844854,801.4401158682969,296.8259860333831,298.8398025664245,0.8431742448134959,0.3277967311173962,0.26512821665404346,0.9114488925157743,53.60847163237757,53.395435055080284,245.0628913466698,228.7394308196498,25.689802566424532,23.67598603338314,68.11633601228127,183.81171152611105,0.00857434025948578
1992-01-01,6.736657207761173,6.736581286121839,-4.068442152886162,-2.72044644940319,117.75864250400731,28.08084298217662,119.25202968963532,419.23612030233784,210.54825382735106,26.02258974943659,33.21489898604259,-180.22608210335179,438.3313142602606,218.8712881618599,-288.28349038255334,997.7844506706941,296.85199517615126,299.0922179312824,0.8082898475618578,0.28287651459606356,0.30751906962744857,0.8918450971879576,53.002781635731736,52.81408156794166,208.83637344059636,194.92422702898838,25.942217931282414,23.701995176151286,69.41220222069344,145.40608911454925,1.1716976311252694
1992-02-01,9.725503671081823,9.725441644609015,-3.7596244147662903,-6.21388999802957,108.81999559140274,24.09206638446818,94.73401973941691,421.4524514998075,189.23567346445424,23.829609984334446,29.724282126087147,-161.80672679833506,443.9285684020931,197.64769278373367,-271.7552483875912,1035.703726637357,296.8691951525227,298.9434306673444,0.860118574241078,0.3170724992250441,0.3814511540653525,0.9189528464399175,54.79199621391914,54.48917480927978,282.03960646137284,281.4074549944738,25.79343066734441,23.71919515252273,74.10755560385755,247.52463231055165,-0.8296173036230243
1992-03-01,10.365818390351265,10.365623367480591,-3.702543736180029,-6.573270769453777,107.168038418733,22.94276254543677,90.94300921371372,422.65763868297245,184.49867030010677,23.395013979243068,27.97385619021291,-158.41930248046506,436.04602316821945,203.28163491400275,-267.47038025390157,872.4268836555879,296.92660607587305,298.829632785194,0.826360913528869,0.3536006663585755,0.3899847940242256,0.9028852422880189,56.301676142620295,56.00569807793379,321.34037010088923,299.93123169793375,25.67963278519403,23.776606075873076,64.18874533989882,256.61729329301716,0.33464532608238073
1992-04-01,8.241470592428843,8.241444856638422,-3.613887165293367,-4.631980825144702,104.60162465777309,21.973011356212538,90.50399926948214,422.0130067389869,179.7941244596414,22.614022535815604,28.417099784243206,-155.2998597004301,410.6996559971606,211.46526005095225,-259.37364525469144,746.1847664055318,296.9730354212905,298.83491465214416,0.8235090643473686,0.36988677579904816,0.29681080557620276,0.9003055437047413,55.57877770997693,55.35460462770607,247.2441177728653,238.4677331203247,25.684914652144187,23.823035421290513,47.908385203739186,181.46636976408956,0.3081239022012596
1992-05-01,6.009075912522303,6.008925659364122,-3.596654852035328,-2.6817309860482874,104.10302420362373,24.19006052966172,104.43104054788479,419.875462608703,183.67849706180846,22.42635253011901,31.620790163683218,-159.5321974759423,379.803184136608,234.79983289755626,-256.8916997966212,792.6007396286476,297.0348383236574,299.062518035061,0.6988177859973278,0.359789481430855,0.18669886248858455,0.8269768456402042,52.01517829233009,51.861818502458156,186.2813532881914,173.86937671771187,25.912518035060998,23.884838323657448,22.09186689906494,92.23989683417945,-0.38167742102636737
1992-06-01,4.567606203799264,4.567408509452561,-3.3791605563018616,-0.9370713975570841,97.80767839977875,22.394252864361174,102.7229737760334,413.0917921066688,174.16357656796538,20.916922513500595,32.550950576540046,-151.53430056251764,362.28184105984974,257.2291245681638,-247.03826330187297,645.3898768672425,296.21506941077365,298.1439761795463,0.3618465164688708,0.41248913209023236,0.20506192049804609,0.6772727117627533,48.05854465739518,47.91349444508117,137.02818611397794,132.1588110374005,24.993976179546337,23.065069410773674,-10.190861266290824,25.378852649493254,-1.2185812781623326
1992-07-01,4.340490925774055,4.34034245582525,-3.4076512690915504,-0.46404788694213667,98.6322326660443,21.14429737364564,103.63771566740944,402.9936222881123,175.83865759245523,20.870445986026752,34.91049370997667,-153.10219354289043,369.4449814879735,259.28513344412875,-250.61616419805793,791.8957053339135,294.57838352229624,296.8289355059723,0.2512886349541507,0.42989741066305986,0.22028324040568173,0.6175047003151232,44.51527741360103,44.36219081308107,134.5552186989957,125.58861272642505,23.678935505972333,21.428383522296258,-8.668969246070816,19.87224102108611,-1.584830206776175
1992-08-01,5.086532120771486,5.086479921831503,-3.6550828309068653,-1.5280948665487615,105.79408836006276,25.206946734645676,110.0402272651389,409.81809975051215,190.75582208873277,22.75680748197803,33.9608741111388,-165.59120760613416,395.6933712449544,244.15032393224465,-270.9714992399138,812.6674098352388,295.5559341479031,297.76818866530704,0.48682865503907924,0.40239658600067235,0.23183502391612112,0.7326732124594516,47.09261280221684,46.93706115973814,157.68249574391606,147.1782384789208,24.61818866530706,22.40593414790311,26.821175307669137,67.57602702624024,0.6292984002869417
1992-09-01,6.155304064350324,6.1552669296860705,-3.9385981119985076,-2.4701893089455105,114.0003451794273,23.833439604122074,106.75911872048572,414.62399164130727,195.7464996357434,24.02439119236764,30.653730323346775,-168.34296693463654,423.11337447932675,233.72119805146068,-280.21013837288353,608.0690125487811,296.1271389488276,298.0841157564233,0.6184464081463988,0.4554342658082517,0.2102891570873235,0.8175041154207174,48.91537158520047,48.73744555014221,184.65912193050974,178.10378847471267,24.934115756423296,22.977138948827644,46.48894032142286,110.73693178896784,-0.14454817225960426
1992-10-01,5.415910648021966,5.415825910644132,-4.349578628263511,-1.6628109020932884,125.89603759584003,31.37190629966887,140.36645980424348,416.2433267752847,225.83487160819726,27.6683027478985,34.71540218461024,-193.4777408393308,437.4997888883407,235.7316485844684,-304.21917940726036,874.5071635648387,296.4984448671496,298.7480075813077,0.6562285158886522,0.3542440148514341,0.20365713285017126,0.8060115004394877,49.518521257727464,49.365864955543444,167.89323008868095,156.70792565521216,25.59800758130774,23.348444867149624,68.48753082279197,97.80502412295243,1.4943947592116729
1992-11-01,6.928429017178406,6.9283548965711645,-4.063034346220614,-3.198677037635075,117.60190100981723,27.285981101062184,115.60224381446021,417.1196987728302,206.93952084098495,25.808856499594896,31.836289841405,-176.75556131463242,437.19488175433713,214.17336097692433,-286.9315878731887,882.0727348743785,296.43380232573685,298.619955798879,0.7661326588882154,0.37750650424565557,0.2625819028503788,0.8684330074386188,52.07690446528355,51.87427187484371,207.85287051535218,200.4732319609712,25.469955798879027,23.283802325736872,72.75822689626435,155.59816848507032,0.031389362347994165
1992-12-01,8.755639046307746,8.75554417971834,-3.7431635032347503,-5.187155480637516,108.3433422088765,23.544083699895534,96.8163152911707,419.2107131435877,189.0294871671002,23.797502463352767,29.441040856305253,-161.50315279217213,433.91381809383734,204.09042345612045,-270.564011034786,835.2238241753588,296.64178415754486,298.56949329602566,0.8305594267857425,0.34423386579226917,0.3556428495534787,0.9061993931154892,54.011232275703925,53.75218102274678,271.4248104355401,253.34329223722048,25.419493296025678,23.491784157544885,66.47358757866556,211.2988515799147,0.17468602709483605
1993-01-01,10.148758414573697,10.148667278998701,-3.7365262372778303,-6.600140837609981,108.15128511833808,22.61253328059409,92.01545571916537,417.4541069581357,186.43918872798955,23.612549834587842,29.11713615540048,-159.68360719871782,438.43251356309503,201.67393637762865,-269.14675795191897,738.1657432590499,296.3778002430176,298.14703312699436,0.8339227345436172,0.3429108202438831,0.37420556105457564,0.9189001416569598,53.42511519959347,53.15959940506185,314.6115108517846,293.65356710065686,24.99703312699438,23.22780024301761,67.47282157429032,253.17245091222395,-0.19734735561483774
1993-02-01,10.208385121521665,10.208424216442573,-3.713014424399521,-6.669733762188655,107.47069695550529,23.830614089035578,92.53230581988896,418.4844450513412,187.27861715118843,23.624853130315717,28.972808707420686,-160.2063197583165,443.88803235965065,195.28363555866696,-271.0575957146382,786.0023577635341,296.46476251476173,298.3857480086227,0.8682707521862619,0.35955891377845706,0.3685328285536097,0.9264350198289648,53.43423559414033,53.12332362736991,285.8347834026066,295.3826451516948,25.23574800862275,23.314762514761753,75.77396015597122,263.75370834580576,-0.06779999364503908
1993-03-01,11.414419425842523,11.414359442812732,-3.489941769546405,-7.691040694460302,101.01401283464399,22.29947231083538,80.99295458736228,418.3340908195842,174.9863926215368,22.36449227572742,27.1872365133356,-150.29383077091458,436.0998519675647,191.6087681303699,-258.97609963039207,796.6158528591667,296.45577749071504,298.17401772305146,0.8913337790283257,0.3857591126505464,0.46442725201794166,0.9485414349219856,54.13123655764253,53.776562364071104,353.8470022011182,330.2766042480536,25.024017723051486,23.30577749071506,67.36733150002217,296.8368138013322,-0.20689088790038568
1993-04-01,10.59582583814707,10.59576820772084,-3.3844850004644575,-7.150845090688862,97.96172048844213,20.46893600068619,80.191469925977,420.34951908125635,167.14467124076387,21.384428529178535,26.25930807636013,-144.46353282349483,410.86813537812117,198.78961578757765,-247.9523360206465,714.8448217354756,296.69778161864895,298.38066192309634,0.841309871393669,0.4001175779067673,0.42415800101976986,0.9254875960250059,55.816907266638054,55.50478436012579,317.87477514441207,306.5905152697002,25.230661923096363,23.54778161864897,49.16272023306885,258.0179467563205,-0.22643174199360772
1993-05-01,6.2358195587315866,6.235689362458996,-3.479436119481812,-2.7941151295379534,100.71031442181807,21.96878213846549,102.82754690141277,417.44734456111155,176.05280073382323,21.77832093104916,30.357019853220898,-153.03616216991475,379.94512487872476,232.47129729606672,-251.08654388733862,834.9631213376703,296.3296316888484,298.38477183400244,0.6450760156173154,0.38021926459594113,0.25888600475837387,0.8055954607681978,52.457564448456225,52.26798365197273,193.3104063206792,180.4308264600404,25.23477183400246,23.179631688848417,18.615246591271898,98.33571287308393,4.57564103015784e-05
1993-06-01,6.0227397322615435,6.0225692968604845,-3.2671394745215103,-2.8529966613659195,94.5652025080237,18.481875546283245,93.94698266682457,413.0175563291439,164.33714479394402,19.91331198137284,30.465078686156048,-142.983111976559,362.2554132589416,249.971670012561,-239.56266135332964,720.0689501369307,295.8576580348446,297.8343331039264,0.4485748900668123,0.4420076499075747,0.2570574048813049,0.7388224903529409,49.310891791816125,49.13347361878489,180.6821919678463,174.26415789526865,24.684333103926406,22.7076580348446,-10.409008659231347,69.8189914919176,-0.5290447639039968
1993-07-01,4.493857864342422,4.493720907660227,-3.43817102655472,-0.43595251099662224,99.51594106434753,22.50302240097439,107.04648369456673,407.36215656104656,176.2986126883056,21.165465799177625,33.09258163251838,-153.66814932909662,369.222661152329,255.05268898194305,-251.73042416628414,859.8381524750833,294.9938622200556,297.35769350991393,0.36816348081745237,0.4221897610713548,0.2403381960184195,0.6879954331171774,46.47719636671056,46.32435376596294,139.30959379461507,130.0266466336871,24.207693509913952,21.8438622200556,-3.3222648156589116,28.631836522424337,-1.4433957687436703
1993-08-01,4.909651008780328,4.9096050995849225,-3.7433125350354604,-1.5171479052926173,108.34765656645406,24.071669473251525,117.59067454508772,407.48308784530036,193.72295840227977,23.017695744191617,34.62588819915734,-168.287453263649,395.37673610879017,253.44021104397268,-273.7533285830014,935.2251519183138,295.1940142596895,297.59479771332695,0.37391141393369604,0.40063942784745654,0.21884662809199298,0.6681276166663092,45.93283468728391,45.785634155502294,152.19918127219017,142.06033274261927,24.444797713326977,22.044014259689504,20.313117539028724,52.78355469040784,1.2422390247860875
1993-09-01,5.705134569886749,5.7050754904612875,-4.1086461473226334,-1.7982963169476935,118.92234852131544,28.220354549489524,128.37250504389795,414.09799117535977,211.3478078805114,25.748117590604014,33.6844146397627,-181.9346356936611,422.84673279768657,236.01255536249082,-292.3538822362572,836.3075863779578,296.18584010280034,298.43796863629615,0.6179673436107738,0.38172757310080824,0.1897953860500637,0.7794239433323551,48.49601720806587,48.32955343051254,171.15403709660245,165.07741581195856,25.28796863629617,23.035840102800364,56.341326873766405,101.38887618131609,1.1075179830934303
1993-10-01,6.847093308447249,6.847036045941111,-4.177945273388251,-3.1148205984152675,120.92817787452363,27.799999219839037,124.27612755125617,417.9133665389546,212.4509169464917,26.280323299958308,32.46583025712411,-182.01862210434783,437.3603441956111,223.11265297860882,-293.74594750996295,826.8480637117233,296.60870070565943,298.70844812829085,0.7030823800900345,0.35853807089750017,0.25753029897798313,0.8338063029096655,51.62813395782837,51.436610160344294,212.25989256186472,198.1202559589442,25.558448128290877,23.458700705659453,70.63329453135412,147.00075786291364,0.8246147528610521
1993-11-01,8.82997231522776,8.829973783819954,-3.846945672779366,-4.93810612721735,111.3472855797811,22.90754994087097,97.2684895783645,420.4798083995135,191.03441141520514,24.026267515728755,28.603434986239662,-163.23205556328793,437.1402499466941,200.7960996780914,-273.9829885334135,793.9693009855581,296.79109041458065,298.6304722189257,0.8500212129872408,0.3950375343969163,0.34989001571664496,0.9141617445585896,54.318396240366404,54.05032573403391,264.8991694568328,255.4969266151607,25.48047221892574,23.641090414580674,73.18688885532211,216.96274483430554,0.3737850563961729
1993-12-01,8.893255404345156,8.893183376184554,-3.8332159294117027,-5.481077642010497,110.9499345910086,22.87255812588996,102.43351382494484,420.42823928259185,191.51148706400915,24.09451210204705,29.60819000429571,-163.70536382163831,433.82559647508447,208.67942087736662,-273.01323752163927,830.9877007391161,296.90664293018943,298.8569862616726,0.8083514342386163,0.31888697607212246,0.37663455373589205,0.9007515939687515,55.58996827367438,55.34193946377734,275.69091753469985,257.32590787571047,25.706986261672625,23.756642930189457,64.33381664427264,210.43510882853047,0.2746811004440417
1994-01-01,9.699264977882093,9.69919081337336,-3.6532635095150225,-5.825655160623961,105.74130763417479,21.68325905892652,89.80478995197196,419.2534933296206,181.54967363889858,23.11978951622518,28.34580216711544,-155.48683309717438,438.29840627186553,197.467003621492,-264.4829473196697,833.2839494669034,296.63358558381356,298.4027161509418,0.8489266930602292,0.33545210410518006,0.44949736195695805,0.9333876417211572,54.8540144041143,54.56019044202649,300.6772143143449,280.64788233140507,25.252716150941808,23.48358558381358,67.01594369817767,242.2060541584503,-0.28353576304236583
1994-02-01,10.902897556305126,10.902836795498782,-3.59475119026018,-7.27906531683921,104.04805392613898,21.643524196097356,83.47428798348766,418.64886843861234,178.62347804484517,22.759111757435154,27.305497110618443,-152.82161580566824,443.8082834693745,194.81261437504622,-263.8980968220928,795.2050714266544,296.5495636826176,298.29206047002936,0.8560177992291089,0.3666630403932257,0.45964861560049314,0.9355075468638847,54.694596332892,54.369934907811725,305.28113157654354,315.4756017216083,25.142060470029378,23.39956368261761,69.08548244704656,280.68848966970245,-0.17545942718653862
1994-03-01,9.812968295358953,9.81296706079017,-3.702954098031662,-6.058843510481481,107.1801692172085,24.727067135782498,95.11046790393014,419.17125986553236,187.31270071409972,23.740118880485756,29.087636982322,-160.90132925757374,436.16566024412856,198.23595998565668,-269.99474030546867,874.2189926861954,296.7429766835146,298.64606958713244,0.8551675203810395,0.3566909269033731,0.38554242707530545,0.9252809338951545,54.06359037109984,53.76889965154268,304.20201715612757,283.94001912008594,25.496069587132467,23.59297668351462,71.75878031981199,248.6121743004287,-0.0935440777392813
1994-04-01,10.578867498281783,10.578834538029508,-3.30968890465439,-7.099633850851081,95.79697856732967,20.23634102247252,73.7909552006764,420.6699320209339,162.94111572606027,20.86013162594838,25.2974620797954,-140.79344108360635,411.0489678224378,194.5663539314906,-244.85109611814093,609.8520560837171,296.71916916159165,298.399968579169,0.8811154210500062,0.457345098558922,0.39455766657298535,0.9499633624908004,55.18627335204324,54.86604283313001,317.36602494845346,306.1005364013168,25.249968579169035,23.569169161591674,50.284742186650334,261.1256406066287,-0.537340585991231
1994-05-01,8.243320669780402,8.24327074679787,-3.279065051704591,-5.10192713515132,94.9103499553065,18.49597326251385,81.15480526904639,418.5060037967401,161.13458468946632,20.155043829164587,27.05115049977225,-139.97315458778178,380.099934632069,221.42818306659922,-239.26079150912048,546.3156174953488,296.63105702718497,298.40162070645613,0.6900678337788175,0.4561272436874035,0.2761460935272514,0.860569633152258,53.332177723980585,53.10993958472808,255.54294076319246,238.52056559021614,25.25162070645615,23.48105702718499,17.832608442521263,161.92714320724173,-0.48431912981082803
1994-06-01,7.932059209261155,7.931901729417744,-3.094088367515676,-4.454414570270502,89.55639113212527,16.238266362472224,74.92348128485501,412.46997757632016,149.45276786567467,18.404568180005086,26.651897240581565,-130.0386733752221,362.2422131227358,228.99223469982297,-226.8549099891317,626.4702978827255,295.635759534731,297.403087874282,0.5822054118863458,0.5092472576845294,0.29454121114028037,0.8314854740506807,50.70493345480462,50.472399905691006,237.96177627783464,229.51104541139307,24.253087874282016,22.485759534731017,-2.1373247106912743,140.2252109285335,-2.407881359956974
1994-07-01,4.699075257452532,4.698928837123603,-3.3254572344537894,-0.6615254221750909,96.25317583725788,19.978813726238297,99.10910900793158,406.6190560878837,169.74863899315665,20.39666337138253,31.718549024241987,-147.89889764122736,369.0126957978472,251.55151560126038,-246.20211773036758,727.9983019148962,295.21944931934473,297.38859613928116,0.40491504495815095,0.47742827547431504,0.24264914131955614,0.7274004203193928,45.511383793253195,45.34374606818808,145.67133298102848,135.96437607417835,24.238596139281185,22.069449319344756,-5.349397870892801,34.41344331253846,-0.0516409465108012
1994-08-01,4.910649331151606,4.910563753537248,-3.7512631450651575,-1.3530901601877476,108.57815207349765,28.077084153881522,123.47288550349117,410.3648912842062,198.7437585341311,23.648093699020993,35.144340027200094,-172.67659451008444,395.07225537632206,253.15313898167088,-278.10234310200644,885.1451485827893,295.87889743475625,298.3097912525442,0.40141979439626385,0.4097911468062578,0.19386807457477978,0.6863792094286295,45.75989634568697,45.60358115024428,152.2301292656998,142.08807157225834,25.15979125254421,22.728897434756277,24.949204120335565,57.58210536359107,0.8770182555051917
1994-09-01,6.308593180788784,6.3085041618515065,-4.046642168391457,-2.5484463263838713,117.12766058009282,27.103606964650265,121.75182819828957,416.6522068717298,206.67826329125245,25.251228958749127,32.61907351959132,-177.96378227968842,422.5921913300706,229.4242921236846,-288.7425091582378,801.5956967886473,296.45629396045484,298.66636889380067,0.6404236398130729,0.36667910477719895,0.22809595547218772,0.8015799271547563,50.45238237836982,50.27365944419408,189.2577954236635,182.5377361646848,25.51636889380069,23.306293960454866,59.318217034553186,123.61485140379115,1.1134412153540012
1994-10-01,6.433090718552463,6.433049859170928,-4.223925187519131,-2.445480524496597,122.25874240133355,28.13069210564023,127.31651519821443,417.59492712134465,215.31298690988314,26.563733860616573,33.179957035121284,-184.44978773501515,437.23302776189325,216.77788826403935,-295.9874860604841,824.685962105251,296.70267789668856,299.03809463439717,0.7797242958005748,0.3648726006827738,0.18221684049389775,0.8584229536140223,50.214968576327784,50.02231279417967,199.42581227512636,186.14148898064025,25.88809463439719,23.55267789668858,79.20959779644477,142.21194818283138,0.8803961929200881
1994-11-01,8.05491454343516,8.054854821203179,-4.03023379022396,-4.203801857654189,116.65262009806675,26.32088089888169,116.97823278934777,418.8822769374557,204.1532519853641,25.503809441209796,31.526959358488593,-174.5824985361449,437.0985338142897,209.39076707115504,-284.4309373754434,889.9599269662999,296.77072754191255,298.97506932210496,0.817816634783318,0.33979818606482076,0.2720846271633937,0.8866267481008383,52.48708874016493,52.2469651803231,241.6474363030548,233.06871589129568,25.82506932210498,23.620727541912572,75.04017030428838,191.37422791680945,0.08203818070786895
1994-12-01,8.220587029047925,8.220511615773663,-3.9070617462909603,-4.656632874902155,113.08743204052567,24.309908550721584,108.41287421984136,420.787236189319,196.70191615326763,24.734938454924066,30.038968539287833,-168.20627880599733,433.7520096481757,208.75462220092894,-277.6100634687879,777.7921595296536,296.85554712947845,298.96201016799705,0.8181025330532702,0.3385273694337151,0.3099625005637882,0.8995475405786716,54.63382518655815,54.39586623430911,254.83819790048568,237.8620259193768,25.812010167997073,23.705547129478475,68.85544126785899,192.86006547124788,0.7699696754622494
1995-01-01,6.793186550994604,6.793150039729188,-4.099401091964095,-2.049823489680916,118.65463239712075,27.71470675490696,131.00126365106127,417.3672226518649,211.45312014204143,26.346073498748876,34.47323524567649,-181.34851478641033,438.20759906921666,225.56990905601057,-289.5354618584854,1123.487621023235,296.5077358536994,299.1405564001929,0.7013394845830898,0.25445997757918976,0.36840520900635915,0.8229886079173789,52.20174091851483,51.991120117372404,210.58878308083274,196.56105439031214,25.99055640019293,23.35773585369941,63.96555280247483,141.36603440696007,0.5059403887061507
1995-02-01,7.369060199005273,7.3690075904254675,-4.005535688204665,-3.06502612074128,115.93798613686714,26.082835116149088,115.71208557650588,419.043180430931,204.46683673399443,25.609775152996562,33.25701965008059,-175.17302227946146,443.77125350097583,205.25804021322062,-284.8422667345001,1343.0391325749524,296.71250043337403,299.21233151453947,0.7931875148008404,0.22850984003195365,0.3620837501216636,0.8734735194953677,53.11878696328518,52.85072111417222,206.33368557214763,213.22359925999615,26.062331514539494,23.562500433374055,79.58422652127945,176.9746582680438,-0.10481862363535299
1995-03-01,9.980545409365607,9.980462734431502,-3.7947511198649364,-6.062349929099305,109.83681178577922,25.37400683459727,99.27698217258968,421.26571177859125,191.1619782112627,24.2618940058826,28.683644748155967,-164.31570652253313,436.27313928064956,197.02453040394383,-273.9548451490442,917.8477386672937,296.91231335443024,298.87505615078203,0.8520327925475175,0.36040413269139926,0.34704440900002437,0.917020443117407,55.40064272476936,55.10652133253808,309.3969076903338,288.78653745461526,25.725056150782052,23.762313354430262,76.93031474510039,255.45879725993575,0.4212431540006918
1995-04-01,9.021983436767647,9.021888149734135,-3.518457235156227,-5.172105303249073,101.83948477077844,20.424045339585707,89.05714418571998,421.417593810259,171.78254762475757,21.83030995582951,26.855860372604305,-148.52469148801555,411.2695803445347,209.6483930015238,-252.93945013240142,877.8357682479599,296.5749379176607,298.5920432352394,0.7783813437787619,0.4098875565773338,0.41517744964316444,0.9071788564894163,56.55012243839267,56.24503284077675,270.6595031030294,261.05000433258493,25.442043235239396,23.424937917660714,43.29105713087762,203.096275687637,-0.5946989949528927
1995-05-01,8.876315968086248,8.876300819318132,-3.2331991793160406,-5.4807213107717505,93.58281526672089,17.14574124035067,80.53666521076151,418.0572522469247,156.6547620399725,19.67229604874078,26.78700649474992,-136.1044034753276,380.2927006406892,215.96795174052934,-234.5937743744061,648.4961306723309,296.3720866760787,298.1824735113973,0.7144412042332585,0.4416023206118201,0.3451745333441734,0.8611845056172919,54.28022326858393,54.02106777309835,275.16579501067366,256.83740796638114,25.032473511397313,23.22208667607873,18.625822633876766,183.2915748600309,-1.4111595264938899
1995-06-01,5.624252456872208,5.6241263681813205,-3.207095600855859,-2.0820650949566915,92.82740459345996,18.60208221315704,92.01932173626699,413.2519115088505,162.42915594126518,19.77969759818889,30.609481863163257,-141.3598723357007,362.2674287416206,238.83960355583497,-237.4432352846088,751.2390739366796,295.9769631686135,297.969727316444,0.5567975126774587,0.43073048597019936,0.27975973956270794,0.7753451887172327,49.793802801057254,49.610209114666496,168.72757370616623,162.7351379682095,24.819727316444016,22.82696316861353,-1.39636827122618,69.19046143760292,-0.6790963340795599
1995-07-01,3.919318861183945,3.9192918683280187,-3.433987213558386,0.18815628709579404,99.39463786382564,26.968599320053922,115.8149907178134,410.3070404603581,184.91275762329255,22.1664543998677,34.55819614396667,-161.20055525643272,368.8404498276536,257.0286240734296,-258.96744836653147,725.3851463610018,296.0191394030223,298.27688136323246,0.36448584411216745,0.42445054415410516,0.21104374833521314,0.6713655628125499,46.06751048552895,45.93171997064354,121.4988846967023,113.40543600486164,25.126881363232485,22.869139403022302,1.9388242931018453,15.67050050555136,0.2791219285864912
1995-08-01,3.1081330951216395,3.1080339610082772,-3.7918026043444697,1.1866692250462543,109.75156591150463,33.97056404223751,145.44831979659352,411.3716153975802,212.8386863606641,25.097461279322882,40.100363956966866,-185.13100969369592,394.80661310321443,265.48780997856176,-288.6052860693775,1165.7436917540124,296.035750637907,299.171887428197,0.31110060021181735,0.3043573163914783,0.17579861246561654,0.5744420150752986,44.857799736409646,44.739478093826726,96.35212594877082,89.93153822361914,26.021887428197033,22.885750637906995,23.117476090815728,1.9889326199433413,1.3085157829869019
1995-09-01,5.385211498035808,5.385119768917896,-4.1418782868417905,-1.526547243807119,119.88394555178519,32.101698979384146,140.0995923096701,415.8915185271244,218.3833553512732,26.48112382416998,35.71848841122433,-188.16488584052186,422.3773782288941,239.86918675731414,-297.7203044916049,1027.2714050884558,296.4234888659471,299.0647307397708,0.5629558284881008,0.35081176010477483,0.18427577461304998,0.7502783857537385,48.80520853523942,48.64717905514765,161.55634494107426,155.81943775804098,25.914730739770846,23.273488865947115,57.85111773429077,93.32585704241836,0.46075289812819165
1995-10-01,5.274821686581447,5.27482583444211,-4.193831703487815,-0.9291788329627375,121.38801079265245,33.84627242556145,142.83570708701788,418.24834264466205,223.3076252590034,27.50904192381208,35.59993310488108,-191.48182134730675,437.147640165536,229.54991259620698,-302.12026310981105,1139.2397303779985,296.7054170944264,299.3912030853893,0.6637919671731145,0.3072753457996194,0.22568590001809902,0.788065073778733,50.49757619984898,50.3149549483966,163.51947228402486,152.6280623391814,26.241203085389316,23.555417094426446,72.57035051360407,103.16279703592126,0.6476050242117708
1995-11-01,7.909616755629118,7.90958224086971,-3.9513945014024223,-3.8830455087313216,114.37082018071823,25.443106532642595,109.87781361664203,419.79691554942735,199.70840832732466,25.099468841433925,30.650680014989074,-170.72606154212278,437.099752075634,208.59096995909405,-280.9575293746583,883.109550116573,296.7971222447181,298.83398484854513,0.8075426320137199,0.3575289956573143,0.32274136367201606,0.8906632542537467,53.77701003882891,53.52162155822565,237.28850266887355,228.86522687701708,25.68398484854515,23.647122244718105,72.36655941556424,186.5995112980902,0.26145481377290025
1995-12-01,8.874138984920727,8.874108383178884,-3.8698461569558376,-5.025798033616699,112.01022786750939,25.9034272269664,107.4380198407512,418.7756735590048,197.15731461766302,24.787521523026545,30.677045636639573,-168.46543645735122,433.7209652056724,206.19653788125333,-277.39055565016724,852.1683959148672,296.65163111328764,298.62175814518787,0.8076221232480552,0.3417142598847951,0.3434165180098793,0.8963273168409933,53.76939517631784,53.51643555465071,275.09830853254255,256.7739694206853,25.47175814518789,23.501631113287658,71.19401776891391,216.083023595854,-0.12526427376414517
1996-01-01,8.400331288167965,8.400257575359179,-3.7861176533123513,-4.451191738382773,109.58709028114329,24.506961212950152,99.99525727779096,416.682211765506,192.0581543405973,24.30343284956134,30.928401907213754,-164.513368813284,438.12070511655816,198.72396715543024,-273.1575368438586,933.2560528569471,296.4165437270217,298.3899656696089,0.8459268989405515,0.30364238738022814,0.40476785186701825,0.9207476894849416,53.01736790602416,52.75096222440564,260.4102699332069,243.06300854627253,25.23996566960892,23.266543727021713,74.43356968842838,208.41857254158083,-0.5090845880232138
1996-02-01,9.60327152503329,9.603246986049472,-3.825086341921501,-5.746324751276104,110.71480515074279,26.81642796609642,103.12210434475593,417.6654243326575,195.92520363672185,24.83917519200675,29.8243098836826,-167.63911774413896,443.71448105320724,203.48121532757904,-278.67066216683486,850.6722357681432,296.42298706263523,298.36459717792604,0.8139902267831599,0.3514763674629066,0.3867877010607969,0.9009751139099119,53.61385151132283,53.34149849107212,278.49487422596536,277.871729920413,25.214597177926066,23.272987062635252,75.18944683925582,242.06279686530885,0.2835747436171516
1996-03-01,9.894354308417658,9.894200875302325,-3.674668776156082,-6.115486874098602,106.36123968905385,24.523402396700686,92.16799439757834,420.69355246095415,185.24062564446632,23.52906869304266,28.309771585164302,-159.23181789036784,435.8215076209798,192.83703699226157,-268.3798891683183,866.0119998500327,296.71808761677147,298.5941462175522,0.8818606438605735,0.3685643001504277,0.3929794252136774,0.9357497799187122,55.08642393787563,54.78056717815532,306.7249835609474,286.2905345862941,25.444146217552202,23.568087616771493,75.54285217605673,255.43474285384795,0.03740421944900163
1996-04-01,9.564034912743441,9.564045512096994,-3.433893961580452,-5.7832169769585455,99.39201557355325,21.284781437320387,85.144856139685,419.58936639240454,170.15809346496755,21.61572727141357,27.105707589616426,-147.1138727573966,410.4727048111225,202.84773156765064,-250.53475578766458,749.8517705774238,296.63475213515727,298.4085222403567,0.8044316073583234,0.4006374787465944,0.42146282041024663,0.9132082811724964,55.405169891441076,55.10953101099617,286.92104738230324,276.7374280120658,25.25852224035674,23.484752135157294,47.68702422001394,225.70106850161994,-0.668631843093479
1996-05-01,8.815447467556421,8.815345488554883,-3.170693445262488,-5.467005462706738,91.77382146574764,18.738683706760433,75.57517242610223,419.1645151021744,156.36913665463,19.700604707459814,25.966610993913307,-135.83970959330253,379.59132913758026,211.09703326056086,-234.4897848526749,493.7824111762484,296.6287406876696,298.23797745789307,0.7780628692296507,0.47493225919393495,0.32741329139140485,0.9003210541561246,54.16897842955205,53.927572891257086,273.2788714942491,255.07365418272232,25.08797745789309,23.478740687669642,23.392751592114024,187.33199088220755,-0.6394065731188476
1996-06-01,5.888948331560461,5.888836889481934,-3.1186007363897987,-2.0291183978274168,90.26604113798358,17.504967898589097,84.50112285906324,411.2305234832859,154.51922481239924,18.79724205257713,28.866494517489816,-134.44121582136177,362.0954630008747,241.7479465998159,-230.7965560175008,728.9482196566777,295.09582819117867,297.159548541318,0.4842548234661528,0.4755556459794555,0.3332184432512892,0.7795210447402012,49.778482385536854,49.56648544690816,176.66844994681384,170.39458592250966,24.009548541317997,21.94582819117869,-10.9513905823151,71.37344193491171,-2.196287732700725
1996-07-01,4.151024422350318,4.1510100472046165,-3.3715108804922194,-0.7812123833920359,97.58652906716334,23.7699585433082,118.25337741111291,404.1855335952173,183.3245393303967,21.74453875365114,37.78341722810112,-159.81214313078812,369.27653855004496,255.07833749506185,-256.15192490111787,1103.1932113788282,294.9876423378787,297.8026195655543,0.32792860574774507,0.34291993007035915,0.2524697977817083,0.6119902034852296,44.477805930396805,44.332313971541026,128.68175709285987,120.11024442142987,24.652619565554346,21.83764233787872,1.0735874060560207,22.925064468107095,0.6722382922154537
1996-08-01,5.177141013472295,5.17713718761381,-3.716793889150029,-1.8559679232534196,107.58007819815025,27.481859136980415,116.24518460146699,412.7326297879833,194.96781796773166,23.40127708046199,33.686077849684075,-169.3849062128522,395.51690746725916,246.50451708152528,-276.1043234089085,703.5504459974022,296.12475864613043,298.33279177977965,0.4908783210853309,0.4167430072353235,0.18321932380228612,0.737324770489382,47.43663789552196,47.290495689961205,160.49137141764115,149.80142325271441,25.182791779779677,22.974758646130454,29.59980632738322,71.18426035390992,0.6368910280374678
1996-09-01,5.698581948728738,5.6984472545408105,-4.074841517721166,-1.8186389708138049,117.94371855152413,28.593101111827643,127.36759823642754,414.9895808063383,210.22116144605292,25.532342862178705,33.85858054348252,-181.02534543730982,422.91038789575185,233.84325384344544,-291.7666707695385,863.6418981079676,296.3372632619045,298.68080806596043,0.7031195885141114,0.3763457804686093,0.18793454530015963,0.8316056425082254,48.99714360850264,48.830226832088314,170.95745846186213,164.88562657814845,25.530808065960457,23.187263261904548,57.92341692609307,104.23537972224187,0.6299452304755135
1996-10-01,6.5007799767739485,6.500730110568978,-4.132656317572679,-2.560156136168954,119.61723303263005,29.943151551807876,124.4345491803125,418.3324212280468,213.34257590653212,26.501888590619924,32.155278355802025,-182.77509284377675,437.27088699476815,219.5050928571521,-294.84312185490626,809.6750057239078,296.65921681280383,298.809958520348,0.7682045167272562,0.3947074182690681,0.23316522467463124,0.8719748118206921,51.586632761567486,51.3979091635449,201.5241792799924,188.09982958822275,25.659958520348027,23.509216812803857,75.33802899775415,142.76119564981002,1.0594299035368095
1996-11-01,6.926901328358932,6.926824861974266,-4.073053520072936,-3.2874688971445316,117.8917644332274,26.676094509126358,115.88932026446214,418.7869224353193,206.44747218436024,25.7643131071869,31.707600516932278,-176.44274601947123,436.9589570703537,212.07279714195678,-287.2454002605668,802.0316314022753,296.7887794978702,298.8660990964739,0.8271371937093734,0.3686336485371832,0.22233125081020863,0.9024576609377442,52.38053030419212,52.170369665425284,207.80703985076795,200.4289601265702,25.716099096473897,23.638779497870246,75.17260311861,157.5425122517676,0.16728656018520383
1996-12-01,7.598470522950489,7.598421454371578,-3.97885876826871,-3.520057856185974,115.16565127091367,28.21508175460606,119.34085826672451,417.5240514239642,205.98272872627712,25.698966540477915,32.13945139215454,-176.0873590030818,433.69076696526304,216.02102595442025,-285.12291053838777,815.9518767235164,296.573559940621,298.73466185269234,0.8037472136725411,0.33800982771915444,0.277120220705491,0.8915333933344058,52.369440034021295,52.1507720843421,235.55258621146515,219.86173189732574,25.584661852692363,23.423559940621033,69.10188458396752,173.2307906249721,0.5671745854075141
1997-01-01,8.69888966356875,8.698850357566405,-3.9011905983743502,-4.332548206771997,112.91744837306301,24.98246314773377,106.23931493224175,417.65606256020124,197.30858736371314,24.84529105529719,31.199121834622396,-169.04631576071472,438.35038757445466,196.5904930082718,-278.01757813020924,981.379293463839,296.59660581256855,298.69453237764753,0.8766893018817329,0.2926167477167574,0.33898259609911296,0.9321081271843448,53.30238464054796,53.029731629839254,269.6655795706312,251.70284599439827,25.544532377647556,23.446605812568578,81.42708512193744,220.26520033797715,-0.052717594704446924
1997-02-01,12.5105896944865,12.510481613545823,-3.5333967202982586,-8.87575463729413,102.27182250156271,20.956877674240783,83.44149761138097,418.13795672885453,174.28406770572562,22.157481202664105,26.742741660846168,-149.10722354348357,443.8045535060057,198.0688049538409,-260.4482939926025,752.0377662813369,296.39612384637417,298.08429098333704,0.8442152015517973,0.3973965782646175,0.49201706303970955,0.9252829839999843,54.7069145938725,54.347178733056,350.296511445622,361.99310224380275,24.934290983337064,23.24612384637419,62.37948903876159,322.9649870741677,-0.8642182931660898
1997-03-01,10.927389955712671,10.927310969117249,-3.447134632241842,-6.705745107332913,99.77538202199723,19.91086648099218,82.57878697545281,420.4368468173514,170.42410117498432,21.751088695714454,26.55730109411738,-146.46821662450606,436.0038244046653,196.03592293300224,-255.3193910434477,885.665075568348,296.55551902296673,298.4048505710327,0.8507114929881333,0.360291289429014,0.49478991361159586,0.9396126500144036,55.600151356310555,55.22966458751426,338.7490886270928,316.183766467513,25.254850571032705,23.405519022966757,59.283468110445455,275.46718552856197,0.22466702739926347
1997-04-01,9.713400991933836,9.713333958080876,-3.525612193470994,-5.997177682628265,102.04654832172857,21.548678288527856,90.96209348718949,418.06815993647854,176.0275075752783,22.25259092933618,28.747274406145326,-152.13605083190134,410.7619056889068,204.12417548263323,-255.3101659337718,763.7524321100863,296.5714484258453,298.4506027023264,0.8330594400864544,0.3811079507122716,0.35767775708098426,0.9117740552445738,53.677365027666156,53.416578116024894,291.4020297580151,281.057116842618,25.300602702326444,23.421448425845313,51.185990451138565,230.40300915652836,-0.20645018450039743
1997-05-01,8.683651115110171,8.683549493653626,-3.1999179186821194,-5.244342289166744,92.61970767180318,17.041668387395287,81.43693821901552,416.31789785759554,156.28058620116045,19.562379165244817,27.004943529648838,-135.80070852921148,379.8449202188837,227.11422717961497,-234.5324503016928,542.7261303718095,296.2403472625992,297.9550672175895,0.6841557416078268,0.4558148084500942,0.3477316374950995,0.8507521865081192,52.851970034176595,52.603092797711945,269.1931845684153,251.26011266358873,24.80506721758951,23.09034726259921,7.418223122077819,166.9242391734992,-0.8656110596358388
1997-06-01,4.353202019759464,4.353034036644761,-3.3365825655653114,-0.5970689097826395,96.57534323678011,22.747016980444112,105.86376151977932,413.88081544773024,173.7533330255612,21.0235264496332,32.056030872327554,-151.31845553868646,362.17616008461437,249.03764449808227,-247.19819590955584,687.6794142952641,296.409434068085,298.49964336294136,0.4828580201149534,0.40843704080723703,0.22359313705158954,0.7283093220566434,48.42325358445683,48.272900808847815,130.5960605927839,125.95584596773035,25.34964336294138,23.259434068085,-1.8394485885264373,27.600989693289122,-0.05993555086531899
1997-07-01,3.7477143059796596,3.7475999896080325,-3.4656021164536255,-0.14673164651126963,100.30955784598012,25.960553486716883,123.12877190255712,409.08399240506265,188.21666745774723,22.370708167382954,37.50394014111005,-164.15287550518792,369.1623428135029,265.6093527387039,-261.0710714533367,997.9036081065833,295.7975698355168,298.49762690867175,0.2777267645651237,0.33534421290823074,0.22915337336181027,0.5947916167553161,45.166247137170124,45.03225604850767,116.17914348536945,108.4374996993065,25.34762690867177,22.647569835516833,-4.538281285367191,3.210836536578313,0.37882403138087284
1997-08-01,4.564286572093357,4.564154482594836,-3.73832855204896,-0.6648992819329442,108.20361057536631,26.748310844767705,124.33266117821911,411.6923889813839,195.8690366418685,23.402872621857437,34.91804210844844,-170.28222550240505,395.31629199321304,254.51914441850963,-275.5158376884906,992.4013300082775,295.7949256410411,298.33195241314826,0.32049589818772034,0.33884440315876374,0.25641912867550587,0.646247687334524,48.15079900197977,47.99616230312046,141.49288373489406,132.06465516767466,25.18195241314828,22.64492564104114,20.996693269980966,44.44547588846672,0.412261973822595
1997-09-01,3.88243436337762,3.882365863459764,-4.231840253283087,0.37061979638768994,122.48803001289632,35.68653855177196,158.54035069121628,417.5981823667697,230.240564961713,27.72853260294979,38.541139064604124,-198.54838817897928,422.7681741087317,253.47618267017018,-307.2387621168365,1247.3346047441278,296.92204674757454,299.7984478887027,0.4777817633168429,0.26302567740943406,0.20380875203717944,0.6558350148154046,48.86844359367658,48.7377681002325,116.4730309013286,112.33697521584966,26.64844788870272,23.772046747574564,53.76257944666631,41.778844099912774,1.832680549706879
1997-10-01,4.223262536539323,4.22318871619981,-4.360999509683583,-0.06559702355247082,126.2266771396214,38.652136930733754,163.47542408467075,421.5351433835977,238.47790531452816,29.23268220726021,37.93629320302155,-204.63352310607544,437.2606005097628,238.44404763293184,-314.83962748947965,1453.0679237019249,297.2287133164822,300.0888498535529,0.6338205557837581,0.245757229193892,0.19344981896127614,0.7551222523852233,51.64562068553503,51.49996913882957,130.92113863271902,122.19874757522598,26.938849853552938,24.078713316482208,76.39557985654781,70.54923445945366,1.818415832698733
1997-11-01,6.453140682081413,6.453027539174031,-4.112897262699545,-2.220047270001074,119.04537768780389,29.586278447364975,128.24052109902007,421.87321331099224,212.4184179544816,26.427763298186562,32.95380266577328,-181.76609129634608,437.03264444439344,216.93928936199978,-291.5069824801232,1102.2601043658242,297.13125403525675,299.45521002611923,0.7665069145340658,0.28143178330763685,0.3164345429046673,0.8628754666206004,54.53474193487027,54.328955505152976,193.5942204624424,186.71954685110043,26.305210026119255,23.981254035256768,74.56769311812343,142.06122978601604,0.1806324954039269
1997-12-01,7.46397435447573,7.463935361275571,-4.020593599302213,-3.3037719672573296,116.37345485234557,26.804332202445146,122.6157482425993,421.9844505193355,204.5656631879735,25.59811133349798,31.646153253316296,-175.02269608157053,433.7287290119616,222.70703467234878,-284.1052706358525,958.325478461809,297.1052499480992,299.352975393665,0.6866240125239476,0.27458601511312913,0.3507554547661856,0.8300795302240181,55.48838604691049,55.27603453903466,231.38320498874762,215.97035188876072,26.202975393665042,23.95524994809921,61.39823596350371,160.79637722645535,0.19875577346350326
1998-01-01,7.1294707918248195,7.1293962362237595,-4.109126340459971,-2.900547756090868,118.93605363804642,27.12909107985744,126.68377061535526,424.43316981096405,208.2595539801889,26.099250257035145,31.416992500722824,-178.59714615788442,438.40683947323953,224.86075542878024,-288.3637153612403,1027.4703836806211,297.4118655594734,299.7285149593551,0.7011900958966386,0.2519562645590202,0.392350074056672,0.8471068993663361,57.220394366822354,57.02028158683333,221.0135945465694,206.29040035369675,26.578514959355118,24.26186555947345,63.502959932460044,149.74229770885262,1.1150089392577627
1998-02-01,9.199349027309784,9.199201907827,-4.040237684944845,-5.088094311881068,116.94193072266947,23.960123850937332,109.44449208684969,428.23705611038343,198.25095405394782,25.143121430136706,28.69138544322423,-169.90703799825698,443.9184757673176,206.4035665469383,-282.0485015290041,1018.7878290194994,297.7439765022057,299.948712446946,0.8093451739717775,0.2735592455454592,0.38720150071905696,0.8938462232071522,59.69323223930732,59.43595994994212,257.581772764674,266.1806107588831,26.798712446946013,24.59397650220575,75.64493498206582,224.57001703685353,0.3135979814259571
1998-03-01,10.412896415653782,10.412727432361917,-3.864577058362431,-6.265243220645215,111.85776543311317,22.74198768419136,99.1138715285064,427.42000789773334,188.21171531364388,23.901838889422038,27.27898905877113,-161.83761259298433,436.25911755760103,203.38263179446884,-272.1021260911415,865.1924443263999,297.6964513822127,299.62338342931093,0.8274050808689639,0.3141839561628101,0.4365553737494299,0.9139412684380552,59.81920330992948,59.53095364776657,322.7997888852672,301.29419653824993,26.473383429310957,24.546451382212695,68.71949429667265,258.1970549849007,-0.04112958309131898
1998-04-01,10.52832640157679,10.528163728183651,-3.607684684775852,-6.747477650643961,104.42219342186682,19.36036469954703,88.4741463521856,428.1005213133171,172.9227161003792,21.963350872585856,26.09368751437504,-149.56544258662507,411.12131608595746,201.43087109522384,-254.79026559361034,765.6275733090132,297.76713638029884,299.6098632596382,0.8467975474667706,0.3600633023420195,0.34573934604473683,0.9166953644675798,60.3964538044815,60.09573484784446,315.8497920473037,304.6343671349436,26.45986325963821,24.61713638029886,53.35939449838651,253.8823712606271,-0.3108030491638232
1998-05-01,7.892884431484982,7.892803812277492,-3.2751127799881523,-4.248052191780188,94.79612983159038,16.215495489542377,80.91330504536985,420.88821547643494,155.92369573849984,19.575494299596958,26.142520105605456,-135.50587050859963,380.1647709801211,224.92406017824442,-234.720210672194,717.7703653047564,296.47382228529654,298.51929946233076,0.6651081790850278,0.47505468309848076,0.35858306860598194,0.8577351712176271,56.16522372867384,55.913820335359254,244.67941737603445,228.37973993858486,25.369299462330787,23.323822285296558,9.796150493949597,145.02803551908266,-1.6482749181385827
1998-06-01,5.8311739640108105,5.8311179804026025,-3.178789456683804,-2.4481154082115664,92.00819055865728,16.776909148878612,88.61877980623876,414.32336075601154,156.87109283359894,19.08375503413241,29.13819743496184,-136.58618089264712,362.32111812214583,248.6818425295695,-233.71376405495218,744.6874603655918,295.9391950986492,297.92209392583965,0.4109927613724762,0.44307811193266194,0.30359235972380655,0.7330408578485879,51.11898584975205,50.92233748961294,174.9352189203243,168.72447859961235,24.77209392583967,22.789195098649202,-14.968078474617329,63.08532581618836,-1.3371162498506095
1998-07-01,4.514920294870226,4.5147056124112686,-3.3646686601369877,-1.2111471216384517,97.38804537492948,26.940873107597614,116.05816355558757,411.2775175865008,183.09660485433412,21.908708970341348,35.17609102787942,-159.6848209459586,369.1128975379579,260.57040705066845,-257.4330284236924,824.800470853841,295.97634748953914,298.4849467101115,0.30315386945522244,0.3763975718365796,0.23284607515629596,0.6257624439727835,47.00309592695161,46.85819077592301,139.962529140977,130.63384295171497,25.334946710111524,22.82634748953916,-3.1373786269760444,29.928607514257365,0.17981143555208234
1998-08-01,4.000036344967334,3.9999476347346747,-3.7156426499425357,-0.257426495651251,107.54697307375991,34.154324061074405,135.14158998076792,415.32404912059064,206.44267782939949,24.644134547216893,37.09694029764298,-179.57453947777609,395.18381659131876,254.73689807701356,-284.6970157198544,1008.2269651215117,296.54155722553725,299.40140902227927,0.4291359891934318,0.3218541433322127,0.18044705131037303,0.6513033373457625,48.032016076031894,47.900405152386526,124.00112669398737,115.73922554209129,26.25140902227929,23.39155722553727,29.960117642840828,37.376068065873426,0.7763020452987774
1998-09-01,4.090762094689445,4.09065937359585,-4.017564321759548,-0.38514525312044046,116.28602472638879,37.43128031958776,150.52766548195584,415.2909941611045,223.72467387030554,27.057507853104514,38.36668761087973,-192.88762100636464,422.6972383160967,249.53691343816348,-302.16220625041603,1276.5424936759152,296.29282577736655,299.531254474455,0.5022272585374181,0.29024931963913797,0.19261500564815534,0.6704068134562206,48.404921927082334,48.260662420713196,122.72286284068336,118.36398650450954,26.381254474455034,23.142825777366568,52.62529281225255,53.89962624086493,0.8036283495083723
1998-10-01,6.523806745307353,6.523705247965274,-4.065444634852959,-2.711070676976331,117.67186084594888,32.82869321911121,130.440533735192,420.3114928561768,214.8317311454999,26.559845288215826,33.57737864659391,-184.19674943154791,437.32337021884274,225.79253156710897,-296.1688041845528,974.8771601315974,296.9889700833869,299.5098741428815,0.7025189863132937,0.3326173136718077,0.24422139249421454,0.8212929399447615,52.310450527945996,52.10695257542474,202.23800910452795,188.7646194434396,26.359874142881495,23.838970083386926,70.37627261744385,141.35021449504066,0.11881671989391407
1998-11-01,7.744079021693136,7.744005038497204,-3.963150710895988,-3.9689797148676407,114.71076966910256,24.79573296356942,107.81315117874354,420.2532871052328,198.2028729503251,24.880840851999814,30.09755983045923,-169.40156561179475,437.18089666121426,207.40607988948832,-280.09929081981073,783.7672592954674,296.9328879326717,298.8900207571752,0.8158687419255836,0.3651529967196708,0.30559288023574677,0.897718790780412,53.89166554035602,53.65196112817606,232.32237065079408,224.07421986392373,25.740020757175216,23.782887932671713,72.69321093032241,182.25915797648003,-0.20249685133646267
1998-12-01,7.319508262710231,7.319416573399868,-4.011830984587424,-3.5643509927108585,116.11999351118568,26.855774521468078,119.18332824467873,418.621172016109,204.7280468553171,25.50531766844504,32.27743044141115,-175.0544673322591,433.8451527275055,218.2602457338973,-284.77863620018366,907.3606422610163,296.8385459408287,299.08847250819935,0.7226949550060529,0.32695448510131847,0.255389558274081,0.8369448012915676,52.70115343145743,52.492597925680215,226.90475614401717,211.7886739988388,25.938472508199368,23.688545940828703,66.51839046628635,162.38580209574528,-0.19873114180582263
1999-01-01,10.565564104504539,10.565488144678493,-3.627069697106366,-6.7636015621618695,104.98327190552433,21.58171116450263,85.83911115100923,418.43154385082806,178.96246905661476,22.859383917187877,27.512698784134123,-153.17107541928922,438.4383542060863,197.51331780186038,-263.23882151909004,702.8767351587052,296.5211898526948,298.2253487375605,0.8456597833030902,0.3768249181118715,0.44178787701611155,0.9313102900262682,54.60486409556486,54.288360242305295,327.5324872396407,305.71435603815087,25.075348737560546,23.37118985269484,65.72550371722966,267.3631942847281,-0.9066064348718612
1999-02-01,10.076060787409661,10.075996850650716,-3.722561049155451,-6.329809387164508,107.74709172339166,24.775335809397443,93.4295098840766,418.3278498419602,188.24959011721361,23.827603077506602,28.778064127518537,-161.04217935691426,444.0046016730989,197.65802440934573,-271.9913380869744,801.2307185989944,296.55371797194283,298.3361023260332,0.8653792664540365,0.3623843668864049,0.4277085771779809,0.9361199258303909,53.7774073342448,53.488085113715975,282.1297020474705,291.5508347989212,25.18610232603322,23.403717971942854,74.33331367762867,258.3953690565516,-0.25831230339339584
1999-03-01,8.413960874821006,8.413894811570797,-3.8843571060271533,-4.579361341240883,112.43014480422704,27.52781125514728,108.39320057718537,417.48688836767224,199.4144326998298,25.09473979431706,31.516280461115862,-171.4009627093296,436.48806803036626,201.8737815728558,-280.13043414997304,1047.4581467908179,296.6286179366024,298.7340494520322,0.8337034238645886,0.30305395388286965,0.36054431868258535,0.9073278715133316,52.96008750178144,52.70516307247057,260.8327871194512,243.45760450146983,25.584049452032218,23.478617936602404,78.25665257711725,209.3573860855206,-0.07327381116057552
1999-04-01,11.074417451291747,11.074314262046386,-3.309473982112221,-7.474149509510269,95.79060992825401,19.160837546936705,74.61470182625975,417.3463913297718,160.30318406742455,20.486780120909938,25.238455825689318,-138.53179942738953,411.4566542845759,201.59585047733208,-242.83343061006215,607.6100382417972,296.2334239928353,297.85802906597877,0.7904591927572631,0.4700813946200616,0.4307021808035134,0.9195900741792471,54.19724788684623,53.85857612078516,332.23252353875245,320.4373339712496,24.708029065978792,23.08342399283532,41.23758013273007,267.54240804921614,-1.6581038734905036
1999-05-01,9.19277978450544,9.192749475494896,-3.0796263706743647,-6.061941060808956,89.13816038239459,17.223662708185156,72.48937130628609,415.6720948774777,151.21010741378868,19.082915225983736,26.2171849538478,-131.29988734073817,380.4634237033858,213.01761058718097,-229.57889311181202,559.8832939517761,296.2678531105388,297.80174621571155,0.7533841819490836,0.4678998401587711,0.3758143895650797,0.8992204999887423,52.657727599568254,52.397379949866135,284.97617331966865,265.9939084344588,24.65174621571157,23.117853110538817,16.561282524631054,194.69615128038464,-1.2791207036893866
1999-06-01,6.290182696425338,6.2900046510792285,-3.130795587067359,-3.128473151988272,90.61908518403104,19.777509303372533,84.43680326292218,413.51017347471515,158.608833946807,19.4507931701221,28.337471915089242,-138.01067822748686,362.4461959428745,230.48753689266832,-235.03970071630678,539.6709489056824,296.0971434353399,297.7631004838927,0.6048972420577966,0.4828489784540633,0.2752625653197578,0.8235332310941148,50.38786276760152,50.18778300819147,188.70548089276014,182.00244939465358,24.61310048389271,22.94714343533991,4.552163823638466,96.65891620926695,-0.7233881750059368
1999-07-01,3.9351873383246456,3.9350245752900266,-3.370467218405949,-0.18424701032395482,97.5560674406286,24.507488876828752,111.56958836422447,405.3858503590966,180.27941241144708,21.523125025203402,35.33588161051333,-157.10626406710722,369.0430913674113,256.04042795267554,-254.04858499671747,881.9330989673708,295.1941754527112,297.5439562916413,0.3213929155643493,0.4153976866610891,0.24770373696664336,0.6637533657817829,44.07232367142217,43.92583707895042,121.99080748806401,113.8606647942716,24.393956291641302,22.044175452711215,-1.9918429559580773,14.605928258548374,-0.29317386086344754
1999-08-01,3.460758636836155,3.460754909263733,-3.771166577645842,0.23074029992298595,109.15407916535197,29.950940253707124,138.87530792881418,402.75138616660445,208.81874213105374,24.66538475134388,41.739929074525044,-181.53011667244536,395.02827819656176,253.43758786433915,-284.2725443409527,1353.1584373212036,294.76813564066254,298.10867873355534,0.3690897751261126,0.2890028856695211,0.2263774631380477,0.5999880513650164,43.576901832002164,43.440579837631624,107.2835177419208,100.13758418008487,24.95867873355536,21.618135640662558,30.83495647661357,21.13329331248525,0.6851681788612183
1999-09-01,5.140687230454946,5.140704431784214,-4.016798136627504,-1.2962520350547326,116.26401846032728,32.27998769252311,130.65434215714066,414.6429930049543,214.33075468580935,26.08555725721036,35.429773237746396,-184.63088311993863,422.6003762998217,228.1887601677605,-294.62920267572264,995.3333537354627,296.54572115901715,299.0334664528509,0.7079411540897673,0.3405836266304504,0.18017347777988943,0.8253221894865852,48.35217727063042,48.1927436559211,154.22061691364837,148.74723471597844,25.88346645285094,23.39572115901717,66.44044250796213,98.26655503427143,0.6571037293418556
1999-10-01,5.105573301278737,5.105435902511733,-4.252050169166975,-1.0278541874456462,123.07273969888404,35.97320297775949,150.44756679470495,413.8226478632544,230.67791312841294,28.205310235450177,37.62409430282732,-197.73186977147802,437.35958284783106,235.27395621937532,-308.0684531782945,1110.7341898960042,296.4366925521012,299.15090385972013,0.6227150461029946,0.31576419893002683,0.1740924980783043,0.7577427880950413,47.91128905957525,47.758557477775305,158.27277233964085,147.72673329027006,26.000903859720154,23.286692552101215,72.79449695891915,96.38665775829801,1.0618327920071664
1999-11-01,6.301305171480579,6.301198444616471,-4.076762734157804,-2.6044188500984746,117.99920237913709,28.35627235243558,125.47414775766636,417.66694487487524,210.23306607335243,26.20719985103674,33.13597626737684,-179.7949377659362,437.30501469809485,217.0897989438074,-290.2810149660605,1019.3834938537988,296.5504905116148,298.99581076283744,0.7655006820695658,0.3483330246271034,0.20229354399683436,0.8544443809814078,50.88828544097361,50.66375525366879,189.03915514441738,182.32634388357846,25.84581076283746,23.400490511614805,73.19121602225312,137.2148707597078,0.3034867669866941
1999-12-01,8.311766144013973,8.311761186480759,-3.7881024368623604,-4.314571118737644,109.64416611421511,24.814296165805022,105.56758311070985,419.117011956456,193.2247354546543,24.326879458919908,30.548307871263933,-165.1844489589969,433.93520294700244,205.22422646930556,-274.064430585054,881.3684527703988,296.89335423314316,298.9107217996961,0.8199859870623194,0.32572804136109645,0.34485392329058195,0.8952131913163195,53.58086582610697,53.310695463385436,257.66475046443315,240.50234914585528,25.760721799696114,23.74335423314318,68.84020411574846,199.5207083396758,0.17767880771283728
2000-01-01,8.971929293896501,8.971892967447125,-3.800363166134246,-5.022398798250623,109.99907719938619,23.931789970317368,101.4172161205495,416.30255176701877,191.83666135255726,24.207171907336456,31.11085890436991,-164.3074658383773,438.47477749549125,199.93170511811627,-272.8571930000063,983.1262481824915,296.5550347552918,298.51466267324645,0.8501910096989855,0.2888586264152295,0.40999063244748357,0.9204197928594412,52.56715780403317,52.28645118432965,278.12980811079154,259.6033844747432,25.36466267324647,23.40503475529181,72.92548788189004,223.26405539294322,-0.734260235696155
2000-02-01,8.607557284000533,8.607499053531038,-3.8971879530439377,-4.520504875597532,112.80165017500792,25.01170286574462,109.13108659306803,414.5563527644651,198.51757135221087,24.978277463847984,32.367260769665194,-169.92102331279563,444.07319426400045,208.31747670706744,-279.7988315714544,1113.4236803410672,296.2993226087665,298.4642623704757,0.7826380328266365,0.2772234965323816,0.4227782343438241,0.8847669909384253,51.5834417631174,51.334858693806105,249.61916123601546,249.0595790952268,25.314262370475717,23.14932260876651,71.48135486438696,207.99887428222797,-0.2595904976221135
2000-03-01,9.505245561342562,9.505218824585947,-3.669670135069355,-5.488187415894333,106.21643287661682,23.514689568515482,91.4733944372195,416.86706103958267,184.12441964667704,23.461059500044172,29.190045346161863,-158.2069933433323,436.15934536717225,198.67671692193565,-267.15708354859595,946.6178213306647,296.48097269372835,298.39268389828425,0.8326830610968974,0.33560669737719967,0.4227864472476537,0.9230274239935994,53.45563508180445,53.167053215391476,294.6626124016194,275.0352669151026,25.24268389828427,23.33097269372837,68.4803666266603,238.01337511310797,-0.7141744479618666
2000-04-01,11.00774638047901,11.007723336502604,-3.302367871591147,-7.590881449337722,95.58496795314515,19.404450931107366,73.26396644373114,418.1584081137661,162.00687527023533,20.693472890948502,25.671175099007222,-139.9996363123319,410.77509397000887,195.7738308249392,-243.97754678435268,606.2736480083057,296.5371681844686,298.1638020466906,0.8611670331927074,0.43645737966793074,0.4150061688470083,0.9397921103375534,54.61909344024637,54.315311641911855,330.2323914143703,318.5105132089874,25.013802046690614,23.387168184468635,48.20371595941347,271.79021888618354,-0.6609576709278571
2000-05-01,8.598917667833906,8.598926435344534,-3.159251309299582,-4.766968713602395,91.44252366148959,18.847830273722025,79.83818061953741,416.5402631539826,157.13248790550733,19.598448244298357,26.914624294055187,-136.51647482262663,379.8695614078537,219.73329966995004,-234.72508599010465,571.1363079914214,296.33542854650636,298.09850781452303,0.7497426625901146,0.4807427082008586,0.33705516981550304,0.8867464860431888,52.20203472187698,51.94766718548238,266.56644770285106,248.8115288004784,24.948507814523055,23.185428546506387,14.991786320154603,173.0492948657836,-0.6885034066401658
2000-06-01,5.599655422892799,5.599569216752451,-3.188456200869316,-2.3502308805622216,92.28784152766853,21.117563103771026,93.91647889444629,411.905342205311,165.22528883585844,20.025506827092023,30.929388112424842,-143.82328589142804,362.377343343309,241.39204391099338,-240.19619990206044,634.8146619302076,295.93785311328594,297.93294498537637,0.543696634668376,0.43433926057233924,0.25313136750575493,0.7647426697832617,48.81339757777158,48.641955617100216,167.989662686784,162.02457224399453,24.78294498537639,22.787853113285962,-1.1958440089329372,69.05239355982943,-0.5115068524363693
2000-07-01,4.87731692598549,4.877151647256752,-3.2978404609187253,-1.4568810162477042,95.45435767783724,21.951848286273417,101.22767041997231,404.8966410278032,171.02923307102876,20.57978597433438,32.840111615662586,-149.07494129663658,369.58420375529835,247.34288135514797,-247.55809607329562,856.1283981881958,294.6557146233432,297.08807663865326,0.40255087535881084,0.4284239601053212,0.2796986504973271,0.7153367700374352,46.67213030764355,46.49832208022344,151.19682470555017,141.1212860896051,23.938076638653285,21.505714623343238,0.21521471814764936,47.05351941305216,-1.1713762831366523
2000-08-01,5.135412797393541,5.135281692778305,-3.689435690489789,-1.1093830463334176,106.7886609077699,27.01925109972633,116.02812147746951,412.12093258381384,193.0869218274755,23.12137819161902,32.64760920940163,-167.6979438638393,395.850389755767,250.11220206505564,-274.11086569351914,662.9793657184565,296.1455029916886,298.36666629264954,0.42618968247478656,0.45633007925203495,0.1870270346874661,0.720060089001301,46.44765255481612,46.29445256579255,159.19779671919977,148.5903267586315,25.216666292649563,22.995502991688625,23.998663628463504,64.55790683238367,1.2424226469414492
2000-09-01,5.808540836301712,5.808470902633029,-3.9554949255773795,-1.878975670763888,114.48959800988898,29.945865901023875,125.2455410560657,413.432689814825,207.88145364028202,25.320231280384508,34.40258053845436,-178.99933870027695,423.2525478866983,230.06558079734347,-289.5660453435517,1005.2888570654658,296.093422512519,298.72748047455644,0.6622317870863536,0.37435018137731935,0.20159899271665851,0.8045826042144857,48.47914381640898,48.29525851777372,174.25622508905136,168.06918121044643,25.577480474556467,22.94342251251902,59.500464546208235,112.91875349585594,0.16129425090974792
2000-10-01,7.261770040958191,7.261703807096629,-4.070504686960264,-3.4064275673818085,117.8184022202112,30.057902760649885,121.40888342125712,417.2268418409351,210.9408870787423,26.13257263631979,31.981217858774947,-180.6566430069815,437.6057657355136,220.4657639430949,-292.7975652279341,734.7731077267744,296.6334949155362,298.78921162533453,0.7198502935015749,0.3992022482641746,0.2256850306184194,0.8498507110667296,50.97953351001131,50.78111275306526,225.1148712697039,210.11874441830525,25.639211625334553,23.4834949155362,72.3318012848392,163.83302331558778,0.7991201673454782
2000-11-01,7.347341173652633,7.347289900481612,-4.045744917478593,-2.9041951861354307,117.1017273473783,24.276506840339895,113.6489629747243,419.0830173101072,202.10247983643902,25.29953841163059,30.78976975455586,-172.76291047492046,437.28731887937124,210.72784791940165,-283.6871950335549,821.1962091122718,296.86466523667184,298.9984720905509,0.7785946862615508,0.3583995226610631,0.2658662734347393,0.8839360746069623,52.52554462757267,52.30596511803638,220.42023520957898,212.59519387967626,25.8484720905509,23.714665236671863,72.95934711415322,167.85790711380477,0.5949065326464051
2000-12-01,7.074465311603663,7.074440281886369,-4.0014306155074655,-2.993669833959745,115.81889023852277,26.797679969690478,124.03592207873314,415.497652687757,205.9462276825146,25.642618684542036,33.47800735606247,-176.09246477267806,434.02624354527444,226.89634067100596,-284.99578127015997,911.0645330669334,296.56973192660195,298.81853366211055,0.6354921142582547,0.30998117852805285,0.31331512083127416,0.8002001938796796,51.765883973828075,51.572050400138565,219.30842465971355,204.7002396379158,25.668533662110576,23.41973192660197,58.09944059915401,146.9829027901447,-0.0021127915976677514
2001-01-01,9.934131916865558,9.934066393246301,-3.681319258674937,-6.012749130903387,106.55334458722511,22.9197249958769,95.20481818045224,414.91141874463375,184.18554882651134,23.320747874395025,28.931871551426497,-157.72578130342197,438.63813244980776,209.43412987517007,-267.01997690793723,783.7949211449251,296.1837464288527,297.9067830305918,0.7695215358880665,0.3470326281813107,0.4810672936303136,0.9040810732299047,52.85358021144857,52.586653846353734,307.9580894228323,287.44405073050643,24.756783030591805,23.033746428852737,57.58584703276716,239.15571300715504,-0.6791598311065457
2001-02-01,9.459929787704446,9.459803723782255,-3.7726777509695113,-5.544080400750836,109.19779820255985,24.20210317550168,104.83545433526604,415.71830446535364,190.70221610041767,24.23222396882459,30.055217707732584,-163.33344788171675,444.09559944827066,216.47954127293937,-273.775011741979,827.6394030732212,296.3902103055816,298.25036966142284,0.7059684848310899,0.3218096687091055,0.47566205604357975,0.8741928621737134,53.12028415383424,52.85091554128661,264.87803405572447,273.72117256314397,25.10036966142286,23.240210305581627,57.2954704690396,221.9405160337011,-0.12167120407737286
2001-03-01,9.588065951246376,9.587966514580538,-3.6868660514430256,-5.786034499087729,106.71424882228281,24.46679363794169,97.85515746165622,417.5042679721091,186.66262349898727,23.663720868875696,29.5806624114149,-160.4175461244297,436.2745971841318,204.7499091346538,-269.23607373242606,868.8741001929083,296.6419496299211,298.5507070071056,0.8241458917404393,0.3597307099823631,0.42409183742308304,0.9079675378658136,53.163092517871355,52.86023697667035,297.23004448863765,277.4295866487424,25.40070700710561,23.491949629921123,64.48616459777227,235.54566117144154,-0.3441587472097041
2001-04-01,9.307722399892821,9.307705843892679,-3.618010736743224,-5.721171020797987,104.72108539601837,24.391805997817773,101.78621429463628,417.76129630355655,183.46290003622482,23.082773839961582,29.54060796092999,-158.6741802239182,411.00172023983737,215.86945728831077,-262.35678288813307,772.481880780693,296.8173461274669,298.72039870419115,0.7467350543194,0.38680320666889445,0.33501873581552,0.8710267150506079,53.19656641139733,52.93435379014798,279.23167199678466,269.320192242265,25.570398704191177,23.667346127466942,46.4873255998223,211.0657515769169,0.020680869152059245
2001-05-01,7.822123211637541,7.822023687319661,-3.2694060772374534,-4.580643839883888,94.63084412791719,19.620791293332346,83.5715420848654,418.0414020340572,161.7059345413982,20.267788654812918,27.025434077967457,-140.46699736735212,380.0647612443204,224.28929445880902,-239.86432311836174,559.4777131139286,296.6256006992104,298.3100877296372,0.7016991204122371,0.47529952048951124,0.28795246871700964,0.8656252397384983,53.180244932092876,52.9485226552691,242.48581956076376,226.33170391549945,25.160087729637212,23.475600699210418,15.575028659552714,148.08596057899985,-0.8100721318648709
2001-06-01,5.508449961404192,5.508318530320438,-3.002538983059519,-2.5098540607795155,86.90663961611227,18.95607161276867,81.30557775992446,407.72620559969783,151.65922687447204,18.470028011350898,28.431271667596036,-131.90984401468612,362.4041247070848,243.28914632428283,-227.98797158214853,705.2466107855838,294.88349800429876,296.8449017013557,0.3995436777156297,0.5217003143282541,0.3298791490824231,0.7781224016157293,47.53551526560737,47.32657412097323,165.25349884212577,159.38421673380898,23.694901701355718,21.73349800429878,-15.301174742134293,59.56054125735328,-2.384138881790861
2001-07-01,5.357450863657039,5.357351531711887,-3.285673464507033,-1.4186973876500866,95.10155122562794,22.026689364721648,93.70845516462845,410.59617989676474,167.7196036839895,20.24826517205296,29.5946963788243,-146.0655239582184,369.4132891776352,245.90278361128992,-245.8182282303514,551.1605989214172,295.7536549459233,297.57184216709015,0.4577529001006999,0.5234892002881056,0.23481333978866561,0.7717137626352868,47.31771717291714,47.144092175249874,166.0809767733682,155.01595867221897,24.421842167090176,22.603654945923324,-0.0845553809385251,60.487265076608,-0.6574130109554943
2001-08-01,3.214640240543565,3.214574026875882,-3.6955778885895754,0.08737892233923454,106.96622102828758,29.315266260696436,135.37891230355217,407.8894276511721,204.8277418926711,24.243922045177783,40.03350977918743,-178.10977893025816,395.5891968884423,262.33748213758093,-281.09420465536624,1230.478717881216,295.91722843135096,298.95986687452427,0.2722845401064537,0.2942253584611197,0.24647661108766417,0.5807495618479737,43.948703893192175,43.814019333771,99.65384745685051,93.0142947591401,25.80986687452429,22.767228431350986,18.756722517785306,3.0100143865511058,1.7947818620867224
2001-09-01,5.4334787268144025,5.433364144366938,-4.025154610943092,-1.2099265833702488,116.50571581963385,29.74798943356743,125.57471705987862,413.8859262969767,209.97411266282987,25.588417161693428,34.12497909546729,-180.76823673744357,423.04555517403327,233.13766102768162,-291.4239840184711,854.1501491209495,296.4741893586654,298.79474831873324,0.6519522568562182,0.3744645715318198,0.20045667284874003,0.8116210077635528,48.73927565418062,48.578228207190435,163.00436180443208,157.2153976958026,25.644748318733264,23.32418935866542,58.2863229907895,98.60645247818326,0.38955238877500165
2001-10-01,6.060361866882166,6.0603240662326865,-4.194246187717146,-1.969946194525735,121.39987861145909,32.294985166973696,138.12952573466265,418.47537761653814,221.02699511678196,27.24943651841882,34.74428516920815,-189.43923945082258,437.52836113238754,228.27888658798213,-300.4982839965183,1019.2172129194709,297.0798196869016,299.53745752821555,0.6849524636771621,0.33506200824533033,0.2064581374247685,0.8005042888834633,50.30832535809164,50.12931288263629,187.87121787334715,175.35659913867727,26.387457528215577,23.929819686901624,72.21939740853617,125.17602743257271,1.0000905031816387
2001-11-01,5.551820996844324,5.551839386132119,-4.154638364156332,-1.2073025196755038,120.25349743875267,29.20972227709683,131.44179834038795,418.9755387721868,214.6858430217449,26.629978159876742,33.68305636604655,-183.64144336491046,437.2936905261434,224.92033980396212,-293.77106223551846,987.6355440915141,297.22634318977487,299.577385566805,0.7291887270896267,0.308362689957391,0.27612195952851615,0.8337736189877186,52.38220773921705,52.1865839228671,166.5546299053297,160.6435007561377,26.427385566805015,24.07634318977489,68.85072243155633,108.74555846592696,0.4951672830144105
2001-12-01,9.329058202162235,9.328999689677719,-3.7389905094467757,-5.216569382133723,108.22287488634406,23.47680365731919,95.72072795663766,421.6833783711069,186.57003018317303,23.59184605997522,28.00738790552537,-159.49659798583,433.99985670766614,204.61095115829207,-269.73353674284255,709.3676493643609,297.0772356666879,298.90540632826685,0.8308544280263843,0.4001467451983183,0.35637578887974664,0.9204337301592763,56.0755584205108,55.79912424755476,289.2008042670293,269.9363336133599,25.755406328266872,23.92723566668792,65.12258558455048,227.04651277492496,-0.21046846335863734
2002-01-01,7.615731268001623,7.61569043662542,-4.021182232534219,-3.5120665715355446,116.39063978589037,25.729546190228657,120.19208190010094,418.0523625758992,204.01825542693598,25.51583121032361,32.97277502855779,-174.9308325268193,438.60332101723645,214.48076094581396,-283.7442376023773,1079.3408216039327,296.9484030140191,299.11847212850176,0.7784454148785588,0.2572145660533875,0.3699707375970876,0.8715365721824021,53.124927616815285,52.89987475781928,236.08766930805032,220.36141309680036,25.968472128501787,23.79840301401913,69.26347665656337,173.3963784453309,-0.1621284778575358
2002-02-01,9.53095231573241,9.530881706415926,-3.8640185200069777,-5.5048730586182355,111.84153032803216,24.40674903680858,102.57922053944182,420.30000334266185,193.39864286559674,24.453594511310367,29.266638980725656,-165.63183548700837,444.1170215578922,204.3790547878067,-276.88065448973794,886.5530103812956,296.97138613397,298.8913781097596,0.8374284726580242,0.3127655911028886,0.41573183576914857,0.9227261899006427,55.47282602170583,55.1897293523193,266.8666648405075,275.77782715323855,25.741378109759637,23.82138613397001,72.50159970193124,236.32097938569564,0.11691714144198784
2002-03-01,8.570968327471245,8.570909783001781,-3.8786914777013863,-4.438903772683983,112.26630093037666,27.340354933369763,109.16251276847048,419.06432083634274,197.85157021505154,24.99296849504871,30.700333741382288,-170.1446890720891,436.43981830151796,208.58246151568375,-279.35869629693457,922.4565211960922,296.877278798673,298.8686766340295,0.815752924802776,0.31841885750188803,0.3826616187136592,0.9047301359981321,54.67461841515638,54.41133350807876,265.7000181516086,248.0008617766719,25.71867663402952,23.727278798673012,70.77623478125082,206.67309616058566,-0.16230053303959835
2002-04-01,9.290666206074969,9.290592521094657,-3.5683016982565645,-5.506922474579037,103.28249161842328,23.536719574840955,94.36563685047796,419.63398408900855,178.58675931346897,22.56786148576912,28.493151456669626,-154.44405615856817,411.27590905024545,208.78153889969957,-258.47506953918435,714.3687330972081,296.9520454442547,298.7797578373657,0.7943376163491501,0.39786600894567864,0.353725559671342,0.8990002059520301,54.46509494348343,54.18539950231646,278.71998618224904,268.8250150779704,25.62975783736573,23.802045444254702,49.69353063948478,216.10436059039762,-0.8683064913656864
2002-05-01,7.879445809220329,7.87934670879435,-3.3437767541837133,-4.483378127360215,96.78349267058937,19.66768269597155,90.38893012569177,418.5678157453358,165.26906905049117,20.604831663488714,28.06977308345417,-143.64548210868875,380.30567962780424,229.0336754315896,-242.40458283560767,599.6834188581454,296.8710527938872,298.6258339841662,0.6441086834372469,0.4241747646057918,0.3158505054195224,0.8323720961248854,53.73792957307963,53.50622308244232,244.26282008583019,227.99035615724392,25.47583398416623,23.721052793887225,13.370907404018084,145.45323723199897,-0.8754663413263302
2002-06-01,4.962351692420649,4.962237834272242,-3.281738282221283,-1.4060953577041888,94.988021205791,19.990344153915135,101.00514896904677,409.42256653712064,168.149602594752,20.30551023862614,32.93645275133832,-146.42561192884853,362.4712491007342,252.96263139557692,-241.8720011248665,794.863590022321,295.845801031688,298.01975628994956,0.32271343585200907,0.3880350846145326,0.29917397359875114,0.6737149678942052,47.76448290392894,47.58896450556126,148.87055077261945,143.5832706675996,24.869756289949578,22.695801031688006,-11.09063027071042,38.993825373294115,-1.4892061821959288
2002-07-01,5.37485550964628,5.374737225424552,-3.263260371507861,-2.038612182985732,94.45312576870046,20.571759340922846,95.86651943860237,412.48403415020346,165.877173077977,20.060295959081323,30.21427596521045,-144.5613794057063,369.28694707512574,246.87421340675925,-243.3787827347757,633.3409463856707,296.12280816466637,298.0547357936773,0.4260544208158618,0.4440718096109953,0.2919516353418784,0.7388171474720435,48.61626621492147,48.428562656210836,166.6205207990347,155.51901693936782,24.904735793677332,22.97280816466639,-3.4954306719835415,58.24824216781127,-0.6777816691274552
2002-08-01,4.431829937234786,4.431742271139063,-3.719982432622107,-0.7910813572972774,107.67257228234358,28.509418579035724,120.84071929771848,413.3054134918937,196.31897650283963,23.53379544793973,33.92972845903398,-170.6176660504471,395.37446945029615,251.05497168311692,-276.6225110560635,750.0723718907985,296.45310131830354,298.6501048367715,0.3962374158961731,0.4163969676497045,0.20617930776121016,0.7049731957031451,47.16403907056287,47.01936797627921,137.38672805427836,128.23328330842196,25.500104836771527,23.30310131830356,25.567539372946584,45.62230366899115,0.5059467300338127
2002-09-01,4.141212735874984,4.141210507518989,-4.115784248950138,0.16399119156360029,119.12890438895425,31.757070608549192,142.18879478703968,414.0356026104163,218.71270730351992,26.446078584309202,36.81487484377274,-188.43400540188537,422.88683639521327,246.56073433015993,-297.48081170933534,1022.9322277538013,296.663363218215,299.3726651304689,0.4974890287294601,0.3251284089855418,0.1953710806449497,0.6923322446713586,46.9003581656817,46.74893924843031,124.23638207624953,119.82669292589667,26.222665130468897,23.513363218215034,50.92007737917541,50.88471035550863,0.7331555606091911
2002-10-01,6.065115384899302,6.065091213027346,-4.149156912259879,-1.6365436305141685,120.09482371344322,33.944144256148945,139.6592331782271,417.35713998495777,221.3848964604558,27.279431843004375,35.35587647394428,-189.80970256712942,437.501282056338,229.6228709455026,-300.5155724962327,1114.518857096233,296.8658007248196,299.40865847876313,0.6759758031330809,0.31510575150810466,0.2698439055432966,0.8040671668405708,51.1383855409401,50.952830154766836,188.01857693187836,175.4945374139857,26.258658478763152,23.715800724819644,70.89270155073012,125.87755712767964,0.41485812359297825
2002-11-01,6.912980903990354,6.912892333560632,-4.080987467810312,-2.432824630901471,118.12157879885204,28.711636186427217,127.80738585609042,417.3987064761631,210.02791199092297,26.209053405588605,32.51240285915962,-179.61667137826316,437.3514853606674,226.8405564777984,-290.1804609050529,928.6742242356878,296.8264200319788,299.05383471145933,0.6525413306447689,0.3435304462777795,0.3105283912204512,0.8039457001927341,52.880649056861095,52.66334202189328,207.3894271197106,200.0258198368238,25.903834711459353,23.676420031978807,63.33990442725448,144.973091931402,0.2710535338242721
2002-12-01,9.306176338995204,9.306133681499766,-3.682574399141407,-5.222081285053392,106.58984133640571,21.314465878912024,96.00471074228234,421.20136595665997,182.18310608780556,23.025623409752427,28.35702590211137,-155.77657531568792,434.0238603028024,207.80934002515025,-265.18900246985254,786.7285970711368,297.08203024462034,298.96463743237985,0.771452481326291,0.3450321462980883,0.44731327477855126,0.893637958348719,56.2589172750043,55.96038990686583,288.4914665088513,269.2747014322849,25.814637432379868,23.932030244620364,57.37966244470229,220.5492803423227,-0.4847578017411962
2003-01-01,7.487411801364512,7.487278256084353,-4.0122252795295275,-3.3518774282893946,116.1312724156941,25.83309214302519,123.20064508857881,420.69830463904043,203.7897584852593,25.55247099049015,32.706391503498864,-174.90948377677609,438.3992974935529,221.98933544747607,-283.8261584652782,1049.6471370085044,297.1737640153605,299.6502302389477,0.6776626854322181,0.26165565707794936,0.37594333383975687,0.8122738376628208,54.24285297030998,54.00562922932368,232.10976584229988,216.64578287281114,26.500230238947722,24.02376401536054,61.83682301780212,162.11260576036125,0.23872771455791053
2003-02-01,9.214268982841403,9.21415825193537,-3.8572078080081553,-5.344857771840186,111.64440854752503,24.111416750782222,104.28078901977635,421.23435171283916,193.02293991299868,24.394761874391836,29.727490637346886,-165.281482538177,443.96522407329536,207.03809843256366,-276.4564772224755,909.073544303971,297.0250482525091,299.14586609689957,0.814558123675668,0.3115340860371433,0.40759810633228494,0.9096441332509909,55.36525640395494,55.09770792928528,257.9995315195593,266.61337534535215,25.99586609689959,23.875048252509146,69.41837878991183,224.5891789852161,-0.20183339747714513
2003-03-01,9.475506731720365,9.475442839890665,-3.727881941899582,-5.616694007396662,107.90134377318479,24.657475029468394,97.31086902213501,420.6378102942337,186.87605519143054,23.660295963743383,28.47392072546828,-160.6143988580668,436.4346964241809,206.72310994812713,-270.5515881216415,788.3195939014745,296.86482554336567,298.78093675572296,0.8167928562532674,0.3767906022535476,0.39721770212482216,0.9121206733917173,55.331155387612164,55.048600600636426,293.7407086833313,274.1736932838734,25.630936755722985,23.71482554336569,63.828478173514355,230.5191683542576,-0.41834067005466125
2003-04-01,9.801962127718342,9.801834751245416,-3.4191757645328407,-5.858926488743096,98.96609248519474,20.833056949798127,85.79397189738617,420.3768991558021,168.62867151496624,21.394453369939942,26.73374203750678,-145.82180410345822,411.3906385612999,206.1702342281487,-249.99363126248178,751.0594414045028,296.90326301105705,298.73462073056413,0.7949552352817925,0.4138467171610329,0.4130102025464568,0.9003614325838344,55.69984218211106,55.38712426829727,294.05886383155024,283.6179036818697,25.584620730564154,23.753263011057072,43.823397034333084,229.18629560004945,-0.7110873690414223
2003-05-01,8.809697931045775,8.809661885713505,-3.180143493216686,-5.3310478124909455,92.04719777480105,17.927619068995273,81.07720702077505,418.5299014667179,154.94013890411995,19.50791444822757,26.04316718158209,-134.63469081140943,380.4001598533212,225.1653297424418,-233.46954783520837,569.3848236167286,296.73954064618056,298.4446401081073,0.6378271780933222,0.47417970872037457,0.3667382216877819,0.8512613450231292,54.01402315163778,53.751075950518654,273.10063586241904,254.909198081988,25.29464010810733,23.58954064618058,8.304218092766575,172.5495116139225,-1.383293213968983
2003-06-01,7.3702639706652215,7.370181599223379,-3.0463877825495698,-3.8446012612573974,88.1756345364967,19.145531577591044,77.43258358721077,415.66346680323585,152.3276335547417,18.772833240992625,26.644676805728785,-132.45601617883366,362.4021186058384,232.2639520555945,-229.6244343724905,456.5008644177586,296.49558585253936,298.127170252689,0.6062068623890156,0.5308677003118069,0.28256724481873363,0.8536666602109759,50.71717306730862,50.51149525654363,221.10791911995665,213.25756942197276,24.977170252689007,23.345585852539386,-2.6395176831040033,123.95224394335492,-1.5098267409828594
2003-07-01,3.0582614026242396,3.0581741408092356,-3.316377200507785,0.30752437862945303,95.99050966087391,23.5074932484091,114.31887242783286,405.1530069998441,179.99802804450226,21.444003834110553,37.56508071519212,-156.9364096327202,369.01891351830153,258.56758223738166,-252.9235834255542,1216.9823885043816,295.4124028847807,298.1175694336918,0.33155797884376137,0.33823459648834053,0.28477004646936127,0.6446370485247086,44.08752398946445,43.94332955085516,94.80610348135143,88.48883509285983,24.967569433691835,22.262402884780727,-5.643998811827458,-13.018999388086598,-0.12667399175494154
2003-08-01,4.582526144338867,4.582428225798748,-3.6861768357038476,-0.8821627265005317,106.6941498515152,26.454852726178462,123.508333595692,408.1869640780997,195.15618441700775,23.396628257301973,36.80609079108989,-169.6705819989572,395.0067196999194,251.15940834737017,-274.6848645199058,1013.8119383647128,295.35789304503186,298.29851035178564,0.38157938194968094,0.34012647472682056,0.2459188297470591,0.6339725202190089,46.92743210451288,46.776064597488684,142.05831047450488,132.59340931130637,25.14851035178566,22.20789304503188,23.5254561725356,49.70922700215313,-0.2845113698263617
2003-09-01,5.921875912617888,5.921881534812836,-3.9470826065449867,-2.35585259079662,114.24602644921079,28.594545614660042,126.48528021229825,413.71678712052545,206.74770485457262,25.129072382451977,34.30319447556287,-178.0759985421122,422.56331053701956,234.7750262206612,-288.39991321791894,971.4139669878806,296.13959135529865,298.75031485689465,0.5788599809000408,0.3557682109212672,0.22241374276503104,0.7411332996871961,49.061484612538244,48.875077796703856,177.65627737853663,171.35073885453806,25.60031485689467,22.98959135529867,53.62488699725773,109.7973673999065,0.9322320026785036
2003-10-01,6.262400633385996,6.262328957310079,-4.140473080673963,-2.0361673072683852,119.84341124819377,28.11227156015939,128.0897460265054,418.77171220017914,212.20577570746414,26.24598895781967,32.945640844982094,-181.8717157004485,437.30248030691376,226.85734115731378,-293.3590157304171,951.4595224406737,296.99196039038225,299.34764514664306,0.6982231844341306,0.3422676570262343,0.274047832479715,0.8255058693363261,51.72145118949066,51.52409737810105,194.13441963496587,181.20164807031477,26.197645146643083,23.84196039038227,66.50167457310334,126.88951934811108,0.9703920471132648
2003-11-01,6.573422936467186,6.573311550625197,-4.071486863335327,-2.3318182040835906,117.84656179168591,27.118052809454202,121.70705662310516,419.05109408250235,207.5381736428568,25.904923950317006,32.06459342341082,-177.4832016262696,437.23992603391895,218.40445946878947,-288.40408976115464,890.4762425788662,296.9813346756397,299.2494505742672,0.7718948655145608,0.3654152435573525,0.24867574031157322,0.8645664849870789,52.94456984659367,52.71709894291486,197.2026880940156,190.19998699725687,26.099450574267223,23.83133467563971,69.99963029236517,141.89906189621746,0.45399360171865055
2003-12-01,7.5812761690742905,7.581139177730255,-3.8772020950102224,-3.3942696456865695,112.223333667806,25.851206038600917,113.13614417463403,420.049899418279,197.918499014245,24.87072862907913,31.179194759585005,-169.29030012664643,433.87929143136296,216.98352814430444,-278.6619190581142,905.1748225180868,297.04303667848154,299.213354889927,0.7402032526227756,0.3307126145884066,0.34199542946937683,0.8590789392498741,54.136734775874395,53.891909541709026,235.019561241303,219.36166602228747,26.06335488992704,23.893036678481565,61.67839091380978,168.78015760763674,0.03656566065448885
2004-01-01,7.036211541241523,7.036158310183793,-3.914246293095309,-2.5243430219431233,113.29534556818822,25.815080139833814,116.21660843200226,419.97460501121344,200.9776795158195,25.30941672568116,32.21649565330129,-172.25444821616685,438.2814290283553,210.6419486975411,-281.23533534827243,1130.0748723399543,296.93272815271484,299.21510801878003,0.8042633062725317,0.2830746759617052,0.3423081914543929,0.8904966793611955,53.63106884722944,53.383824011414085,218.12255777848722,203.5925436974477,26.06510801878005,23.782728152714867,70.59338665073133,159.96305792514727,0.9275268548435349
2004-02-01,7.730002963305345,7.729914541858241,-3.825120798476774,-3.810786206513372,110.71558149724159,25.466011715208918,110.48492177912588,418.8426041623185,195.02280392130848,24.65648869901078,31.24181363651383,-167.06872099902372,443.8773928350489,217.52965097304076,-277.36420966480887,1137.4152785976626,296.7230017459685,298.93748849850283,0.7039138408823252,0.2586754020552181,0.4756560372187278,0.8717644035841825,54.211943309345784,53.953397023489,224.17008593585498,223.6665087343241,25.787488498502853,23.573001745968497,59.83455869176811,173.14017177879123,-0.3546858499406085
2004-03-01,9.995554147088553,9.995412842012975,-3.7036655044570614,-5.9479995239411645,107.20026268373239,24.45629127590947,97.55855479892175,421.32963607465956,185.6984131132556,23.56564623748524,28.265182623599344,-159.62623402968353,435.95221437357395,203.08403498018663,-269.19476504957106,844.2747042409121,297.0278116360942,298.8896857953082,0.832723205615928,0.3596197912586762,0.43949029324513417,0.9160929689001036,56.271671587425004,55.93262748997361,309.86217855974513,289.2191215860236,25.73968579530822,23.877811636094236,66.11073006938443,248.42509152523334,-0.2955025535576823
2004-04-01,7.013579309265749,7.013437503879931,-3.725114943748952,-3.0614930564676124,107.8212081884488,25.533060255689733,106.70320302532463,419.9144825765663,189.36758960515155,23.773166908932243,30.573527401296335,-163.8201948811285,410.5646066802225,211.79988853537103,-267.3405963601924,957.2167671757105,297.12630879244836,299.17491965460687,0.7972678098545607,0.33871299251251896,0.32039787835474653,0.8885520600797143,54.79035854896745,54.55214757683662,210.40737927797247,202.93511295948875,26.02491965460689,23.97630879244838,55.540707824821396,150.7622135601677,-0.10760096430637134
2004-05-01,6.44317556547498,6.443048127405331,-3.099374301622626,-3.0836384064310747,89.70937738509423,15.97866191732886,75.61452314160502,415.8559797825476,149.59725865550257,18.804161953714164,26.329538774927155,-129.97564492851836,379.67300798993944,233.84486052667563,-230.07229170392586,725.0541118037306,295.913911237119,297.8889346612199,0.6177408903826062,0.49038366407994477,0.3360275186083487,0.8458273449089894,52.789077168391785,52.554693416047236,199.73844252972438,186.43079072353387,24.7389346612199,22.763911237119032,-3.7725688227497756,94.99077766452176,-2.0419331488318875
2004-06-01,6.006813793203683,6.006650859249365,-3.1510740062543636,-2.704921455386994,91.20599170439438,19.27690607790147,90.71934212757424,410.12836720919415,160.14074031959234,19.47276403376575,29.840323790734494,-139.39882732309812,362.2058780298109,248.63650456846787,-235.92556370529502,602.2883302631582,295.79290420032635,297.6102937661765,0.38693878844153834,0.4756370097380445,0.27787867941474365,0.7374034891762854,48.27935322495844,48.09700810160528,180.2044137961105,173.80355495513209,24.460293766176505,22.64290420032637,-12.710940863172851,70.81101663749708,-0.9243942499322202
2004-07-01,4.844087936007724,4.844124533086891,-3.367828882864224,-1.100619298603645,97.47974671747077,22.68832036777903,102.70384973191263,408.52340296005315,174.32242567377142,20.969798511907474,32.455123048686445,-151.9066872312173,369.43043974904896,247.39567528813959,-250.69918795192598,641.1707276863747,295.83139502669445,297.7963028452934,0.45872899473723416,0.4534676743289621,0.2228355689414689,0.7317899600125144,46.465105499848434,46.3071477975685,150.16672601623944,140.16564042496793,24.646302845293405,22.681395026694474,3.3035126637863925,46.70590927400251,-0.7165029027189576
2004-08-01,4.547764191681861,4.547729176587657,-3.7694267303170723,-1.1360163420443006,109.10406327750688,26.961352159858798,128.49203810145625,407.9518322111177,199.8549261238682,23.749530848528842,36.729674019305484,-173.75920967732915,395.68966795974444,256.8154942174456,-278.3054711037189,967.0670901029235,295.875535835463,298.3921244424262,0.3170762543909773,0.3631270905859686,0.22602657449179656,0.6257354247290957,45.091548714686745,44.94529371281038,140.9806899421377,131.5893858966336,25.242124442426245,22.725535835463006,21.489976886273325,43.01117928474204,0.9641202206579891
2004-09-01,5.248383781101512,5.248406705689978,-4.19598708461868,-1.167933787708121,121.44988297420862,29.739049303148125,138.5066409167867,413.21905419778653,217.98864256420572,26.469550971923052,35.47685976720418,-187.75858736213826,423.06638036210063,237.10686027780744,-297.3495087286709,943.8272091290347,296.40023702063223,298.8088963668699,0.5919632590166048,0.363825152903425,0.20449098104461427,0.7604246535088931,48.08853773148906,47.92554300527835,157.45151343304536,151.86361995630722,25.658896366869897,23.250237020632255,60.24264845086347,89.56359011538474,1.0927953175773268
2004-10-01,6.446172227953218,6.446168536791105,-4.248521607191064,-1.9723999090075675,122.97077861685102,27.370660333300645,130.8445806290162,417.9055225576682,216.23329295756866,26.742541303978427,34.09820849427583,-185.3054509994751,437.3949370597952,221.1279133262281,-296.6597359459281,1080.5323355148826,297.1773781503201,299.5223338345453,0.7384496068311988,0.3053836441238417,0.24091424046090545,0.8257563063127217,51.245564448490555,51.04125968330487,199.83133906654976,186.52108034696485,26.372333834545316,24.027378150320146,75.5318226197,138.2163207947662,0.8658035550476058
2004-11-01,6.818905720900399,6.818875386420369,-4.042403874668841,-2.408861202057998,117.00479476849307,25.97006473009853,118.47768901766469,419.90169392641036,204.52961120095188,25.58423375359879,31.437652867518217,-174.96507345000182,437.068959505346,214.0927779774011,-285.3396138308819,921.7510413247027,297.1911737282817,299.3077567200715,0.7802459071915616,0.3337574352781453,0.3021584949435264,0.8729403063626113,53.72134319282912,53.4750664833872,204.56717162701196,197.30542206077456,26.157756720071518,24.041173728281706,71.24683585348077,150.99490206187025,0.5525610838920159
2004-12-01,7.593443810707149,7.593419361368834,-3.814414916163576,-3.3589630429694903,110.40612245802943,24.691128854614647,107.02809612103108,419.6954579919391,194.34837389965705,24.419835614952657,30.97179275732894,-166.21262639933687,433.8201235718007,210.60326198696572,-275.3172860153731,904.5165895735033,297.14190623960144,299.18366127152115,0.7728166741316179,0.3306176605609557,0.31917476783506243,0.8706035436686679,53.78864023638904,53.5309507539321,235.39675813192162,219.71699540997784,26.03366127152117,23.991906239601462,64.71402402840738,173.88131465099192,0.14358232936386628
2005-01-01,7.49439577887612,7.4943556535545115,-4.02634353846687,-3.4389212405907252,116.53974783915794,27.359269703987394,121.12854394068904,420.72060452246586,206.1682766014365,25.88177782899353,32.111582924780606,-176.69336727519402,438.40909258389604,213.0439793727225,-286.64698279759386,1056.7865797799254,297.30601588503964,299.54553880643084,0.7984463608183606,0.28967500725672063,0.2927562904602841,0.8822320911351916,54.4257233148666,54.192133806551226,232.32626914515973,216.85056867923933,26.395538806430864,24.156015885039665,73.60300342487136,173.23105745768467,0.6827668072680808
2005-02-01,10.63453818881167,10.63443563371023,-3.62563830626371,-6.490847054468691,104.94181085723356,21.364394929896836,88.89297112037956,423.1097464651057,178.78109851657172,22.858247630201006,26.58573857861436,-153.02242038149006,443.86266216090644,199.4577965048895,-264.84327964187884,787.6579856030761,297.2142438977494,298.9991500380859,0.8293684061365977,0.3717311571015009,0.46279830163415375,0.9295281879344748,57.43998785021729,57.08316645377937,297.7670692867267,307.70936440133767,25.849150038085895,24.064243897749407,65.38548313698934,268.0225606653481,0.13047601574531598
2005-03-01,8.763483412395736,8.763446795539837,-3.6711321579813854,-4.616635057540991,106.25863471222564,23.68696602912378,96.02649377697782,421.41522114887755,184.28624983679188,23.50669130049802,28.791771377313772,-158.44675483979466,436.0316965536053,203.76321146057424,-267.5619212354437,1062.8826729129548,297.161900100262,299.0912253862423,0.8177659417040146,0.3255520823419875,0.45017896931122214,0.9095941526471287,56.232158172709944,55.92505616249092,271.66798578426784,253.57195588946288,25.94122538624231,24.01190010026204,63.79870977486948,211.40264823097527,-0.29061727886853816
2005-04-01,9.50225240723739,9.502166750827922,-3.5266466942142096,-5.468920302493753,102.07666834936518,20.46838101683447,90.17050595067364,421.7510984410526,171.91050508889387,21.930353979508773,26.936137306520976,-148.68408223448904,410.7574231003862,213.31444370696127,-253.66581141751672,777.6544841949769,296.94675367072267,298.88769531685193,0.7678348046252784,0.4157056275884167,0.35328707020743977,0.8910321682163544,55.989000884641904,55.68287429168934,285.0675722171217,274.94695459571534,25.737695316851955,23.796753670722694,40.35136771055545,214.01875839513718,-0.7971044382315853
2005-05-01,6.8094481943152605,6.809413620926553,-3.472958964615472,-3.4961657436792986,100.52266227837934,20.682389398239188,101.51918864371733,417.54775449952655,174.85943833897176,21.59093151180493,30.89241266665869,-152.01582003123343,379.83695819858417,226.36564987094363,-250.037481064132,891.3621550386449,296.9823125261424,299.0728614731128,0.676209271944105,0.3374343084357456,0.25783419954212977,0.808261343754851,52.80052279705672,52.586138097934096,211.09289402377308,197.03164412403223,25.922861473112846,23.832312526142402,23.671831193188382,120.26245735088506,-0.08164431204379241
2005-06-01,5.097056179650633,5.0968977175323875,-3.3655370256272548,-1.8589715493716654,97.41339144507687,20.55149959618574,106.66010146377114,412.7677983104111,172.97461772621335,20.85026891996157,33.187240050294996,-150.65028288550977,362.2015752552288,250.1018576757333,-246.45734622164733,825.1492965308,296.5380921911314,298.7371780222862,0.5259146413667438,0.35987172425327724,0.24312585391484692,0.7268774907655758,48.886199838008864,48.734438920335954,152.911685389519,147.47967932674732,25.587178022286196,23.38809219113142,-3.644511454085972,46.923624633632315,-0.5018482060478391
2005-07-01,2.539310850784839,2.5393445496553726,-3.4874225071810634,1.4393007181018358,100.94135421188336,26.733978308111173,134.87957576678647,401.72628861983014,195.67291730787332,23.075761815692736,42.44717635812482,-170.67311693284114,369.22913568520573,264.690043981712,-265.8256336098435,1393.691493109293,294.87707514092796,298.2672762283247,0.2752347672683725,0.2648552898300617,0.22512505369157146,0.5284868498557782,42.62375636306438,42.50197821601503,78.71863637433,73.47640479326888,25.117276228324727,21.72707514092798,1.1355896281315268,-26.879967845204746,0.550608054721792
2005-08-01,3.0869314900752705,3.0868141254315202,-3.6314032705923074,0.16403735866007665,105.10858094177694,36.73303434048657,150.98202028776265,406.985844340205,216.8821591948546,25.53089005617787,44.930725551457314,-188.6667726891821,395.39599529885584,259.3755095629192,-291.1934824281466,1643.1836599699784,295.3404280258539,299.4988290697153,0.3882726811630715,0.1993289589854926,0.18718898052484256,0.5563942383555585,43.83217419647875,43.71631681259286,95.69487619233338,89.31753835160649,26.34882906971535,22.19042802585392,31.817972865227375,14.132498419595663,1.8944318554612636
2005-09-01,4.452271184468107,4.4522363557214,-3.9049590298070767,-1.2648083132692975,113.02658035488463,36.6814109407583,148.63153504192096,413.7698972830075,220.53808239730554,26.62757007221175,38.962938091266935,-190.13219254602558,422.8246026690839,248.3228943607554,-298.7358260604649,1417.0389892923029,295.6694269294179,299.3919299368083,0.49455361105439866,0.2665547534854106,0.20181719896122877,0.6528825012668363,47.10783214472099,46.947378512141185,133.56813553404322,128.82628344101275,26.241929936808333,22.519426929417932,50.412931699709475,64.75137162672189,1.4612631591157026
2005-10-01,7.2224366993764155,7.222370835434686,-4.077533773903863,-3.5288029543736736,118.02179684146682,30.57943563645304,127.65761017503544,419.0901746726265,213.69063095586188,26.361096993809564,34.167103469543726,-183.17164921256887,437.2816117844684,218.2791245380826,-294.6277709126396,1180.3243155024088,296.96711395451973,299.6095935680719,0.7733999419250344,0.28535435635990763,0.22852011540648462,0.8479821982649477,51.70744354383407,51.49088031922994,223.8955376806689,208.98063759938327,26.45959356807191,23.817113954519755,76.348646374557,166.90417386736817,0.4033132651052824
2005-11-01,7.100721354453614,7.100697833896332,-4.084859264545329,-2.843790604310508,118.2336502915614,26.995424307794732,122.50975531360896,420.01405971223164,208.36567995084397,26.023786852293593,32.403692784347484,-178.2071255986197,437.0401049629867,214.78415882745443,-288.63693662958696,1014.8007759306654,297.1401620499676,299.47403151260824,0.7856251658734946,0.30335727319999684,0.2659741540229808,0.866883850846316,53.32372044397199,53.08305706695675,213.02164063360843,205.46000676783368,26.324031512608258,23.990162049967637,73.85277780213252,160.5047760634887,0.5743582149161028
2005-12-01,8.538691587832078,8.538605429311403,-3.8073074981302444,-4.379789704539391,110.20014638085183,23.391067178879762,105.07129155489784,418.18428433206,191.71735025522398,24.08840735717741,30.866442661731522,-163.88489679720857,433.758405811773,208.5065283505957,-272.4457930641846,1035.868710146683,296.8916334039471,298.9811430989996,0.7980094774332407,0.28818881521654305,0.4113451312515018,0.8933560221210551,54.19615587560733,53.92583557984395,264.6994392227944,247.06612932035307,25.831143098999632,23.741633403947105,63.939264713588926,201.3780070773447,-0.5727594242545564
2006-01-01,9.787954940770264,9.78784755147581,-3.75960009348319,-5.982039518068125,108.8192017000823,24.113827514504298,104.00315088319185,418.5813148168839,189.4638156037121,23.91449389693325,29.571235283424542,-162.32479940882314,438.3348216466278,210.56681903563845,-272.1130855743622,865.5022304516879,296.77736027677884,298.75099430552524,0.7857192555203144,0.3325442120395794,0.43391900314348636,0.8899849556191027,54.54717394957348,54.24561684429473,303.4266031638782,283.213181466314,25.600994305525262,23.62736027677886,61.54626653872373,236.1197113941434,-0.17946508918798543
2006-02-01,9.669680089663585,9.669602283172333,-3.68784263654072,-5.503730334458171,106.74241536207819,21.73023909812557,96.87868217184554,419.3463022141174,183.86340376788075,23.289135792954493,29.182011422604127,-157.45764299499342,443.8446239567197,204.1534826830835,-268.0460652570348,1017.8048666449424,296.91534109263677,298.86749053034436,0.8183131744227949,0.2813572679408249,0.4730907828080165,0.9066570137222809,55.65756665699072,55.32807457374013,270.75104251058036,279.79173273068096,25.717490530344378,23.76534109263679,63.8925825739513,237.13892283036853,-0.19702288781445532
2006-03-01,8.889944361418031,8.88987765037869,-3.7529700021500814,-4.825619891912493,108.62753453288647,24.999547617657498,101.67176157103071,419.0221504546493,190.28302017041636,24.192027129713946,29.98386920682808,-163.60327654126704,436.15797552760995,209.2301177107758,-272.67191288003477,982.1463418823965,296.91544502452996,298.9255264618173,0.7910793130473526,0.31006467170428803,0.4231611969508964,0.8933050018272126,54.627994979732925,54.34737599409632,275.588275203959,257.23025608734633,25.77552646181732,23.76544502452998,63.44179516925897,212.05219153982384,-0.007674816105009086
2006-04-01,8.544377166669108,8.544283577170752,-3.451431240690454,-4.6485054692484065,99.8995235912282,21.198334336007417,89.33287759361745,418.8197867244096,171.8093008283024,21.72945200337547,28.08707333355074,-148.60367410599895,410.994638072864,210.50628753832436,-252.56206266070552,825.1569178909559,296.7537642420103,298.7399697468868,0.7636708593700494,0.38218481999637927,0.39365117059505367,0.8749197958320711,54.47149361608123,54.17204062222194,256.33131500007323,247.23042758017223,25.589969746886823,23.6037642420103,42.055775122381164,189.9679362661126,-0.5812571547874086
2006-05-01,6.707484157051513,6.70736839350688,-3.221926220420213,-3.3345964713694696,93.25676889573307,17.953960137784026,96.60274449147727,409.8402955920107,163.67499651195536,20.180269725103162,32.01271977485085,-142.27864924784555,380.04352193373404,234.48873836269885,-238.85685139852924,1094.8617270471125,295.2326946540708,297.77532516716843,0.5302900780427997,0.34408413313926794,0.4186866667161953,0.7530179938861107,50.69337830718458,50.440723775108964,207.9320088685969,194.07894657137965,24.625325167168455,22.08269465407085,4.36811303583039,106.13509027199936,-0.944799560522398
2006-06-01,4.305295614938126,4.3052567278205975,-3.2809854644699317,-0.8422933858950546,94.96612605020458,23.32389051853541,110.48779484571433,410.1468656801864,176.12423467872864,21.115733845026888,34.92470773894741,-153.4092379694091,362.2379377715012,251.3001398673179,-248.36682859584195,887.5155183763935,296.1876564060725,298.58761900147954,0.40177746078899296,0.34749531552384094,0.2536698470481727,0.6681199704619655,47.037057036999286,46.88477025397135,129.15886844814378,124.5734006892534,25.43761900147956,23.03765640607253,-2.933311271475958,26.479449705851152,0.19451366172171447
2006-07-01,3.7498306439710687,3.74978097530157,-3.2583445296527778,-0.4365608307531031,94.31071527044912,28.668406192529226,122.030734269313,408.3713352955115,186.36521495747044,22.195738575533767,38.960203579627176,-162.53242616294725,369.06948368514657,258.2655448862021,-259.053864579896,1128.2030301089176,295.6752599434006,298.73472506001883,0.3402170037049272,0.28752143789543394,0.24448538480153667,0.6004949144841472,45.628068099853785,45.488842775738114,116.24474996310313,108.50060692423524,25.584725060018854,22.525259943400613,0.788319693693893,14.385110227138298,0.5931011203417142
2006-08-01,3.3751136558665427,3.3750372143930756,-3.6198534547391485,0.03396142572457222,104.77442335048363,35.91809942502285,140.84959719663254,412.04390727522815,209.60317709462817,24.83961842405673,39.608033207553454,-182.2838166763588,395.1461199523816,255.31441029676253,-286.2620485106715,1245.0814152710939,296.06477405944383,299.286868233655,0.4146944317514669,0.2699393592067373,0.1909723502735053,0.627216432271737,46.453618175503976,46.33427796900651,104.62852333186282,97.6573268053552,26.136868233655036,22.914774059443857,30.94763821390896,21.847280975481667,1.9832606932988597
2006-09-01,4.504699225354705,4.504677470040576,-4.065026142492095,-0.7982847135614348,117.65980316204593,36.23750432452266,153.41045225972587,413.28449803539786,226.07470758759365,27.151286904409684,39.562836948687895,-194.8991391176742,422.6286317021917,247.94836730925738,-303.0429310150495,1283.1384333298179,296.140253680769,299.5231023131393,0.49315048493496333,0.2474712490700213,0.1958521554923861,0.6525820769563455,46.80175154359278,46.65215322332723,135.14097676064117,130.34367679515557,26.373102313139327,22.990253680769,55.0945637057921,66.33944265648404,1.4389946824177002
2006-10-01,5.535994623700724,5.5359909081467755,-4.223413437805662,-1.191741252611314,122.24436315900566,30.603759467137454,138.1178767545061,419.96749911328845,220.93190484680824,27.25258439134763,35.257247591568245,-189.47767084906144,437.2154247705866,226.59024721681845,-300.3674472889533,1266.3962027203377,297.16104100286213,299.8672248091597,0.7115888519508579,0.23371015978804627,0.2591088091034779,0.8112564429106623,52.440502125419194,52.26591772479147,171.61583333472242,160.18492211072845,26.717224809159745,24.011041002862157,73.77720007213486,110.34545839250757,1.372300631350086
2006-11-01,7.581898011406792,7.581876739411465,-4.009733292690689,-3.2569004417336056,116.05917215603309,26.129671846850165,119.29349453601087,418.0765676132886,204.2144339676023,25.496445957224594,32.83009322865498,-174.62392966701745,437.05809978949867,215.23827709817203,-284.20536170205787,1026.7344872205133,296.85139787998344,299.1464959684877,0.7419529414338168,0.2810401472249781,0.3410314340050546,0.8414405494855385,53.28602812170241,53.043142582945734,227.45694034220375,219.38300750611876,25.99649596848775,23.70139787998346,68.96708460388584,172.6859275184923,-0.3950075645207818
2006-12-01,8.249331156197782,8.249186118982353,-3.7845416875475615,-3.96933229011123,109.5414791312741,22.465226616544427,102.15082336813167,420.3621841982341,189.10761168287638,23.81628506871342,29.770302451319456,-161.71290802814917,433.74119796690593,212.18292754562933,-270.92661771324737,910.2815922115029,296.98721056340696,298.9736137889965,0.7429269439486539,0.2964442233410796,0.41102675412203,0.8661816762442383,55.444789791919355,55.18218447280448,255.72926584213124,238.69172797981346,25.82361378899651,23.837210563406984,58.74369016761804,187.9580391871462,-0.06410017098880871
2007-01-01,8.942632085884565,8.942525243027289,-3.850996342932902,-4.612169716430224,111.46454369997363,22.799191404646137,110.46015509071647,421.6628266752253,192.099788503909,24.218721350699955,29.722686329905148,-164.70808540100626,438.2472707081205,219.44329423556243,-274.3871088901581,918.70767760771,297.0940142854648,299.1351184273395,0.70926137352382,0.2848831042722563,0.43995718845674026,0.8518585213182804,56.390757014020465,56.09780426453311,277.2215946624215,258.75362393018776,25.9851184273395,23.944014285464846,54.943814654595684,201.51123091832847,0.7216639664813442
2007-02-01,4.914782692987136,4.914719981160632,-4.230811360086694,-0.4843980197760418,122.45808109647008,32.34648368353567,149.30808738723496,418.6806856236062,226.0999180776999,28.067776647572412,38.237768123494526,-193.9147477272302,443.81107544521524,229.5381321531112,-302.6180266981245,1808.9726469037405,296.652144987526,300.0552045356826,0.6631707207199704,0.16707843441130274,0.3406639710872324,0.792140517144688,51.38738083238963,51.19654617024721,137.6139154036398,142.20833278821272,26.90520453568263,23.502144987526037,73.07989454501327,91.95773141302598,0.8724148237299261
2007-03-01,9.872705849223905,9.87257889992543,-3.741061349188875,-5.785965263107735,108.28265408202476,23.921431212387116,98.71804675291654,419.8091395724626,187.0200951050269,23.738049036827906,29.17930370936848,-160.7926177626164,436.26915235842125,204.54745160989793,-269.9741246353336,949.2762294987634,296.7856216205706,298.8274997381888,0.8207270692800023,0.30007022321444016,0.4371320037074415,0.909086591185346,55.480321924736856,55.16312029823014,306.05388132594106,285.6648987246941,25.67749973818883,23.635621620570646,65.42667302543569,243.399688909269,-0.5907712411639494
2007-04-01,9.101112284941244,9.101056198425773,-3.503427315089784,-5.127652522433002,101.40472077123509,22.05033487468914,89.90260890749956,420.527008813652,173.8991960228418,22.026625997676735,27.759331609123606,-150.35181610083222,411.21874699916134,208.9055213979957,-254.2939325379042,760.7690736824086,296.85779867075456,298.7711111033903,0.7880052570323434,0.3864438584588624,0.37104414770219235,0.8925105016190698,55.19551874711706,54.89217434341998,273.0333685482373,263.3407464822272,25.62111110339032,23.707798670754585,45.3884111399085,208.1870080051162,-0.8625711542156154
2007-05-01,7.100477101564252,7.1003267650340565,-3.3070730902815995,-3.6363068179795945,95.72141690861491,19.37800770493002,90.9315534970954,415.8626831058676,162.9646222788566,20.36324207263473,27.92877781902986,-141.6597332723025,380.2391384589081,230.3538562787675,-240.64439555746512,806.1083660740608,295.92410892737036,298.08548880325105,0.5981289810747504,0.44411239262366387,0.31252515480670634,0.8104612877626972,53.21790863415825,52.97052144282707,220.1147901484918,205.44926982158728,24.935488803251076,22.774108927370378,10.290539278697622,121.38686135194229,-1.3684691602722978
2007-06-01,4.571611785808901,4.571526150165617,-3.2572746487465194,-1.0494675829079194,94.27955334337372,22.963043198510725,112.50886194712321,408.18100002466275,175.4327318994574,20.932136062246506,35.56959539686537,-152.8103845573358,362.2653084147054,260.8891490072824,-247.16290320058687,881.2435216283045,295.72980627799393,298.3088544251721,0.25454864008381933,0.36332810398727744,0.27537300830207706,0.6017366885512426,45.76442253182402,45.60083770173677,137.14835357426705,132.27795573395883,25.158854425172137,22.579806277993953,-13.726245806695545,24.27396396530358,-0.0018073814140109334
2007-07-01,4.042378730215466,4.04229169175141,-3.429598426266127,-0.6485622222636652,99.26767985575044,26.769060515003375,122.31053607847518,407.1507842977046,187.36514229449853,22.192850058906625,37.447770443287816,-163.420148611653,368.89998049486894,253.29336556071797,-260.34999372823967,1082.4275039771746,295.41816237140495,298.38937618625516,0.3640033413558779,0.3296613365235414,0.2200713588806815,0.6136570140951595,46.15485964009816,46.01678319772118,125.31374063667946,116.96445867336254,25.239376186255186,22.26816237140497,7.056628167521694,24.817769187522444,-0.06436220238865076
2007-08-01,3.175101829413802,3.1751267764385736,-3.5106895174482142,0.01255351997884543,101.61461899141514,36.795622791592706,145.01239688264081,406.4913589524333,211.92584882276918,24.984503838888468,44.139615561797456,-184.30214278749156,394.88379607982523,262.52188887704864,-286.6870293907738,1521.8898554348477,295.2204825375371,299.26239236790434,0.35115487391554573,0.22687838798861357,0.21481813681534673,0.553672704220943,43.319281284664605,43.200978494085106,98.42815671182785,91.8728812626902,26.112392367904363,22.070482537537146,24.165140513725134,12.671117342313934,1.752285442686258
2007-09-01,4.8147153046308215,4.814668650528699,-4.017687439730707,-1.2409314908296736,116.28951919401858,37.22585410292143,150.52064338865603,414.0028404592113,224.6597050630004,27.08411631461624,38.62509172435956,-193.61762262398392,422.41783103141927,245.39651749235585,-302.2840574644691,1164.3042377409872,296.3718376672886,299.4700900369386,0.5417593331798546,0.2734941899093787,0.18501584693370968,0.7008890406531865,47.42307070118077,47.275801282445926,144.44145913892464,139.31332900835355,26.32009003693861,23.22183766728864,56.88753997211322,78.43419218376383,1.4771576026843576
2007-10-01,7.144561500391696,7.144487248871433,-4.089920953997537,-2.933388723776748,118.38012019981555,31.06935936793368,129.7098710764694,417.19858553952804,214.9925989002336,26.515145449312836,34.34679233127603,-184.22385518117005,437.1335787696772,216.31094654307972,-295.1550301342416,1089.8246560846733,296.77684561805086,299.22361864826337,0.761368967649941,0.30740510781420516,0.2412078508950565,0.8438153591440604,51.11496169956336,50.88817322707979,221.48140651214257,206.72706159928913,26.07361864826339,23.62684561805088,78.84408359116188,166.76344170849066,0.4275832821447949
2007-11-01,8.104143571935115,8.104032073784836,-4.010435705793629,-3.9205613510981285,116.07965771275369,24.157162139640203,115.08067077666186,418.887959463271,200.82801248303278,25.18288756287641,31.389671250539752,-171.75726688586548,437.0628629633137,211.97848141462003,-281.7089098824574,980.964125474764,296.978396109202,299.12901056368,0.807969578409318,0.30551428266195446,0.309174318243024,0.8863151729653281,53.43054580236407,53.17480899507372,243.12430715805345,234.49166880164455,25.97901056368005,23.828396109202004,69.73042846783738,188.0116637737964,0.13077578293183478
2007-12-01,9.74322210249212,9.743131175520539,-3.7968340420900257,-5.838181464813379,109.8969387347352,22.3679439709095,102.80437937322374,417.94765462378695,189.99232639361787,23.77302954420051,30.584400272245965,-162.37217486200024,433.7146820875607,202.58898861236864,-271.1069001961397,953.1095140175295,296.7683973429154,298.7859950309467,0.8314669098711767,0.28818041805223377,0.3564835404528898,0.9028601313288169,53.73508964073886,53.45562405044433,302.03988517725577,281.9193048472378,25.63599503094673,23.618397342915443,68.51791158377105,241.0173858121641,-0.4771081158904309
2008-01-01,9.527419321818298,9.527332840619016,-3.7092950352478025,-5.239885705024249,107.3631886360381,21.613668522303517,97.86611536501063,417.71796408346904,184.89878544830438,23.318261534990025,29.155033420210607,-158.41571289748447,438.17775140804014,206.34787815499624,-267.551221987781,945.0181581527119,296.6132196681388,298.5178957872514,0.8299625369847695,0.2990035740457511,0.4472594510808221,0.9212120880085468,54.36539908506021,54.07264738920573,295.34999897636726,275.6751400642076,25.367895787251427,23.463219668138834,61.20334383278475,229.23147294202198,0.28382231893225196
2008-02-01,9.978316130223874,9.978240779255925,-3.712954991949058,-6.007320894073532,107.4692050109963,22.2522862135366,99.30352900395584,416.4300497489998,186.28142451747823,23.620699022471737,30.266731941794887,-159.5165580912049,443.77213823463615,204.16004348728674,-269.3913479469855,1060.378684456067,296.4477881275639,298.5089113332535,0.8064918369851526,0.27084930942351293,0.46574120312585215,0.903508415809117,53.243077676843576,52.93301589184503,289.37116777649237,288.72224477013674,25.358911333253502,23.297788127563933,65.23130445969875,246.95600929396207,-0.47166507512288547
2008-03-01,9.139957019924317,9.139886751550112,-3.7043971367068207,-5.192880803358441,107.22164343512462,24.57707150249708,99.5589725187984,416.2464472569294,188.446914731719,23.92605726102282,30.22585449450504,-162.0294822259484,435.8343313058149,200.1182005019639,-270.1020254322576,1019.0572061414962,296.48369496328576,298.47075565012705,0.8388692239954312,0.32049619405193597,0.4387029804116713,0.9193333201503991,53.111646343398675,52.81925373911281,283.3386676176538,264.46431572772315,25.32075565012707,23.33369496328578,69.98382493029371,227.22158442907056,0.00491279382168841
2008-04-01,8.029679772701193,8.029613417933327,-3.6538121256971112,-4.278942020929514,105.75755046946347,24.537748361728152,103.7781940879146,417.2498024232749,185.49182166553487,23.283335726611448,30.358347481318802,-160.45393765950075,410.4378232695648,210.4605860075911,-263.69768125905927,898.994813869688,296.7581467708122,298.8072058362546,0.7882259004943372,0.3450719518402992,0.33958670848568784,0.8793693926795867,53.53922995101777,53.27225352634198,240.8903931810358,232.33835121334857,25.657205836254604,23.608146770812198,53.23709525146816,180.01760464836292,-0.19970865300965102
2008-05-01,7.7978084870540565,7.797731521231364,-3.112256174642689,-4.409824013310142,90.0825073588575,18.365274062656642,79.82460154965088,414.2262405539261,154.56226786846847,19.386818636795162,27.64751784178998,-134.27717496138035,379.5541501125145,224.09335156216807,-231.94387415922066,727.4095060180646,295.9446315922132,297.9398549314385,0.6721201007851736,0.43371713639658527,0.40468257251905376,0.8631426309474778,51.79974212751838,51.54152356970694,241.73206309867575,225.62880559118528,24.789854931438526,22.79463159221325,7.8505225970525885,145.21494513130415,-1.8181243019237598
2008-06-01,4.891202844880832,4.891165407929827,-3.1907569446905,-1.760513700453813,92.35477467536136,19.604193564867757,100.28689732957255,407.45957019939874,166.80818938520068,20.06771276287885,33.46869404919404,-145.2364492159395,362.1098083598951,248.6865094148877,-240.3785280894354,867.9261260489851,295.2958319827382,297.5572033259205,0.4341172774617648,0.39685046058454193,0.25934258610066446,0.6982962330940233,46.38388975752885,46.210248996941,146.73608534642494,141.52677684982137,24.407203325920534,22.14583198273823,-8.307981325452289,41.05523392249138,-0.19121307348365235
2008-07-01,3.503413932551892,3.503426360852898,-3.3303272966098802,-0.411054302153723,96.39421831497037,28.358772036538994,127.67292224209575,404.93770888381255,190.63449647957046,22.573297904717627,40.70850878046881,-166.2822893916176,369.3521877306292,260.2695847517853,-261.8912427158377,1217.8941931514273,295.53202260745036,298.63665824258266,0.3387432494466403,0.26722805253599186,0.24166100393350268,0.573605413998448,43.55309638539043,43.424809994030205,108.60583190910864,101.37229053393803,25.486658242582678,22.38202260745038,1.6216579640523605,5.778939923380577,0.8207902596394376
2008-08-01,3.0272691406472396,3.0272173633222144,-3.6018094176592528,0.15737870942550491,104.25217299121105,38.08815569274185,145.7160951022276,410.8448434933959,214.26140558153747,25.357442086927833,42.0715775504878,-186.37766814754897,395.6096232267565,257.46178554426785,-289.284825426697,1346.2535157847606,296.10702876252714,299.6699855944541,0.46646366846202675,0.24130422838870427,0.18603447141576296,0.6348659366298947,44.44015333539648,44.32900329605827,93.84534336006443,87.59309500353629,26.519985594454113,22.95702876252716,31.823039882429157,13.198199981646127,1.9657619131082669
2008-09-01,5.232790155095383,5.232793515734604,-4.068259085100785,-1.6353388732689877,117.75321962117614,34.413325546825696,146.81187150261167,414.32608538169995,222.03765752771764,26.843609195523598,37.88108330990663,-191.36966286050648,422.9664960402387,242.31962399636558,-300.49559685317354,1252.154197104247,296.2978219812043,299.27325935952155,0.566482184900123,0.25759193683558895,0.20600625104812337,0.7059800663752308,48.673746245735984,48.52801869798415,156.9837046528615,151.41184941361703,26.12325935952157,23.147821981204345,58.17597285680796,90.51256826665082,1.3220343825980336
2008-10-01,6.118873407799452,6.118809587427765,-4.087740566736381,-1.9307850926227472,118.31708646598413,33.93137581636199,137.15197703288712,417.9497174534551,220.1937854419099,27.083792682628097,35.75409292216836,-188.7383034354919,437.27287437028434,224.52816890645735,-299.48005937314446,1208.5751551817864,296.7612028063536,299.5342327759575,0.7128665627017305,0.25976830425638825,0.25060409489439744,0.8140882849437889,51.35388389453833,51.166007987334865,189.68507564178302,177.04888852510894,26.384232775957514,23.611202806353617,74.9518904666871,132.94794429483449,0.7357482309774213
2008-11-01,8.696050887185745,8.696032301796146,-3.8845648748364052,-4.600376998221164,112.43639819168096,25.259573700359162,109.8416402810774,420.7847354766381,197.11079123462554,24.734616890529,30.776661483508413,-168.5715930571277,436.9403002749548,205.0457449262932,-278.377653971671,976.4438659455938,297.14133971608004,299.32532288670944,0.8153811056717878,0.3188532832665811,0.32529152603312944,0.8867569024463181,54.56634584987556,54.28801709365808,260.88152661557234,251.62130502882368,26.175322886709466,23.991339716080063,73.33190904537781,212.41785620094137,0.09895968157916002
2008-12-01,9.357499892404997,9.357450403664334,-3.7767117221338857,-5.294718968339597,109.31439254895757,22.201881272988228,99.82514117927246,419.182336791345,188.98921398785808,23.810025157288333,30.194046196674666,-161.5972415710713,433.70479858192556,199.7874139581619,-270.51313181032265,903.0159094891337,296.87406702669136,298.90629825070596,0.860373516031021,0.2902662016588619,0.3474963763478461,0.9196946399224539,54.39589035533588,54.11166355316829,290.0824966645549,270.7595602912134,25.75629825070598,23.724067026691387,70.72571785216076,232.28396404196576,-0.11307844754917085
2009-01-01,11.93036956052517,11.93032593287583,-3.617391736259577,-8.175720324342421,104.70322961335822,20.103185443909968,88.08255658373137,418.83303761084704,177.98848203919917,22.642574061970393,27.900859054484265,-152.36282433014048,438.3417297734362,195.66760487504084,-261.8704944048168,813.5593943274599,296.72996999955274,298.46993207807685,0.8550253536619133,0.32839835744596313,0.4211118526274651,0.9282334913495853,55.03091268786399,54.70491148391337,369.8414563762803,345.2061901873794,25.319932078076874,23.57996999955276,66.20288952977594,307.05029988540906,-0.3444497816119707
2009-02-01,10.445084378126799,10.445013509936162,-3.7492205436196855,-6.328787354144034,108.51878119309212,21.610038780904954,96.64986410435428,418.3751917850462,186.21039826038694,23.725255768446754,29.140387640173614,-159.39288620722803,443.79468848151754,201.61495634122082,-270.124922834723,968.8376673684116,296.68203588786673,298.58729107818823,0.8488550089723744,0.276399986068478,0.45455411244733573,0.9243927108741316,55.03628120385193,54.71608523483815,292.4623625875504,302.22840017176395,25.437291078188252,23.532035887866755,68.50996649350219,262.0959068791167,0.12367859305734896
2009-03-01,11.1095620273359,11.109547704437897,-3.6447318607718118,-7.204395259142653,105.49453407034552,21.807162788499134,90.26530622079248,419.6885107752427,181.11588991453291,23.076068115904146,28.117353702425092,-155.6520515150336,435.95019202301455,194.1358464805779,-264.8147061064847,849.9527530045898,296.8394663753939,298.6285023936515,0.8700274068942148,0.3388141863416009,0.403027522675126,0.9277048454917934,55.40199728061163,55.063127924478636,344.39642284741285,321.4568201515595,25.478502393651524,23.68946637539392,70.67885962590682,286.40814475335696,0.2330009537638631
2009-04-01,10.65040335748714,10.650313063953806,-3.3824213432539625,-6.8277428243424,97.90203726718843,19.55803724807651,81.02213016742482,420.66783264658875,165.3708268222697,21.146857754327414,26.24796409429541,-142.98575192332203,410.6649324268494,201.506117533911,-246.55887257844196,690.3281668611183,296.9502107345418,298.6167137413698,0.8234901848269984,0.4050110156037804,0.4386167365991919,0.921309703234256,55.89146719881193,55.572669567952765,319.5121007246142,308.16878078570045,25.4667137413698,23.80021073454185,45.052755044530954,256.0417852492813,-0.7222866862383341
2009-05-01,7.657243608550038,7.65717434392578,-3.402725196014855,-4.0978068114633786,98.48949162311148,21.6982544175606,96.33944357985717,417.8105763578453,171.2633819236341,21.253489298525643,29.291016351347057,-148.8921880947509,379.7495555557131,223.91528062126844,-246.9555166211325,690.8788552289825,296.87525817118717,298.7757299443743,0.6769087882830913,0.39060739752456036,0.289509255206732,0.838193537419238,53.26885869836158,53.054412254703976,237.3745518650512,221.56175763674133,25.625729944374314,23.725258171187193,23.040235999864052,146.69907631076214,-0.5865742972682284
2009-06-01,6.498671255984592,6.498494628801459,-3.1382341108016667,-3.276955660480192,90.83443684457961,16.857276562899067,83.30152114688241,413.51773471659,154.85185453053512,18.872070120737607,28.45124441177314,-134.72939428307575,362.13557165483996,236.5852716638713,-231.72598964191266,644.6137600278893,296.08829178523183,297.9669609767456,0.5497233926477968,0.4495339208552153,0.28773853347190714,0.8011247398357898,50.72503958824979,50.51881937631317,194.96013767953775,188.03514550930146,24.816960976745634,22.938291785231854,-4.859282021958649,93.75499017893927,-1.4135635361760706
2009-07-01,4.277131186887738,4.2770039011828525,-3.4431431567781163,-0.7106937886258673,99.6598554358231,22.58368654517,111.59162427116577,410.56168389899585,178.49239525913612,21.40398066126251,33.60009337347715,-155.610989062146,369.1813723641056,258.1887049461627,-253.59519208197494,791.1158389262476,296.20292298276064,298.46780431629344,0.30782468673418784,0.3803562630039548,0.2354374869686474,0.6364717033299504,46.53561805001631,46.38713816625193,132.59106679351987,123.75589991848531,25.31780431629346,23.052922982760663,-4.5935128641877725,19.735177910798697,-0.2326462923242616
2009-08-01,3.90098731203315,3.9009402878662174,-3.767065657626891,-0.13602834551222182,109.03533495325071,30.14588129790339,134.92726905185145,412.40363651262953,205.32674441693965,24.413241180302936,38.32159193081271,-178.5605570762086,395.34916484257775,254.16889171212344,-282.92550637176055,1141.566269125741,296.4685959449262,299.4191985038079,0.4601312468542113,0.2883687404229937,0.1889582439564752,0.657887382761502,46.53722748392009,46.40779897503613,120.93060667302765,112.87442962575861,26.2691985038079,23.318595944926244,28.75661465963711,31.53796043790321,1.0577488942417972
2009-09-01,3.6376409310698357,3.6376144413599656,-4.118662208356454,0.43843893856134486,119.2121168214477,36.06591701760673,157.73705730157337,415.0740753150303,228.78602488933652,27.537351200342485,40.47671297946148,-197.28911897681456,422.76024075490096,253.64811096084412,-305.45573866125665,1435.239410074795,296.57106710950075,300.0341147474484,0.43627235181935914,0.2268469199648184,0.1950392371510136,0.6146915777040756,47.12583042154709,46.99894721759914,109.12922793209506,105.25504749305456,26.88411474744845,23.42106710950077,51.807627700412525,36.31618621372071,1.5343721582986802
2009-10-01,5.280700332780386,5.280640056391755,-4.220377961516865,-1.413417633229978,122.1562282513869,34.814223668038,149.69342335689717,419.16784771899904,228.18629456738333,28.062428925371375,37.3667733694719,-195.72507354753114,437.19633784909246,232.304598012616,-305.9056266562077,1358.0307283226814,297.0457916964658,299.9840892103523,0.6380160645916467,0.22051249823546032,0.21799531141073844,0.7433379787906688,51.03054577708712,50.858836981145906,163.70171031619196,152.79629792800216,26.834089210352317,23.895791696465835,73.60102864359169,102.85325006157261,1.3878482586343353
2009-11-01,6.592063735686291,6.591911149885889,-4.238616235127711,-2.1466609882901784,122.6839754872045,27.898332460049204,134.70993004328645,422.60161237901355,216.74187955536095,26.906792820396213,34.06948704622349,-185.4908580077699,436.9473326768499,217.8177331633083,-295.3089592596352,1208.6087619522625,297.41224543707597,299.9814467282063,0.7676508300179342,0.2239970010537775,0.24281776600681065,0.8405459575860486,54.296201276752605,54.09042479547773,197.76191207058872,190.73816984623522,26.831446728206345,24.26224543707599,77.49122609632687,144.70635744106488,0.8390630142927051
2009-12-01,9.45868993158022,9.458584492552275,-3.672953268364553,-5.036061627666071,106.3112357326952,20.541706013890014,95.34106956848913,422.00680632264067,181.4750394708234,22.937060823019742,28.70380270640793,-155.2032051552989,433.67666238219425,202.78574310715206,-263.9529033391879,1012.5287333225205,297.0365631327684,299.0277318851871,0.8254080544848831,0.29503731695601887,0.41666189638177936,0.9038927867782842,56.59710478020465,56.282528316790035,293.2193878789868,273.6858938817209,25.87773188518713,23.8865631327684,61.167160232035855,228.89535767875583,-0.35353929769425463
2010-01-01,8.212519401524451,8.212431110974478,-3.8742408753145714,-4.331799402826715,112.13747629134818,22.9653903659825,113.66242679680008,421.5380580125362,193.69515930014185,24.419972370464755,31.062014519175225,-166.11713541858518,438.3224651917048,218.2789941775179,-275.0197892219147,1135.7515937569588,297.0027684313138,299.3866924026277,0.7214307019782696,0.24242631486622088,0.45662528997868346,0.8507457346358615,55.85019449992369,55.58332205742245,254.588101447258,237.62821501662262,26.23669240262774,23.852768431313848,56.74079504439683,182.279279527592,-0.047745757920722554
2010-02-01,8.706655652351099,8.706673758365392,-3.933737985718847,-4.2443563130560795,113.859540706151,23.756990607149774,108.96037427829255,425.77597750944165,195.54667752270953,24.75611303494375,29.307953397883594,-167.57709430403403,443.8336188713843,204.89560344579604,-278.94311427853586,1074.5833579465918,297.5362322283162,299.76621193593076,0.8331165118713012,0.26918602026359123,0.3994819244243351,0.9027074266852859,57.85592791627803,57.56424830807647,243.78635826583076,251.9292175452949,26.616211935930778,24.386232228316203,74.04751083273982,211.46457807903408,0.6526095928496574
2010-03-01,8.864821586933099,8.864849756808738,-4.014556898411109,-4.750002081688752,116.19915875007902,26.518583751047263,116.77940563804925,425.19305607819825,201.28346930437604,25.37101353643134,30.606856050283167,-173.13557010878574,436.1318165032044,209.64289142818365,-282.52278933485195,1097.9939219101263,297.6165912135127,299.8643128081659,0.7832146971763111,0.2714088640719467,0.3406309464998004,0.8689132938429308,57.36160284304103,57.087176814593576,274.80946919492607,256.5060693521047,26.714312808165914,24.466591213512743,72.8798979066683,213.3758369513177,-0.18902844262370877
2010-04-01,8.124483855869245,8.124496569897438,-3.665098179219498,-4.1557916988558965,106.08400345446888,23.036424171817863,106.25443601857934,423.11636839096985,183.58006305705823,23.161054549098953,29.892409285758664,-158.84813764272394,410.95338748669,218.67198728821992,-262.47669922029894,1016.037274345254,297.2910616713803,299.5872968589443,0.7529660361784369,0.32468040171978946,0.3620971245607468,0.854383551123265,56.18394451427132,55.90925569207754,243.73451567607736,235.08381278638421,26.437296858944308,24.141061671380328,43.804711932079016,172.96922053331582,-0.16469926932147416
2010-05-01,6.798310853176564,6.798296142921178,-3.398386043574742,-3.3212560155760964,98.36442153787362,19.724578258079173,98.55104440993833,418.8053232957649,169.2938367651366,21.04008640939896,30.06403358454335,-147.2350489908722,380.0040226929524,229.40863464127307,-245.23642834863315,1038.3750714292278,296.6170950357437,298.9679956268936,0.6045204667791289,0.3534763355492915,0.32186636137919894,0.7913898936147373,54.694790316306765,54.4669908402992,210.7476364484735,196.70995783915444,25.817995626893605,23.46709503574374,15.827793707360087,115.09131439826486,-0.9179843896239532
2010-06-01,5.21464884397675,5.214661339156655,-3.3114165665353896,-1.4060840078477452,95.84705601657024,22.113772638043383,107.8563693066358,413.88072806409986,172.81477089813785,20.783399198353635,33.296946227629064,-150.5410404419833,362.21705776818715,249.40298462607268,-246.07367004233092,905.999822677798,296.4208831269357,298.8125675193579,0.41736456685823403,0.3574033196793765,0.25945999697706545,0.664806469807712,49.29994382974322,49.129444507145685,156.4394653193025,150.88719152652357,25.662567519357935,23.2708831269357,-3.3293145837417626,52.42755536647094,-0.7167344402593727
2010-07-01,3.1798537653286236,3.1798697988331037,-3.2933526377314473,-0.1164693089887722,95.32442019473685,27.691092806270998,120.32034768153298,408.17303067712135,184.06111999618435,21.912566540546575,37.663180186922915,-160.53415675682697,369.0677826334622,257.2898562347266,-257.3025552551786,1193.9801061720814,295.0763555320031,298.24504681688427,0.3554615749223556,0.319593591785971,0.25158759120647345,0.6178454437333096,45.676721755150574,45.53441253392745,98.57546672518733,92.01012149401342,25.09504681688429,21.92635553200313,0.012699020452032528,-3.1570632491676065,-0.14453643110378778
2010-08-01,2.5827755070386393,2.582775939002976,-3.50125094809691,0.5969899505194594,101.34165480609258,37.83474363968714,152.7456496897141,404.84520190303937,217.26735656897603,25.57150035056887,48.217193098302005,-188.99186158637028,395.1487494606024,264.91183627131755,-289.75234537546214,2020.98717859976,294.7603843806991,299.67432965749896,0.32465801543869033,0.1609102256704743,0.23151447783571957,0.5240101523461106,41.88009560347391,41.77001394943998,80.06604071819783,74.73310008689167,26.52432965749898,21.610384380699145,24.840509104144587,-3.3663156573448845,1.5982700422885614
2010-09-01,4.129518029776886,4.129518792655234,-4.107043985903328,-0.42216680522801064,118.87600714445404,38.087331478325446,158.44296718857098,415.73095228177397,231.14181068270108,27.879740024138368,40.79160244191547,-199.30456217395437,422.6166163785544,246.91811083729675,-307.5156035189184,1526.2073466173752,296.809318389954,300.2416269599254,0.5943587782531933,0.21857088834120578,0.1563008548197408,0.6963570417992936,46.92903797643507,46.80005125338827,123.88554089330657,119.48839099118153,27.091626959925406,23.659318389954024,60.597492681621645,59.66025541908973,1.5496211092594194
2010-10-01,5.819373106156688,5.819415530550331,-4.133702158221896,-2.0225630306187816,119.64790227339688,34.85765552102279,140.43399967453243,419.5386722182155,222.7094768353907,27.408536065367525,36.454508080600355,-191.00923903251478,437.18421025133665,221.3947685049354,-301.7851873679708,1385.7317775695647,296.88951004709423,299.9492742815505,0.7695434607971148,0.23917474980368494,0.19785077288927666,0.8402633064053319,51.16220241782678,50.962366194898664,180.4005662908573,168.38586604601653,26.799274281550538,23.739510047094257,80.39041886303542,129.07920947816032,0.049173157494749375
2010-11-01,7.952380888754994,7.952366401648124,-4.017201508578625,-3.8474658808226962,116.27561646645722,25.44761257723001,116.4682105921081,418.63904737315085,203.15184634319087,25.4021448261668,32.60952728940678,-173.74943147116213,437.0199320711497,207.2449413514369,-283.74004775632085,1147.339681673959,296.92788620055387,299.35080615435106,0.7996152086581014,0.27943525417970927,0.2747157759343221,0.8647457390558755,53.338115367708156,53.081216465073595,238.57142666264983,230.10319449213324,26.200806154351085,23.777886200553894,76.49510640488396,190.90600929249186,-0.5833248619318852
2010-12-01,6.901897734912081,6.901857163524813,-3.9611416516732176,-2.617742440667735,114.65299134588629,26.827401449840966,119.14782955080511,417.5520042690713,204.2750402083364,25.491486043702203,33.601958741453544,-174.68255650893698,433.7176315536195,211.03610214441755,-283.2403749584775,1174.34273384911,296.80659923755826,299.1816190739342,0.8059543542361582,0.2525812006287393,0.29080832259624867,0.8788978224173233,52.739230570720416,52.508022253659654,213.95882978227453,199.7065151482874,26.031619073934223,23.656599237558282,72.20427281405995,157.6575916447049,-0.3997950282438296
2011-01-01,8.864745484387143,8.864718065679025,-3.728970485927445,-4.740027289624612,107.93336126805369,21.55333609563046,99.37479103331462,416.74284821665054,186.04174126101168,23.537341553249554,31.290023485303394,-159.44481035394946,438.3786326634678,202.48466483337026,-267.7894000009272,1114.207430069385,296.6085149588914,298.77318944970426,0.8258133086475418,0.24094997878202024,0.430577796782636,0.9038664527113981,53.25775321741782,52.954949779836795,274.80711001600145,256.5022588448792,25.623189449704284,23.458514958891442,65.30473516755691,215.20554323942048,-1.3319104950380876
2011-02-01,9.74007498942816,9.74007793653905,-3.7000739281688166,-5.791908915669221,107.09660540298222,22.111064499612215,90.46568014008982,417.618727174555,185.32328879892202,23.495076900210247,29.621326593697606,-158.53481624859978,443.9450983291997,190.76801569861652,-269.263890014584,973.9919705869471,296.6210444396849,298.5802699090198,0.8783968890400783,0.2886034394940843,0.3890388122017506,0.9336169944837739,54.042321439428505,53.722943518621925,272.7220997039885,281.83095881189377,25.43026990901984,23.47104443968493,78.49587431596746,253.52440797257125,-0.29418024769225326
2011-03-01,10.510371220340195,10.510395226387855,-3.7126218671297804,-6.71033138260979,107.45972139928234,22.29241412700888,94.96081378389914,417.83912877780034,184.67589521172403,23.405641297867373,29.7117234914481,-158.7536098722572,436.3867728039558,196.11753356182234,-267.6906392869309,942.3656930743713,296.7703208992761,298.78402798516225,0.8687616171984008,0.29702974815450245,0.3963170704724987,0.925327269273954,54.292988999818704,53.98900757608166,325.82150783054607,304.12023224501894,25.634027985162277,23.620320899276123,71.57310572510855,268.9438657163273,-0.7102491454821518
2011-04-01,9.680536111293982,9.68054045745136,-3.4078874315643923,-5.707937064699454,98.63940800078417,21.059744947806458,86.81808834882123,418.83040686421606,169.47587086361455,21.56479482807288,27.67213214195699,-146.58574979121266,411.31333933806746,206.1802343904194,-250.08976015761948,769.1498874071444,296.92564653473124,298.8448416791562,0.8036308533771734,0.37332594629597693,0.41908249070472336,0.9032228784198822,54.58789351619601,54.26329595243695,290.4160833388195,280.1082308290324,25.69484167915624,23.775646534731266,43.90952576720008,226.16388389478325,-0.7855352993349669
2011-05-01,7.729638658713115,7.729645293029108,-3.286519079214593,-4.039723850855784,95.12616600287701,18.073285984642894,90.64338265480752,416.8330828016265,162.03325189253505,20.13975048556015,28.878769704563496,-140.85929743545708,380.3243326156774,229.11505329967096,-238.52587538887443,815.9282923430809,296.54807141371117,298.71233696009654,0.6150449247561562,0.4009037067902897,0.3909909248229051,0.8189170324100986,53.043603675381526,52.780479249201214,239.61879842010654,223.65871796959226,25.56233696009656,23.398071413711193,9.410822089203464,139.16229831254503,-1.2189242566263232
2011-06-01,5.122617381120802,5.122614799758881,-3.2403128227815228,-1.768916219725449,93.78894950404074,23.311704759843703,108.50196137268611,412.2510856657443,172.65406598662818,20.8015484596838,34.2048090191575,-150.39935343988705,362.36244349707295,248.65297232027288,-245.80556379912616,958.0175055733748,296.2979636720957,298.81477986461636,0.45526046570294976,0.33441712150931857,0.2691787966315083,0.6784835735387459,49.00919440759799,48.82403995613259,153.67852143362404,148.22380786339355,25.664779864616378,23.147963672095727,-2.8474085211467184,52.49355968136098,-0.9061098431548942
2011-07-01,3.2857370844743623,3.2857353775481712,-3.299992489184495,-0.06117145504139087,95.51584341739914,29.588638828393083,125.21957731243144,407.86905319952865,188.66015701322632,22.411967273903638,38.931277152983995,-164.55445432952814,369.0197802623105,259.06280234521444,-260.9038335626237,1216.176002657598,295.78542327890995,298.9015975589506,0.33363284258222187,0.28094756384648617,0.22424747188083063,0.5908780219536898,45.23161802119351,45.105297365648724,101.85784961870523,95.07336161887069,25.751597558950607,22.63542327890997,1.8410312174092383,0.8798544881288706,0.51869493075192
2011-08-01,2.576186913112157,2.5761920112402152,-3.53513420118289,0.6507199743769643,102.3221058518673,39.53113837338424,150.80123537401656,408.42522308054913,215.14324603824355,25.35619470331416,44.15103057450901,-187.21117330426424,395.0166063188588,262.00747034669286,-289.4170546249992,1729.5308235009195,295.2244267918256,299.683370805609,0.34832446834501773,0.20169421970116455,0.20817606339835065,0.5494388345553579,43.8680782851466,43.75110984585258,79.86179430647687,74.5425929178303,26.533370805609025,22.0744267918256,27.40958427830634,-1.5768271602343447,1.206898504503684
2011-09-01,5.70733821280291,5.7073585139894165,-3.9727533634352,-2.0471653940220036,114.98910442724123,33.6171278629847,138.43272782112123,415.9211412929326,216.104596001801,26.252373429771986,37.207448833003596,-186.25820396153637,422.5451625957468,235.26336883228444,-295.501470784033,1220.4692214908798,296.60441486244775,299.64299347669777,0.5853112631716885,0.26231574984497963,0.20619112580691928,0.7319061530792289,49.30181727964012,49.12912117874105,171.22014638408731,165.14347552052712,26.49299347669779,23.454414862447777,60.238101951748575,109.94795020672761,0.44452283830685246
2011-10-01,6.595734609831717,6.595694935094743,-4.148729228628953,-2.306354028741992,120.08283453468067,27.528163284046407,125.41743878657472,418.1423924284924,212.56145643790626,26.28046853876576,34.50854135134738,-182.16183504902844,437.24689118934583,212.2053868300214,-292.87229012677193,1152.1593675166916,297.0095124746037,299.55882005942294,0.8014995746462634,0.24938614513237622,0.24060608452366286,0.8689291713970252,51.52545508943313,51.31869681506834,204.46777290478323,190.84765437195438,26.408820059422965,23.85951247460372,80.66690329675052,151.38942725507025,0.04229587895397913
2011-11-01,7.550835007852322,7.550802718301903,-4.067908264918209,-3.5495454919943623,117.7435067578888,26.294766079077398,120.73665768744415,418.5316896335757,207.08226363331897,25.873181331017292,33.27182224986949,-177.10017072142864,437.16963839229345,211.2565132786693,-286.9571652803712,1080.0763484774402,297.0475376681427,299.53579869423487,0.7928491375699972,0.2765888789184545,0.25822041451587213,0.8643616530923143,52.91955556941973,52.68376041380901,226.52505023556964,218.48387495086527,26.385798694234893,23.897537668142718,75.70065200170191,176.65094456008543,-0.20992436540704773
2011-12-01,9.960287136169756,9.960282561897792,-3.6896022284978893,-5.6244671488847136,106.79343512230943,21.561008416258396,97.53703344117034,419.4167833459067,183.30607669822137,23.14714522543967,29.45281135799203,-156.71885455465807,433.83035015065445,206.60022196041632,-265.596314996042,860.1300736662123,297.0033935843347,298.9761890966728,0.7972065178866745,0.3118142023276502,0.40925977018495857,0.8917124842780136,54.90727676351925,54.598039598643204,308.7689012212624,288.2026204252833,25.826189096672806,23.853393584334697,58.99609303562568,241.49367868050138,-1.088400341901803
2012-01-01,10.62380603677994,10.623825343334465,-3.636030806006719,-6.548319450626996,105.24245413687629,20.29790102977717,92.56329816957046,417.52018168117354,179.45302271239936,22.744541938509247,28.9645035173639,-153.7457312217525,438.41080031939225,200.476919954307,-262.885425960725,929.2714625305582,296.58286633940804,298.4348689004864,0.8266632404351466,0.2927846605313886,0.46522458136111666,0.9148675440617534,54.83337018236808,54.479021320128275,329.33798714017814,307.4023536844463,25.2848689004864,23.432866339408065,62.40850600641801,265.3275330162529,-0.7591274622648712
2012-02-01,10.484890345130154,10.48493074141786,-3.5726795540389356,-6.471625729999007,103.40919993278034,20.793247984289856,89.27610138145988,416.07724048015046,177.77456516396808,22.63406806070355,29.105852840874093,-152.14541005226837,444.00766021733006,199.91729178744114,-262.42966468737853,992.2789304206467,296.35959408449366,298.29266610151825,0.8332120717514513,0.29263598451476386,0.4971680396762542,0.9216960595673508,53.497806916365505,53.139140978557144,304.0618200087745,303.38341265676684,25.142666101518273,23.209594084493688,62.51237289993739,263.6494763295998,-1.1628907056759061
2012-03-01,11.627852089019704,11.627804872633739,-3.6335752514176294,-7.555776354237464,105.17174083611556,21.477870603947153,90.82811868086408,417.2844257753929,179.77982075054456,22.86090380796912,28.462009883626035,-154.51918058561645,436.05193231993104,201.50207966996828,-263.82528363849406,858.863356234862,296.53651325553477,298.4271900609415,0.815145757570549,0.3293264254251926,0.4447412579172581,0.9102683728744987,54.4858571376252,54.142475242501206,360.4634147596108,336.45268728685585,25.277190060941507,23.386513255534794,62.323203968525775,294.1965911573384,-0.5924407380722982
2012-04-01,9.243409170441488,9.243419548929134,-3.62350912388386,-5.4478187571281795,104.88038166806507,23.889422539379996,98.48000519453831,418.6204503725424,183.1527089530173,23.104539073940426,29.568511090740696,-158.39287722558373,410.62652665464634,204.3387824276841,-261.63678360983926,858.3296305264059,296.82220634193845,298.75626116046425,0.8261744310773965,0.33428910004296053,0.33286333939921003,0.9042086744433123,54.541053975257014,54.26659996743885,277.30227511324466,267.4600563926254,25.60626116046427,23.672206341938477,57.29800118215516,219.8231139793175,0.05456192739798382
2012-05-01,7.409673614277399,7.409701254113487,-3.412954056639726,-3.7039969995126336,98.78596063717124,19.71216270301988,96.60395389563732,415.1737787530304,170.13288855695382,21.091045519664444,30.20230561468523,-147.91914019556688,379.7269358227507,228.44667023489282,-245.50968662282716,773.1992990645907,296.5078791200738,298.5448027443471,0.6379054590185088,0.366181375896882,0.3208713662495412,0.8074065696343463,51.872759512140675,51.66277384052202,229.69988204259937,214.40107795467267,25.394802744347146,23.357879120073846,17.06301638793434,133.45942246474524,-0.7812887593094757
2012-06-01,5.137130398980121,5.137119385684782,-3.363606240839176,-1.7551126421698773,97.3577311046426,19.93784641632297,103.82955964344352,410.96941221607926,170.43387027979978,20.58200734946901,32.30837340189113,-148.42187113196192,362.29296722431627,252.46335074140808,-244.28702922149083,758.3837802231193,296.05498021772,298.2115915984288,0.37223228823282895,0.37831034150802884,0.25074047773831337,0.6784266263960521,47.64041957648413,47.482874913270734,154.11391196940363,148.64350074319393,25.061591598428834,22.904980217720038,-8.176321519917252,44.29152790952885,-1.1820797908947753
2012-07-01,3.551773630908008,3.5517767819947506,-3.416339064345553,0.14171123653242026,98.88379833190203,24.736212114182397,121.45513271364773,404.8772411643171,185.99519917786492,22.002318808260497,38.23826606890415,-162.20383611081743,369.557797637474,256.02095809032056,-258.166688582183,1177.3762986503996,295.2174415810342,298.14739776267857,0.3499406049421558,0.31544325357093755,0.2692977188214555,0.6255140536501336,44.3918581981202,44.24993956461602,110.10498255814825,102.77131892345922,24.997397762678588,22.067441581034245,2.145730491862423,5.6876914875907545,0.34555959582885976
2012-08-01,2.620774589597748,2.620759104361991,-3.5490619742054004,0.8886240179709968,102.72564415535862,36.81401172674115,153.92270753435972,403.0572726071656,217.61176314409047,25.47934052830331,48.15000865256905,-189.29474093143054,395.833657100422,267.1713270827705,-289.8336013411035,1679.9341485637979,294.8570572246382,299.4652994237662,0.2658574709684366,0.16768873627048436,0.23286095636232512,0.4768621313968269,40.921627369798514,40.80486302904021,81.24401227753019,75.83215001047428,26.31529942376625,21.70705722463822,22.662274258332957,-5.836296283313104,1.6050763967617172
2012-09-01,4.881381682350186,4.881412687836653,-3.8925175684733135,-1.4003455327848187,112.66684470706323,39.20339573562137,153.78469008057655,413.8476177728119,225.0005494527276,27.126649124559858,40.711817530137644,-194.02665820652697,423.19139011073344,246.7430862239616,-302.2883525484116,1493.09046426695,295.9991485470836,299.7185649155055,0.488027577075919,0.2066472002521839,0.2223966573892646,0.638493112927883,47.563065115725905,47.39154318891966,146.4414504705056,141.2445800878661,26.568564915505533,22.849148547083644,55.54526632444998,82.67840147154811,1.4446002337047332
2012-10-01,6.306200588425574,6.3061896402314215,-4.140614434243254,-1.7031172847491143,119.84799149125259,28.887562263593665,130.61384635340906,418.47963527270724,214.7130731360003,26.593209158470017,34.43674768959048,-184.0889814894328,437.48816187449484,217.7408101899523,-294.7753342513832,1239.5210922716415,296.92814515205214,299.54266744054144,0.7947512499705313,0.26173590198973745,0.2490300845731901,0.8645692863457327,51.72923317162537,51.51630321860221,195.49221824119277,182.4707650529925,26.39266744054146,23.77814515205216,77.03452406143089,138.74061757817475,0.9166800449960704
2012-11-01,7.287374201922827,7.287320574027152,-4.043175622609201,-2.8819001393252486,117.02699920061819,25.91722507307099,121.65446977989966,421.0421468652979,205.93586881711124,25.597270975469918,32.78927292334629,-176.21793791153098,437.1460869211683,214.52100032119282,-285.84745801375465,1208.8222363260525,297.2143699155416,299.7303596425753,0.7883616040924105,0.24400226216285129,0.3253942397170387,0.8599233120608175,54.33889387502233,54.099150170848304,218.6212260576848,210.85997031328566,26.58035964257533,24.064369915541647,71.32645769256183,164.6749880907338,0.48444071449550563
2012-12-01,9.177045563955582,9.17703947921811,-3.7380264117044444,-4.894447965525147,108.19497559071333,21.607669456397097,100.20903980418265,419.5219289600957,185.87592313850163,23.451768022352496,29.94577620155041,-158.96621034320736,433.9199356857248,206.7221414895669,-268.0922238243511,963.883393638737,296.6758725790828,298.8290126757887,0.7931987238454868,0.2943430869862642,0.38654029621699887,0.8762819090869951,54.77533244230341,54.46008656020506,284.48841248262306,265.5393367829314,25.679012675788726,23.52587257908283,61.3700823347842,219.49665443245576,-0.782210905453482
2013-01-01,9.48156971912212,9.481551830278462,-3.6552864513364622,-5.028217660614529,105.80060396952817,20.313157321379695,100.90779636918695,421.6008284952697,180.78156099835573,22.891133980342886,28.390285742926864,-155.02935408719102,438.6960353706147,217.34677904530514,-264.40716621462536,957.7545589618946,296.89753760691127,299.01113818798706,0.7377430878865061,0.2734500484274307,0.5061709122611385,0.8800925897107058,55.99486662565183,55.67021276752111,293.9286612927857,274.35045805203885,25.86113818798708,23.747537606911294,47.06038716932022,215.0849341984746,0.5253070533563005
2013-02-01,11.90462515056733,11.904655994914089,-3.599662821025116,-7.939017486027464,104.19049580413669,19.30017924667599,86.44069727139987,420.47645932420863,175.06915632594905,22.28230823780944,27.231032649399857,-149.8509249920989,444.1534961030593,200.11542035238315,-261.170347318822,914.3025853487159,296.7365128472868,298.60246193417737,0.8247858617052162,0.29963107698371977,0.5220020346410034,0.9182405138767181,56.76362270978797,56.39124375370999,333.32950421588527,344.46342577876413,25.452461934177393,23.586512847286826,61.05492696643884,302.19863964917994,-0.8707827081136372
2013-03-01,10.600609294877348,10.600667896660866,-3.7126679882716984,-6.397095029044872,107.46112109077306,21.9504834059912,98.49412897641251,421.5833399766924,183.82501324090222,23.37085842584909,28.581207174265703,-158.1282587091236,436.288481972735,203.59958065411593,-267.72772121988856,992.7605967582432,296.96689156224517,299.09271169863155,0.7909161772483845,0.29283143904415526,0.44028669877,0.8832618463672207,56.9436554186919,56.577058835337525,328.6188881411978,306.73228867652966,25.94271169863157,23.81689156224519,64.12814056577264,263.2638611134356,0.13544703809363057
2013-04-01,8.95014894495683,8.950118491949057,-3.66965585713654,-4.838777719248793,106.21618928737516,22.84663200102325,109.12345056623178,418.2033642662191,184.89935791670283,23.196427405886567,31.224557848413152,-160.0033959502009,410.9671483383907,219.87142364475594,-262.7590135308081,970.2571005845344,296.77949142266334,299.0932842175622,0.7305176079543679,0.2949623503316132,0.3809531473425543,0.8327931521489172,54.071805015862346,53.78179087885905,268.5044683487049,258.97333599389634,25.943284217562223,23.629491422663364,42.887589886052154,195.928719779184,-0.283983186610655
2013-05-01,7.76035465239786,7.76039840128096,-3.367445574418955,-3.975914961855083,97.46867524903286,20.017385140207185,94.9616888296803,417.6814710732639,168.1426928689632,20.88043396957177,29.461983271641536,-146.2033017217342,380.0280510518236,224.21923417692082,-244.24410567062793,794.8711072047386,296.72893964686403,298.68263726251007,0.6829727797763485,0.34657505097035923,0.33722282206313353,0.8312508912522599,54.04384519432102,53.80673984975451,240.57099422433365,224.54856485187963,25.532637262510093,23.578939646864058,20.02487149370711,147.84950303570128,-0.7447419391473886
2013-06-01,5.546998638828001,5.546983941156463,-3.3314252827739277,-2.101703411725621,96.42634786481433,20.694579098801675,101.2795489884778,414.5851618243682,169.197195841201,20.405909483711653,30.994761979632383,-147.3203054695014,362.4165202631736,244.21876426590785,-243.5127477086909,638.1931630969352,296.56069987010005,298.5410498821642,0.5152641232015585,0.3857814451715043,0.2473084729636446,0.7443217570903158,49.7231483220151,49.55184676374215,166.40995916484002,160.5030075566106,25.391049882164225,23.410699870100075,-0.706016557216941,64.16602660832635,-0.7953834737470089
2013-07-01,4.354340967072547,4.35437007645692,-3.3859147438306394,-0.8034762746604502,98.00322756809807,23.155051815582695,109.21947693570378,407.04861142056484,177.01377713700106,21.231285617050546,34.22196328835257,-154.3337819569348,369.48896935653823,251.04539657369935,-251.33661096147023,885.9525408479808,295.27222844610895,297.6998966367372,0.39719878526292807,0.3979068781745135,0.2659734326401727,0.6979179075854268,45.52194221160134,45.369600277093525,134.98456997924896,125.99450452710995,24.54989663673723,22.122228446108977,0.2912143877708786,29.32895206188128,-1.0464607150985188
2013-08-01,4.120995857216757,4.121038306713097,-3.7067286034803444,0.0310296404430491,107.28920612590855,27.87710067558791,130.75445301862243,405.5100458713659,200.93710459101752,23.86378347895608,38.98603433486303,-174.73867473973013,395.6824971638393,247.05841429889648,-278.469131250087,1520.1094019151053,294.9340104142232,298.2617456812369,0.47594617568258163,0.28753283713368133,0.2440916667588934,0.6714983682613322,46.261822458972595,46.10329422540872,127.75087157371946,119.24300655998546,25.111745681236926,21.784010414223246,31.410716951190523,42.7781837818968,0.5863336033706332
2013-09-01,4.575318058577589,4.575289015196407,-4.147352174785893,-0.8483763137763832,120.04291497472136,31.502607261203995,149.07183726139368,413.0403856922016,222.23288010109755,26.767650010712817,38.0927826884156,-191.589272232929,423.10201984070704,247.47418311534744,-300.7772409113484,1194.5830009149631,296.2876288799462,299.3077934629943,0.48475036684224593,0.25215341702230426,0.21362547129028742,0.6494434521307223,48.02373021056086,47.875217496666316,137.25954175732767,132.3868349304516,26.157793462994334,23.13762887994625,53.30305779600093,63.69601044314314,1.950967308588048
2013-10-01,6.253729164978422,6.253721742503857,-4.1350113707823,-2.041432839655715,119.68576678826744,29.584003224770136,133.49446564057337,417.1197695798873,215.58586248661828,26.578446971077273,34.860803045944635,-184.84975937474047,437.5311135499498,224.25453552087052,-295.4408099615047,1114.9035825016751,296.7675950237493,299.3258350104752,0.7422805656526271,0.275522522603594,0.25972477539297484,0.8301845491473925,50.94887314088732,50.73855132437233,193.8656041143311,180.9525967159681,26.175835010475225,23.617595023749345,71.18627444063421,131.7339180525766,0.7191863157582645
2013-11-01,9.437350991204827,9.437385338527934,-3.8245556491690715,-5.207485298534859,110.69915782738715,21.0417744367727,102.82537940546752,418.4052911398696,188.92421222074975,23.728635785619208,29.97997338575039,-161.5190819870473,437.2759203891458,203.6664162609716,-271.5261890887284,954.8929048666755,296.8206607254722,298.8948542382852,0.8074935510192425,0.30640404902458496,0.3652169036179973,0.8861195585548475,54.29823326781513,53.96748137591993,283.1205297361448,273.07249243425736,25.7448542382852,23.670660725472203,67.85977282775681,230.43493109748997,-0.2018236628629495
2013-12-01,8.584016803121072,8.583965033853048,-3.8851348172916955,-4.420065867058408,112.45311515295107,22.278676032099177,112.99623379257869,418.8715199475401,194.8437629055631,24.482235702996814,31.416348601572075,-166.6850752341287,434.01360040529204,214.80299702981307,-275.58505096833517,972.5255444209544,296.8886232927445,299.1139410226034,0.7725963020301311,0.24927621954681886,0.35515616065526334,0.8618201784285149,54.0902369324283,53.821079507013465,266.10452089675323,248.37861787769234,25.96394102260342,23.738623292744535,60.7820539385221,196.170621215757,0.5369354475063659
2014-01-01,9.427061101039454,9.42708319159859,-3.6966954904024414,-5.157712561400565,106.99860068699736,20.59829402655064,98.07949034078612,418.8774713157201,182.24873077515636,23.096055685716383,28.993598157194796,-156.22010803472784,438.61051996547553,209.06469502579301,-265.37967100884845,946.8509951232489,296.6462575831227,298.6780568681517,0.8069914162414803,0.2798419598826338,0.49515155098798797,0.9066613748292446,54.70521292776051,54.41154386610849,292.2388941322231,272.77439790505184,25.528056868151737,23.496257583122713,56.31497598305543,222.46115803712487,-0.3703848360149635
2014-02-01,10.67299238828662,10.672995695803262,-3.5353836517711508,-6.642577935250242,102.32937135415008,19.222580117584553,85.3718226366248,419.837965457395,173.67256755162035,22.315141114062268,27.471187167438377,-148.71446766756253,444.1228936198892,199.03398590343906,-259.2588837335786,957.5561968655068,296.65301875818756,298.571158401278,0.836053394892569,0.28911776479199197,0.5298067550570705,0.9277103550659965,55.69457483700286,55.363154923007095,298.84378687202536,308.82510693875184,25.421158401278035,23.50301875818758,60.224897830139554,267.0293043863518,-0.30867097161048207
2014-03-01,10.963897805205399,10.963895511918416,-3.552317791529603,-6.872015537759224,102.81969763154035,20.58437364007806,88.62637014036694,419.95221892948115,175.73018478140312,22.441656765517074,27.747101891524352,-151.06265723557814,436.4024218683215,197.40008515313113,-260.132712058095,966.7060140204001,296.77534182733655,298.6903401277433,0.8660486851404585,0.30660201139878274,0.47697981597643413,0.9287235099504928,56.2373469325556,55.84228054319046,339.88083196136733,317.2423469883801,25.54034012774332,23.62534182733657,62.732626904963894,277.24379218936826,-0.08851592756461457
2014-04-01,10.249313886762003,10.249317414064285,-3.472742308887583,-6.2523649600820566,100.51617293651134,20.469440971510018,91.14904851382983,420.06994254861775,171.03531646489793,21.772382148087818,27.467022497882592,-147.92517806855318,411.19406989421384,211.64098197304935,-251.86950700312514,740.395661403868,296.8707513962932,298.7964321141838,0.7615112259403876,0.36881597643639097,0.41301875990580084,0.8816688228142655,55.9727211436429,55.65417578252151,307.4794166028601,296.5658973976934,25.646432114183824,23.720751396293224,40.22852503007579,236.8057078286086,-0.5274583373507653
2014-05-01,8.227179033915668,8.227193290008795,-3.23326492340279,-4.420006059519143,93.58505034221588,17.432183845962346,82.41233831359094,418.64864951338683,157.9879449986809,19.84011957277418,27.162067940132317,-137.33996668836926,380.22370384673684,220.4184897399886,-236.20783000602339,741.0000510714154,296.6249128243292,298.4959733641019,0.6600445012816409,0.39336736521964666,0.35459118397647005,0.8434722338174478,54.97832197000544,54.691645605271844,255.04255005138572,238.0553614007175,25.34597336410195,23.474912824329238,15.789340266034799,161.09898676447767,-0.83933543994128
2014-06-01,5.582046740643941,5.582022048569845,-3.2574505802071543,-1.8588042570794083,94.28520700554971,17.807985311414996,100.86545921120796,412.50767450776794,164.576336807937,19.953091363006266,32.51042599713106,-143.3599902574881,362.44230227582096,255.48397714468467,-238.71014654984566,812.9800587053222,296.26846948585387,298.5552735031745,0.3523933329840093,0.33662625042000693,0.3159567898161089,0.6519102606058019,48.967404850547936,48.76632739771641,167.46140221931822,161.51684168315526,25.4052735031745,23.118469485853893,-16.773830594839012,51.70143213937419,-1.2436280566076476
2014-07-01,4.168817295598839,4.168810924864568,-3.3579320727637674,-0.5082789382733177,97.19330672875357,22.740856841707107,112.44736321447651,408.5501689372438,177.41139816122472,21.2760240355396,34.451272799267365,-154.72165681337523,369.3191556458622,262.01277511747804,-252.72937730356082,910.3897096252916,295.4704861476711,297.9626483989531,0.24400878915942223,0.3543259971436416,0.2680246109540096,0.5948151729021375,46.62241809114313,46.46990014601906,129.23333616356402,120.6253161129794,24.812648398953115,22.320486147671147,-9.283397813917219,13.812391126661439,0.3362204436471785
2014-08-01,4.5352790488049335,4.535314013319538,-3.735207070898894,-0.6986009489966815,108.11366927374846,28.04372605813727,134.37524640295692,407.83193390135426,203.0481479873397,24.08934361885112,39.316792377704616,-176.54473964416664,395.421712752105,252.7324442010624,-279.8032147745383,1220.37676236519,295.6911830784715,298.76749647355257,0.39008203662697427,0.29830639641027024,0.22421371970300633,0.6104245472107476,44.801271395827584,44.63771834208937,140.59365051295293,131.23015084836626,25.617496473552592,22.541183078471533,27.07077057347587,49.116700213517376,1.0705519345763008
2014-09-01,4.719545382912286,4.719566663341025,-4.219911839411566,-0.4988068868033516,122.14283084726713,31.972879083792677,151.57033124177002,414.9768981917126,225.44820140483318,27.29518893766757,38.37426178826103,-194.3817557689062,422.89447539399333,243.60785976393132,-302.84243800876624,1237.5503228009995,296.6360290777592,299.6109732006578,0.5392140593303609,0.24339700047394838,0.1850525175614331,0.6779789506612333,47.73176202946274,47.58845544913638,141.58636148736858,136.5615353975991,26.460973200657804,23.486029077759213,59.23457824483492,71.76149874558153,1.891784049585354
2014-10-01,7.9855960347269965,7.985629041330772,-4.081131472605726,-3.950340453756679,118.12591389714399,25.910281822300487,121.03914301842588,418.8208525129193,206.41368269533262,25.620845284823346,32.30666498925762,-176.89179479263683,437.4539450034815,218.50258847113787,-288.1713355132301,974.0747966514416,296.845280132639,299.2218506491482,0.7293668744651447,0.3068743461933424,0.29886762137142125,0.8377375505469306,52.50634437250252,52.272609034749316,247.5534770765369,231.06565513109874,26.071850649148246,23.695280132639027,69.6687470420922,182.05955419211222,0.548934083934725
2014-11-01,9.021108929838764,9.021135914777684,-3.9549448875316373,-4.477919737248123,114.47394612944798,21.50592785598821,106.53925314975545,420.617821731335,194.15923503233415,24.381942091715253,29.81695187712136,-166.03118068369494,437.2814275157925,203.56536191118653,-276.74547085559317,898.6812688998446,297.045766472536,299.2278616347083,0.8088516942983159,0.30724016025417283,0.3178487553495272,0.8864428887460696,54.97332199511267,54.677617767561955,270.63326789516293,261.0282382748173,26.077861634708313,23.895766472536025,73.18010894440664,219.50004626863856,0.23435482113738715
2014-12-01,9.222317675889325,9.222330843906544,-3.8401683026126756,-5.135460802295741,111.15166282412747,22.74344702716249,109.8278482932419,419.9711631283769,191.74390423515663,24.09442735473169,30.242676966786675,-163.97924911732295,433.98493139793175,214.45672978218343,-273.19489970390435,910.0376954135628,296.9326198316692,299.15302416991443,0.7610942560649582,0.29586412456973277,0.38107757159875527,0.8669581212709607,54.87372156675851,54.584256942590976,285.8918479525691,266.849850807481,26.003024169914454,23.782619831669194,58.738169921720925,214.59489560582813,-0.15853770075366924
2015-01-01,11.988281024353329,11.98827988811703,-3.4457993762468253,-7.781694764412487,99.73653401875866,18.482480365483113,82.48409107663468,419.10215248718436,167.33451823499095,21.372242040297266,26.21932302876603,-143.32993269409397,438.57585242377365,207.9842729339021,-252.6676812805388,707.3312106085516,296.52818948640277,298.322033149994,0.7207711142889638,0.3600462027753226,0.5387334801728801,0.896548748192016,55.32849356545699,54.95977824075263,371.6367117549532,346.8830986144973,25.172033149994036,23.37818948640279,44.683408346636696,292.9383776612892,-1.1084047189138317
2015-02-01,9.59598149459873,9.59595995956229,-3.843635638138689,-5.229908781910528,111.25203420587184,22.36203682755539,102.51214046055728,419.5838877098389,191.93609094265506,24.230529101688024,30.29180966864011,-164.4367187021914,444.1429808498299,200.7328271953485,-275.30142077623213,1029.221440308025,296.7896030696368,299.0107716556885,0.8463704522712093,0.2777195438116707,0.38283141050712766,0.9186543237929033,54.656890811504034,54.37467816572096,268.68748184876443,277.66087845955695,25.860771655688495,23.63960306963685,74.56859358088363,240.44659983444467,0.5308380001240778
2015-03-01,11.960028344397276,11.96004232214162,-3.4936239322516216,-7.882434089825452,101.12099906311848,19.81064502159063,83.33386904384214,421.3166805801289,171.040104989406,21.84649659576175,26.432838257566587,-147.0092928316564,436.5674863653279,196.4854851514587,-256.49633458146207,810.1144560357851,296.91018124301337,298.724528585691,0.8517784990564953,0.3459373825507155,0.472829832856889,0.9285008788133564,56.65343954944101,56.27149425631654,370.76087867631554,346.06603941381996,25.57452858569104,23.760181243013392,60.01084943000336,305.3110792913241,-0.35518951061928306
2015-04-01,10.413287536719805,10.413262219480524,-3.5271412501171486,-6.5418238756677995,102.09147306386674,20.6624019238227,90.54251947989682,419.99518786784154,173.6382937637008,21.977849286879447,27.916751074709495,-150.14914406655578,411.46855685902085,208.78312361640457,-254.24160817350824,731.9021521998559,296.9232295104324,298.8409128425394,0.8060201461996948,0.3540078511254543,0.3635754989653201,0.9042827752911516,55.66376429205535,55.36667400736776,312.3986261015942,301.3096707025615,25.690912842539433,23.77322951043243,45.458484557103674,245.19816419164158,-0.5214819958431605
2015-05-01,9.6510798003807,9.651162220827002,-3.235704672400225,-5.657602481068835,93.65585610444087,17.06345719947631,83.1331319811897,419.5461712283044,156.9009055868783,19.64410640379356,26.214983567288183,-136.3833914998905,380.46521360222016,224.45876486615117,-235.20178624927914,611.7887864565554,296.8401274830509,298.53538155709964,0.6553832552914123,0.40712826779125977,0.3918577595693882,0.84943056765353,55.58686096196945,55.32512404914545,299.1834738118017,279.2581661118924,25.385381557099663,23.6901274830509,10.743021383127967,196.8962367618944,-0.5509053713148688
2015-06-01,5.911550858947528,5.911575287841419,-3.3534602053041365,-2.430137492912373,97.06393033403351,18.122671643140006,104.25905123664427,412.4779156182498,168.7634739413943,20.341764226390328,32.41779407416623,-147.00346906136707,362.5130123839253,254.7369640949861,-243.00316064072905,735.1580417462079,296.3264244111383,298.537435381453,0.36788099847320005,0.34715408936161346,0.2829161645540207,0.6465928123461477,49.4035973635013,49.230481704943216,177.34652576842586,171.05252568985588,25.38743538145303,23.176424411138328,-11.733803454257043,62.85571889153802,-0.6009269899726917
2015-07-01,4.787732676863273,4.787688656487057,-3.4588955938888626,-1.2657216825553408,100.11571939083339,23.156455697075703,116.84950836703158,411.4593438988297,181.39674618032464,21.6703386368309,34.66228856396759,-158.22039744517392,369.19383351609844,262.00440827066745,-255.94324866134835,864.5851780696545,296.21271769054067,298.677928292655,0.3113328342501534,0.3523395106588819,0.25545227516539465,0.6142762905272077,46.75879394730674,46.605505602341424,148.41971298276147,138.53265788446345,25.52792829265502,23.062717690540694,-6.061159609319105,32.06984509101372,0.28593379329723234
2015-08-01,3.6868924411565205,3.686891199900352,-3.6276705864601584,-0.01647335296944093,105.00109706929402,31.853436393215645,137.29037650330096,414.38027551039835,204.77541129435573,24.41136010494736,39.64298250691245,-178.16178913713418,395.20719314124915,259.80751862293266,-281.5136953269562,1329.9786876675994,296.40631513023504,299.91892863178066,0.3649920226931071,0.24023248812051473,0.241966019884794,0.5905247950923038,46.33749675363221,46.19714227838972,114.29366567585214,106.6808796267463,26.768928631780682,23.256315130235066,21.706176704023562,21.721686093763793,1.6642731677120537
2015-09-01,2.8168227503769794,2.8168072125849983,-4.2367218064324685,1.5719883346700603,122.62948630869637,36.97241329381532,170.4359992235297,417.3528345014474,237.1780720815091,28.375126351761587,42.19241880111166,-204.59031877618554,422.7358538342865,258.2486285613619,-311.76345581334226,1653.185571051578,296.8521577829555,300.6133794004869,0.47804827926077503,0.17411921750563034,0.1871361217116157,0.6214423708637508,46.91055678203867,46.79308770627608,84.50468251130938,81.50483832711222,27.46337940048693,23.70215778295551,53.514827251980364,9.594178897834041,2.796000372562176
2015-10-01,5.134914657479091,5.1348942372147945,-4.14740950576898,-0.7828383356217327,120.04438414942273,36.888744277779466,152.72205685936055,421.8046977924371,227.91632577752364,28.074061408357018,37.27109299459086,-195.55190576362094,437.4246668827843,236.33319462203036,-305.72206439948854,1476.485856925942,297.053824719828,300.18621543273554,0.6549828442038435,0.21606076887603426,0.24116370771022896,0.7602698647867869,51.861331458109305,51.68679174147582,159.1823543818518,148.5791156601503,27.03621543273556,23.903824719828037,69.38886977745818,96.57591694635786,1.3476843418279003
2015-11-01,6.699581340911481,6.6995780058049625,-4.164412908454089,-2.332805068910815,120.536691590116,28.3488155521659,135.22934719399393,421.68934539059626,214.46994973474392,26.727961314397817,34.45321794429926,-183.50482258713023,437.338802650247,223.51290672627783,-293.13364516123914,1250.0478005698249,297.28716563185156,300.04570152751546,0.7140599443788646,0.22366125591210723,0.28761954554495384,0.7978646234027789,53.93212091333724,53.72022517069615,200.98744022734442,193.85353026056026,26.895701527515484,24.137165631851587,69.62073843496131,142.7714796048565,0.16609750054905703
2015-12-01,7.980675274815526,7.9806695775546945,-3.944055216426302,-3.6555329307739917,114.15857886944411,25.92805710755228,123.36680978049249,421.73685724702716,200.59085104775036,25.110563074357778,32.01697730401539,-171.62167949511715,434.0103565397239,231.3153004367658,-280.78989223306496,1025.8945777270762,297.0915938658217,299.49710783052916,0.6260618607415688,0.25644796690656757,0.3803844098970373,0.7929528920119464,55.20031779056472,54.957605039996466,247.4009335192813,230.92215212831871,26.347107830529183,23.941593865821744,49.474591796299165,166.72009884106842,-0.48193378589463975
2016-01-01,6.658022400095863,6.658038765914471,-4.0130447235515,-1.9101184210714708,116.15499792987548,25.403151888779643,125.57773451390977,426.1636507732524,203.58905350841147,25.55560022516789,32.0452783077454,-174.78096938851738,438.37210243289417,224.10152022029095,-283.8625414231433,1288.9673584603784,297.5481026697714,300.16176307242546,0.7096835097444606,0.20304896384604132,0.39626481634925964,0.8359478677623924,56.97460764645215,56.743351841704495,206.39869440297176,192.65158466187705,27.01176307242548,24.398102669771447,59.76102120285233,135.08006667273708,1.177541262116847
2016-02-01,10.460598778683224,10.46062628630769,-3.7389841119557357,-6.371424811861059,108.22289026694989,20.50093423304045,96.62995808990247,426.03332602758195,181.3518460215088,23.121992372280502,27.371840712360882,-155.37089899569747,443.96724110671886,209.7906068872052,-267.18317214501036,938.3554774262567,297.4889925775148,299.6127547095925,0.7676601690268454,0.26990717520352475,0.49311110021812066,0.8869422938581499,59.35340447465785,59.031474319256816,303.3573645818135,302.680158747329,26.462754709592502,24.33899257751483,57.39256525780516,252.57459995483805,-0.7247662166537481
2016-03-01,11.992400320304995,11.99237201909332,-3.5551142895525167,-7.884405356235688,102.9008885975293,18.819209991880825,86.1542703123336,426.9014422934237,171.07338012319542,21.901370195618753,25.982627202692182,-147.12488140038477,435.9977429705931,196.54928466275058,-257.00010271134096,981.9832251872513,297.5548633045631,299.53485956529335,0.8452753639720612,0.29526510818661694,0.47999461890506784,0.9230476787845928,60.09044035517083,59.69166770281812,371.7644099294548,347.00150518209836,26.384859565293368,24.40486330456315,60.45081804859038,305.12927902487695,-0.577844391717548
2016-04-01,8.581046736482696,8.581066640029492,-3.6285218279327154,-4.311477157440616,105.0257027697379,21.383244070065455,96.22427434044393,423.8192786448766,176.40286880752342,22.37206325826894,27.69842387961159,-152.62134743054384,410.56016261084613,213.48403167770027,-257.2515502322989,921.5048348077316,297.0778286848155,299.2803949033632,0.7816937824144435,0.3578757338487505,0.3409720854175549,0.8906863833738812,57.49167872848673,57.19898326264884,257.43140209448086,248.29475231566818,26.130394903363197,23.927828684815495,43.76751855459861,188.52259138940002,-1.4860232888711238
2016-05-01,7.462327816913758,7.462260355655692,-3.393485440312063,-3.941977105804166,98.22267764779706,18.998806879599748,95.8814152745372,419.61256946900784,167.6490465169594,20.79977460351037,28.915503587174918,-145.7535350937398,379.6642348553479,236.65609829530567,-244.73635592459163,706.1755107446778,296.87216916305124,298.965433108516,0.5688985748847978,0.3799458486612502,0.29753531824762053,0.7748955860790445,54.43124326919642,54.21907162589213,231.3321623243265,215.92188529096333,25.815433108516004,23.722169163051262,8.080257629285967,126.16291829328418,-0.38345302083193644
2016-06-01,5.1483344814238245,5.148346460887249,-3.3160299504984887,-1.5213414436023258,95.98058762319535,19.075060689319965,104.10593750220261,410.8101393598565,168.85693568501816,20.272741190010485,33.14318588818774,-147.04658322235412,362.2483896958171,253.6088352873415,-243.25701374496384,921.9672171410259,295.8044235687457,298.24049459874567,0.3726312529264018,0.37199436322888,0.2645552495175863,0.6587659622705069,48.6181784224422,48.447951131148685,154.45003444271472,148.96835824326533,25.090494598745693,22.6544235687457,-10.35182154237765,43.78820005604126,-1.1522509783489312
2016-07-01,3.8885527514271856,3.888562682006224,-3.3272160249079334,-0.33585624845232304,96.30463438007251,27.777972975473922,127.28889036732274,407.5463944927158,189.95783894389857,22.53365063387158,40.872426747317405,-165.69576868533542,369.5336697624912,259.41447905259975,-261.24222107335606,1324.222582688797,295.5626108375671,298.94806603456084,0.37182777480439055,0.2535613636832747,0.2512023958757217,0.5836429258297748,44.39889594715281,44.26086643912933,120.54513529424275,112.51628130805045,25.79806603456086,22.412610837567115,1.8277420207563182,17.298654366262667,0.740734582471589
2016-08-01,3.851465527033711,3.851482417721845,-3.5670638309476406,-0.7756704088031826,103.24710764878819,36.56882285203931,145.1503896522069,411.78556589591403,210.44777381811858,24.968840090062344,42.32772456397824,-183.13325996116086,395.81203026734914,255.27218755410655,-286.19438741340923,1522.8463200385247,295.63822477032,299.78344032804364,0.3872812578248012,0.18726896949949576,0.2120069733175099,0.5515039242680854,46.16967849680165,46.02644122040578,119.39543133804504,111.44335699426635,26.633440328043662,22.488224770320016,30.92219985930268,38.12884430842574,0.9896048963551038
2016-09-01,5.2856760351197245,5.28567290902658,-4.019234184018002,-1.536370171138564,116.3346054859521,30.801615417746273,135.99183745188915,415.4097955621622,214.26133350460964,26.054805145365354,36.38928206396182,-184.6452750581312,423.15436487683894,235.57833023408728,-294.45134033189765,1202.777723139985,296.0840552360955,299.16518184953844,0.6051425491832814,0.2495290057088272,0.2318023724880973,0.7567768989044865,49.69068612057599,49.52651664728166,158.57028105359174,152.94192445100057,26.015181849538465,22.934055236095503,58.87301009781038,94.36055697238784,1.1197720904710167
2016-10-01,6.4774359069746,6.477444566642128,-4.2215290032842825,-2.2964557558422705,122.18976960467937,27.242183059276854,134.37931352837907,420.1972863788059,214.59739539241343,26.586240683177373,34.308595514142255,-184.0110129160582,437.43005251955367,222.46241501104902,-294.701806306312,1226.620446861884,297.0305004366509,299.74746702496117,0.735008698504489,0.2485078514782247,0.27848258855204305,0.8253798782577952,52.16089318341076,51.94710387073802,200.8005131162126,187.42605806256157,26.59746702496119,23.880500436650948,72.23939129526298,137.20521501518544,0.2704647379597418
2016-11-01,7.1704191128617385,7.170419946546741,-4.181141521501447,-2.7599077548851882,121.02063141762348,23.985841742984416,125.73540938509241,421.38009988030575,208.35219941000483,26.003709365092522,32.73033856879084,-178.27390137953162,437.08187929282883,214.49317853447428,-288.7138723238278,1206.0456320542794,297.235744487126,299.8113098517231,0.8045921359689829,0.2611326596197799,0.22916394894284173,0.8688513848191891,53.85474189594198,53.62841556773696,215.11257338585216,207.47742900887562,26.661309851723104,24.08574448712602,74.2206937893535,160.14040173047277,0.5370896501328843
2016-12-01,10.035737412227899,10.035746014598029,-3.6878144917413596,-6.014248859963592,106.74151888449502,19.946003235982793,95.8584792162676,420.3432755621341,181.39041665684155,22.9948712349159,29.323826329178534,-155.04586119375526,433.8667374271423,203.13800166192289,-263.8313882667578,1029.2340480415628,296.89636378116626,298.9439363173474,0.8379599398842937,0.2539268329864006,0.44024760865910134,0.9134519984384419,56.14859369162388,55.83863022226356,311.1078597790649,290.3861694038781,25.793936317347402,23.74636378116628,60.69338660483493,245.30352438011911,-0.9654872559010954
2017-01-01,11.567588636307875,11.567583981185496,-3.640464424077938,-7.3617111821878005,105.37085240571504,19.287119254034668,90.431365547647,418.83397948528943,177.5423879184011,22.583778991593768,28.153774878284842,-152.1119174022809,438.50332307617475,201.36495154890773,-261.71401204423904,882.0403581491099,296.56587974562257,298.46692458321644,0.8344733151515512,0.30218364304429696,0.48068570836115293,0.9184867967395222,55.493082492194354,55.151196716906185,358.59524772554414,334.710184640784,25.316924583216462,23.41587974562259,60.349060495331315,290.3882218661539,-0.6998291357536459
2017-02-01,10.134672099905677,10.134652141131626,-3.7833750508175625,-6.036610369054204,109.5075337426584,21.429209028349323,99.71772523722207,419.49841311360206,187.37613621725637,23.729579928457618,29.65103410611061,-160.48509794441776,443.95666661088165,200.1646176162408,-271.2453030558112,1086.598759046254,296.7377199002704,298.8369501268398,0.8183295334185625,0.2567577757441675,0.43198649857432736,0.9019029255887101,55.65185639681102,55.332879040790374,283.77081879735897,293.24803649107713,25.686950126839804,23.58771990027043,71.08068543957037,254.9238671206897,-0.10267893270057016
2017-03-01,10.797272272891071,10.797227431949324,-3.7134862884220325,-6.751701200602397,107.48470342287371,21.905717565100016,95.81554024970703,420.27580264424944,184.3001931879864,23.43145104915583,28.931084253574383,-158.45455495287243,436.08079935601654,196.13314867752436,-267.5845746099436,1012.3113244237063,296.8740946925998,298.85781034684936,0.8599007294648181,0.28177141256717514,0.4219349511642302,0.9200006880011485,56.25402166504795,55.92182121479337,334.7154404596232,312.41977523001515,25.707810346849385,23.724094692599806,71.45142593241926,276.25344802823633,0.13304971132433252
2017-04-01,9.268107253522322,9.268022007926147,-3.6185909556807485,-5.309050251830798,104.73782624863868,20.543209486256192,95.81325037483023,420.535246926701,177.79985536808914,22.50466547826534,28.98883228509589,-153.79483826100358,410.7568251861124,207.3467895499343,-257.3295629617302,1010.6106779132507,296.8911294267971,298.94552870351276,0.799721288334777,0.29303246846285724,0.38005519209897626,0.8951283967928251,56.041783331336156,55.75501502715734,278.04321760566967,268.17193309971486,25.795528703512787,23.7411294267971,49.982773411795876,213.89191002185925,-0.4750297589871906
2017-05-01,7.0574686829362685,7.057328885638342,-3.558877195493182,-3.298514823930247,103.00962409811287,21.371599970883338,104.33147025259923,419.9121775038095,178.34063569395855,21.98924048108084,30.592501318366818,-155.09850038069987,379.83102005127296,223.10097346587116,-252.96041858985203,835.4719349354127,297.1795324147977,299.1874524687901,0.7323796579221342,0.314952441421428,0.2586536970874189,0.8393307293338829,54.29916908353357,54.097917762333594,218.78152917102432,204.20511821870204,26.03745246879015,24.0295324147977,29.859445123980862,130.93016425123318,0.12477499333685671
2017-06-01,4.564106793344516,4.563926460512582,-3.4824601958145203,-0.4981634637735851,100.79774741355268,20.89018234434265,116.41422354382347,411.3131775793563,179.4231648425009,21.481821056434047,35.15661100402199,-156.32770727411238,362.24563262622837,256.36520507208195,-251.67937763774788,968.1433262458429,296.11107485670266,298.5598548807583,0.3713353816707162,0.3046103420359543,0.25777348585634563,0.6210140243403495,48.46771115206721,48.317039954806596,136.92320380033547,132.05805730649834,25.409854880758303,22.96107485670268,-4.6858274343340724,27.091315946416515,-0.5168334878049308
2017-07-01,2.4464927281475775,2.446423195825719,-3.479823065903557,1.5327773332545587,100.7213618858762,29.14132108181114,148.19858356825395,397.2001931567632,205.40483963180498,23.94940139992675,48.476953864200084,-179.19603221754767,369.33508322779403,269.0170313436168,-272.39244401980756,1803.2394324140014,294.00608308756165,298.45197429682355,0.22271624899286233,0.16178291368252326,0.24277813732934103,0.4459528014409973,40.537112374262776,40.421930207328806,75.8412745725749,70.78770821254973,25.301974296823573,20.85608308756167,3.375412676190763,-27.414636382795948,0.8563953856602353
2017-08-01,3.415436523546331,3.415381129095978,-3.6695036545338033,-0.4056064553800603,106.21147871149536,36.6928248021991,150.5448611677643,413.0776753309965,216.09322169700238,25.62871201706053,42.7436937650948,-188.0775621943381,395.52184300543354,252.84351804560026,-290.73563631982313,1692.318988298589,295.91667792792606,299.8886994175369,0.4803459325014975,0.15922357189356914,0.18555641911209195,0.6177884167150804,45.9371815856434,45.80516403284679,105.87853222993625,98.82468544837899,26.738699417536907,22.766677927926082,37.89211827422287,28.075760095557655,2.4295649155488377
2017-09-01,5.3834292186272,5.383356842115951,-4.033508805102124,-1.6443593768275377,116.74744629345317,34.347195589624945,145.0491502014923,417.66861149316117,220.74678250821827,26.729060744061503,37.9545675296741,-190.3481905870562,422.915810540476,234.27507007432095,-298.8952103065309,1401.665018033028,296.51181268628903,299.64274668892614,0.6575236174928825,0.22715290966220525,0.21931853137079899,0.7657797074093353,49.607953439363094,49.43302273118226,161.502876558816,155.76842714455876,26.49274668892616,23.361812686289056,64.62014023220993,102.34213990901155,1.2989811743039752
2017-10-01,6.235475690177365,6.2353557165110365,-4.16867795877745,-2.099735017369285,120.65952294040873,28.990752930866933,136.88954093761555,418.90669449916135,216.93939122080428,26.731402859967705,35.34534443870003,-186.05040766793417,437.3203732789492,223.74595923505336,-296.3458211026679,1386.5479439482488,296.6732172673325,299.45619012274153,0.7200999508915531,0.21066210863837434,0.2816991274019385,0.8122729988360069,52.395881307077346,52.18528381085058,193.29974639549832,180.4211723527499,26.306190122741555,23.52321726733254,72.59986186761455,131.30672392199725,1.0547873579584603
2017-11-01,8.137639880991042,8.137587673468357,-4.0067399236085715,-3.969587011407434,115.97279696643002,23.463708963083473,112.4747439630486,421.1106973904177,199.99616527465457,25.012364336407508,31.639281961549372,-171.0741455868642,437.0567475265641,203.7359101739944,-280.666959231502,1133.7996623608644,297.1124726279485,299.3662567857075,0.8506997564670441,0.2580832727397352,0.3240835718933156,0.9075806473449357,54.88221493266989,54.624011271286605,244.12919642973125,235.46260629248718,26.216256785707515,23.9624726279485,76.93104905750761,196.42250068776343,-0.0016423041986541875
2017-12-01,9.034554557564949,9.034398656203031,-3.7534504990910884,-4.953189463760549,108.64135886286353,21.374377453014123,105.01644502974295,420.79029871389065,186.85307023622633,23.566489316964617,30.119403215765924,-159.84645845595475,433.80581041347097,209.01937776382576,-268.2111520418043,1140.8711273390022,296.8503044886153,299.05258388317696,0.8131092267359946,0.24126161474578608,0.4365942267562718,0.8980438965295169,55.57431653772303,55.27282327492189,280.0711912845134,261.4119981540229,25.902583883176987,23.700304488615302,59.19177427797857,212.25109464482676,-0.28868107568881385
2018-01-01,9.123772677304316,9.123732371904378,-3.8350681978255174,-4.964036777712674,111.00368635651111,22.903737401299963,108.65646177930158,417.66145780105467,192.15460216289046,24.241658337752884,30.785066777948657,-164.78076784717064,438.3809629095886,215.81445000233032,-273.6009728778058,1026.7741967798393,296.4768303612209,298.632586553266,0.7678458664753183,0.25198804665621993,0.45250687879406243,0.8838676999238314,53.66023698256892,53.38964070169956,282.8369529964338,263.99688576112203,25.482586553266003,23.326830361220914,57.7865228754755,210.6914449686755,0.08827731141090567
2018-02-01,9.255226517063166,9.25514919330923,-3.742192804722308,-4.954951738587101,108.3156016790001,21.62950351494085,102.61610326879367,419.5126479279968,186.92544023274056,23.738669138070367,30.415829320076938,-160.11248395494718,443.89044608341436,205.0645867224271,-270.22827019083104,1176.3949082703864,296.5757891276928,298.80813154466915,0.8320774984688307,0.22252837446608736,0.4639542571616736,0.9129618423727497,54.87968717087758,54.55309727127425,259.14634247776866,267.79945582491985,25.658131544669175,23.425789127692838,65.16368346840395,224.89598817339441,-0.24845055907070446
2018-03-01,8.965708812718141,8.965715443136846,-3.90010747080942,-4.883123350474548,112.88564059251235,23.936439160210526,107.78701441793521,420.18921675606555,195.25183760533363,24.67580983869672,31.110069804717014,-167.86819140352097,436.1598901705172,201.99350037261644,-276.37515313530616,1168.7332525716347,296.7928367104838,299.1335006216411,0.8578964592393693,0.24687481724947058,0.3670627953120352,0.9182584651717699,54.87819249752721,54.60834367270163,277.93697319426235,259.4246366648393,25.9835006216411,23.642836710483834,74.38165276268973,220.98460698893558,-0.06395815391893223
2018-04-01,10.294511806783204,10.294470010668755,-3.517697171949272,-6.393825345830099,101.81762359878212,20.328024800359053,90.33552606540071,418.93459506767806,173.05024412098982,21.93513339318519,28.216444159229642,-149.6519253218997,410.9495025121354,204.9521466081821,-252.605724662895,878.8922687176865,296.6084238439462,298.53613890072575,0.8372448104086803,0.3366931421726996,0.41866110799218326,0.9217175001194818,54.954283032812526,54.638601242063345,308.83535420349614,297.87239614203577,25.38613890072577,23.458423843946207,47.65357805471291,244.41851783443767,-0.7101672364711078
2018-05-01,8.669893161606453,8.669772390780125,-3.3132832140015043,-4.903173472000757,95.90098343851474,18.22843149114992,90.0484147096885,416.6654654358911,163.27959247768572,20.340733423381486,28.64182204087133,-141.97625317225965,379.99568988559486,221.17409570894506,-239.69317035918198,734.4805419353147,296.47039441309846,298.3837300938289,0.7044142652125239,0.35658535566791383,0.37199743697686666,0.8439759949960163,54.12832451127655,53.87667710212544,268.7666880098,250.8614696406286,25.23373009382891,23.320394413098484,18.519074650236917,174.27454465062712,-0.7949837982763484
2018-06-01,3.879351839159571,3.8792727688759623,-3.1849916482557137,-0.1647581183064313,92.18766482518983,19.896313362647845,103.33922546873974,406.8869052114837,167.8506561674024,20.1508072351358,34.80633150859156,-146.18206274281906,362.2411916979043,255.30012904813879,-240.75898628273004,1029.6021164134843,294.9745401532724,297.6717157711334,0.38741808140380546,0.37173329746837275,0.29255179778246193,0.6844970332938339,46.022347828479646,45.85786532392505,116.38055517478713,112.24747595127205,24.521715771133415,21.824540153272437,-14.54114276540875,6.226915314283659,-0.7082469536101854
2018-07-01,3.473460818231074,3.4734140352020884,-3.28446721836331,-0.021619549975381288,95.06708704559662,29.326575937507798,131.8824037300852,404.8868576271736,192.25662055538962,22.7810946503328,42.21576005080344,-167.73198941807084,369.1347912113868,261.57071406813463,-262.64333973623314,1496.9590534333515,294.88994364734094,298.57213490341525,0.274091831246727,0.2038937993004564,0.3006323485415552,0.528472848382905,44.67492904953737,44.53016132865879,107.6772853651633,100.50387833339376,25.42213490341527,21.739943647340965,1.0726256680985102,5.386850571732666,1.1225663841629796
2018-08-01,4.6748946744722195,4.67485649789386,-3.7648124609446465,-1.0292087251063209,108.9702154393013,26.494062112765775,129.7611263258392,409.24469200219164,199.06511563948953,23.809858453216144,36.90161788001236,-173.12523838761916,395.2286149584114,248.4798108271053,-277.48642809390856,1061.053424853235,295.55085726506604,298.3105512548188,0.4400528481963913,0.28593451762112476,0.22468494938500702,0.6428019398858832,46.68701408464321,46.5263052327214,144.9217349086388,135.26783848072512,25.160551254818813,22.400857265066065,29.00661726680326,54.54489735268736,0.7593429555397222
2018-09-01,4.195127287681231,4.195032809006796,-4.1284373129882805,-0.27708749078387634,119.49500887000991,34.01522871598021,156.8281153817999,413.0752762231397,228.85349604558664,27.53063282277523,41.0901584268519,-197.3186558431984,422.674147819357,240.85293470973804,-304.5019112272043,1603.7979116539211,296.0443848659085,299.53610748871705,0.5761861009324402,0.18533742527632183,0.2106102113993437,0.693479936278007,47.49646664837406,47.344334183851856,125.85381863043693,121.38405118653924,26.386107488717073,22.894384865908535,63.64897651746625,62.8197590036392,2.7182598303563736
2018-10-01,6.669506279209652,6.669458625301606,-4.119862807690178,-1.895666980233727,119.24686897730423,26.108249919274368,124.84136703320627,421.0134463909712,209.9932880924346,26.069700242665622,33.82634173910827,-180.03744916257673,437.206551285523,212.9434037455467,-290.5130996152987,1360.8444279334271,297.1115826724157,299.56886962859693,0.8247654999626273,0.2245343255308274,0.2856069148702458,0.883304445186779,53.222312060998696,52.99699154751827,206.7546946554992,192.98202040803258,26.41886962859695,23.961582672415716,77.569695869752,150.44885877359047,0.8559885268898597
2018-11-01,8.982062234141441,8.982032013702812,-3.882036867778152,-4.706614676925101,112.36286154489241,19.375230706016843,100.02145026891966,422.7787806958948,188.52317265789375,23.785639330111614,29.530108956437587,-161.1987854573183,437.02737083038016,198.97102109617109,-271.32838193639293,1099.7338353245289,297.2752319527431,299.3567252770125,0.8782593506549364,0.2512957140142834,0.3810162114930425,0.9265217476829234,57.156710263567774,56.865453328313556,269.46186702424325,259.89675965575265,26.206725277012538,24.12523195274315,72.35736084022184,219.9606747011106,-0.06941575002852574
2018-12-01,10.433174793556226,10.433089976893907,-3.5614676493275548,-5.904786934823285,103.0844211910613,17.55935327804981,90.7497793392817,418.51868945624267,172.66663975827677,21.938385314650596,28.024367617900147,-147.61778141663905,433.7431721391268,212.14538128259753,-256.29434642409797,962.6525745847721,296.54335050528334,298.45525012535035,0.7493032447794566,0.2718435919338898,0.542486867688425,0.8979108755924183,55.51994584359433,55.19476117836368,323.428418600243,301.88339053512465,25.30525012535037,23.393350505283365,44.14896514150044,243.99829515593598,-1.0503606703722
2019-01-01,10.675607103134725,10.675477034795309,-3.577336286013913,-6.5485177835293795,103.54381397161124,18.746629542650407,88.17516789049692,420.10381877524935,174.28145719997192,22.236251676634907,27.22902478884906,-149.32863077335165,438.30681881056887,203.13939702430642,-258.9230637957068,863.3653955148637,296.69179655858034,298.52171946982173,0.8162273917504228,0.3103334878196854,0.5080185609743384,0.9142256670495842,56.05295650070687,55.71426183291601,330.9438201971765,308.8969049419939,25.371719469821755,23.54179655858036,55.78366677140039,261.3275952715421,-0.1908375297590652
2019-02-01,10.211917932583393,10.211835215725195,-3.8367810784042464,-6.025745976956937,111.05328727132265,21.106018917196785,102.6053404269611,422.16078982761303,188.810738728412,23.96376298556607,28.968923577892973,-161.78741552764342,443.8711404581209,206.47516148683,-273.07055313606145,1058.917912185558,296.96200853460715,299.0479270838385,0.8277943768776258,0.2563882628733459,0.46951646208094944,0.9124800282224699,56.96579990356336,56.67553910282816,285.933702112335,295.481343047604,25.89792708383851,23.812008534607173,66.59539164923146,250.36426166428183,0.6591857612310008
2019-03-01,9.95533849234022,9.95531551114416,-3.8677920689058323,-5.947453629995543,111.95067509901699,23.271339308664558,105.19200789212789,422.5354204223581,192.32891552456803,24.360691521491475,29.942999537703766,-165.44059213741116,436.28504201231806,200.33814346205267,-274.7405472392067,1094.036783264456,297.21352111192425,299.34516680409433,0.8496242706197797,0.25757213989876754,0.36929108136905386,0.9078902416395328,56.53580896866097,56.2452996361615,308.6154932625468,288.0588978919028,26.195166804094356,24.063521111924274,74.40240377715403,250.235048378014,0.2755781920258471
2019-04-01,9.576104545579511,9.576038966186239,-3.699401265363825,-5.672903093953567,107.0769671961046,21.614143051936495,102.5603881872033,422.0581611985917,182.53648533243785,23.118911530864366,29.388409053561574,-158.01249737426565,411.1868351690764,207.2292539953525,-261.5225432309826,1033.013430293094,297.1358289970651,299.172934168407,0.8040721645936918,0.2810200477041558,0.3656827004305584,0.8916040126007984,57.166788279662704,56.865827696786226,287.28313636738534,277.0844608271481,26.022934168407005,23.98582899706514,54.293289235630084,224.36780479401062,-0.06702192733703782
2019-05-01,7.93201361027532,7.931940377721808,-3.3821939373823184,-4.302266649149874,97.8955424733506,18.735297718517323,99.31043683399966,418.8344586182789,167.73721770106528,20.727151232439095,29.86373332027267,-145.87287338556968,380.2030434837954,231.64236707726906,-243.6365334194022,958.1388460139823,296.76632314003615,298.8576160970889,0.6709083594943286,0.3288353971579666,0.3421150282664862,0.819485944554913,53.62258104387906,53.36590188001574,245.89242191853492,229.51216370722824,25.70761609708893,23.616323140036172,11.994166342133155,144.23248770258172,-0.6217001265709285
2019-06-01,6.2502651147196575,6.2501833177114445,-3.3504398130463686,-2.384091258418881,96.97657946789799,17.86611400759586,105.08338772706826,414.4954679945956,169.085113313366,20.40622884789395,32.92540799663798,-147.32372233148203,362.27917648158564,246.70528819168564,-242.71660638701698,1039.3882743479614,296.5908828068176,298.7575680842546,0.47484197510509535,0.2987082253883139,0.30819451834122175,0.7028083104904392,50.55240863153244,50.35744329476953,187.50795344158973,180.85021173933578,25.607568084254638,23.440882806817626,-3.9886818046686585,80.32932960741891,-0.44437914064978656
2019-07-01,4.033155768873451,4.033022989657643,-3.471367431272462,-0.382943474137016,100.47640983371055,23.978189143960144,124.57690450375071,406.9959000099139,186.58854430780292,22.13704161283801,38.48820071610807,-162.7926516377463,368.97628273504733,256.4990756372586,-258.8806364509716,1226.228298732641,295.46859888538376,298.27749868363003,0.3531900819185092,0.24627107715347293,0.2723492119309476,0.5907116380145429,46.05989887446021,45.91533358157784,125.02782883507697,116.69626706185309,25.12749868363005,22.31859888538378,2.3815608137130084,18.751566097888002,-0.15014805603244952
2019-08-01,2.7956053462485357,2.7956014503695052,-3.809326890904155,0.5395565148491517,110.2583774652581,32.795974324435655,157.75179464209825,403.54191016199997,220.38258502319408,25.94709966194177,46.58804622172612,-191.79799675549134,394.97883642425467,262.6397726185934,-292.9947536590309,1999.5606417020147,294.5389521489622,298.9282536314771,0.3164302512307636,0.13817531697099247,0.2191435681906588,0.5035392963362911,43.14456483019183,43.03161804755338,86.66376573370461,80.89124567041392,25.778253631477128,21.388952148962233,30.354981040437508,-1.1677494984781163,2.1555987440714404
2019-09-01,4.903050545386493,4.902999239043932,-4.26041586168397,-1.4083164117568274,123.31498126525524,32.195859959845286,154.0927375147399,418.079973376455,227.8862531408103,27.537355843247344,39.275151123871,-196.5708499719639,422.4775370249008,236.3370528811123,-304.8330825954532,1597.4657955188625,296.8679325585544,299.9026041669812,0.6693639365704,0.1624545878132124,0.18778563823060937,0.7529192511327267,49.40814728013927,49.25516413099688,147.09151636159478,141.86919094455823,26.7526041669812,23.717932558554423,68.49602971434092,85.26538177065152,1.7848576229923907
2019-10-01,7.283265673194207,7.283173560444798,-4.11903672666104,-2.9428764814507673,119.22308209783425,25.586878368840143,121.83967720782577,417.7036602875799,208.21005327594096,25.80311918571983,33.39455140561495,-178.44966518785847,437.1390415247279,213.7468279134559,-288.9849225086201,1125.0736603935095,296.70014769187566,298.8749889518731,0.7820495466640022,0.2419252840790914,0.30865829436013414,0.865862127649651,52.2816187308525,52.06561686077388,225.78123586902043,210.73997570731476,25.724988951873115,23.55014769187568,75.23809459516423,166.5098348890756,0.24515331556912656
2019-11-01,8.935177614052057,8.935108733064382,-3.9963002563281256,-4.674226341373798,115.67037959873639,22.057697764856318,111.70225405994287,421.20790008681655,197.45936019432042,24.806149685115663,30.610763195707076,-168.89404314467336,437.04572844496494,206.71844463831383,-278.8420645806023,995.4897894269217,296.7507911137428,299.0420871603117,0.8306178995504375,0.2586791699833472,0.35743179007542586,0.8958103808492275,55.52550741230858,55.260114627441496,268.0553284215617,258.5390258409833,25.892087160311746,23.600791113742844,72.12361994228849,214.43706359916183,0.5552025853735785
2019-12-01,10.747663171651059,10.74757014975185,-3.6858545590157776,-6.751589094123141,106.68466677580622,19.097101919876334,92.08162325199311,422.1438136184678,180.02597118591657,22.857351840330693,28.325448320744524,-153.90569564781612,433.72855634185464,197.9960855495962,-263.20470021496055,980.1532463588378,296.78694135637045,298.89671796921976,0.8646899194916099,0.25992435223157023,0.42606776647944467,0.9244075788967122,57.51142938341302,57.18550075327175,333.1775583211828,310.98293257383824,25.746717969219787,23.63694135637047,65.20861466536437,269.7084018320073,-0.20152136861096892
2020-01-01,7.225941264144493,7.225860717758638,-4.035345944221112,-2.6898851071309444,116.80090663579135,23.399739719255464,127.80979224038215,420.88040539987173,203.67586813948319,25.384866208295684,33.326508623342825,-174.79857159751836,438.219418186021,225.96923678667707,-283.1602636775404,1424.7179430051692,296.69988938781455,299.54611853870216,0.6692171976684692,0.18190250884710127,0.4218854551845609,0.8158400300970363,54.582203483351655,54.324145117464795,224.00417918847927,209.08161799070135,26.396118538702183,23.549889387814574,57.19102689086333,148.2003216266446,1.271416619128729
2020-02-01,8.38542562555642,8.385248983263331,-3.7736482132591815,-4.292027767676732,109.22587825358958,20.98631074601303,103.69464107237533,423.78284048656553,186.75218707492874,23.69023676054488,29.831752394648625,-160.09712631572174,443.8139127834924,209.1310602503922,-270.3214317163352,1309.9029185577353,296.8955784785675,299.4970643811367,0.7850712452417595,0.1994734986443782,0.49516085345615074,0.8938912593442415,57.02683377664611,56.737033163101806,243.1773431411362,242.62873215461025,26.347064381136704,23.745578478567495,61.190371465943,194.54004044549316,0.053184921470503355
2020-03-01,9.41319051346313,9.413101113845512,-3.8593864547789742,-5.246702918000039,111.70755796368341,23.818321524928557,110.20557759376223,424.06258360644387,192.83469337030763,24.285314091947008,30.07835690213756,-165.99666747907736,435.83178529046967,205.47946987617868,-274.5693957366411,1203.0969592091744,297.1351737675876,299.4320543825011,0.82561402810817,0.23230665084203206,0.4074013165993337,0.8978891861306426,57.212215307594015,56.884672687472545,291.80890591735704,272.36982389599285,26.282054382501144,23.98517376758764,69.08992586046244,229.35976070444406,0.39243108832782525
2020-04-01,9.47884664555798,9.47863108615506,-3.6059386535349938,-5.735336364611065,104.37168890671822,21.084872254948845,100.75419446414776,420.67426760082355,178.71005545240936,22.556815688247546,29.595857329356456,-154.67176903786466,410.38854155951265,209.80957200452102,-257.60537811894295,1062.9337072924607,296.6062342973618,298.87497020514087,0.7659008758022718,0.2553512748538288,0.4251367999903699,0.8700089754186021,57.01583114141151,56.69704442820785,284.3653993667394,274.2659457799497,25.72497020514089,23.456234297361846,47.795806114421936,218.07071244081226,-0.3806494531588527
2020-05-01,7.929152384633808,7.9290739910455015,-3.3330096523477932,-4.425033063792825,96.47206876529093,17.590841615406966,95.6843962611089,417.48616393943144,163.49686861746827,20.333731008221157,29.124703983747768,-142.23611695847,379.5036402396952,233.6867232698326,-240.15328788628116,966.180730272972,296.208795711726,298.35512710003616,0.6066535059261629,0.3382479958432897,0.38837908710605823,0.7932799321857191,55.007287874481676,54.7267160248899,245.80372392364805,229.42922427793695,25.20512710003618,23.05879571172602,6.466564616448551,140.37521753507022,-0.951497405975644
2020-06-01,5.157204617267311,5.157084098077208,-3.4574578104760234,-1.7511061994217725,100.07399602138726,21.27697795436175,117.10577039467087,412.5043262963647,179.97560160979754,21.59572337993604,35.2962234518071,-156.85815312552728,362.11117715097583,246.46783034078143,-251.51090296263789,1070.5965794813758,296.27837543512516,298.5953393655416,0.5057563247981707,0.2531639675959986,0.2628793933226812,0.6789584343936288,49.12299557544055,48.95219861752346,154.71613851801933,149.2211833934377,25.4453393655416,23.12837543512518,5.043072621856453,53.979304295935734,0.21095569797117264
2020-07-01,4.153937814078307,4.153817612334561,-3.579129893584587,-0.04840932426769591,103.5957206884373,25.459972614888063,132.0207290378208,408.51342147681686,193.5761923358406,22.916860799947244,39.158417100566105,-168.8602402805082,369.4150029501357,255.35496409951156,-264.61868120189644,1207.8214230968294,295.7407440513068,298.55126713135326,0.4197678031878176,0.22607813808655924,0.24408177899505307,0.6113806662718305,46.04359006504949,45.90908310257015,128.7720722364275,120.19148183838428,25.40126713135328,22.590744051306842,9.263717102384874,25.213348375715114,0.6461298766167403
2020-08-01,1.9347720458534794,1.9347385734039813,-3.674399124832648,1.0755318911204654,106.35351107842507,35.21027293452215,156.9553879432032,405.18204771613654,220.01070706898224,25.884142945665275,47.18677782118144,-191.44759735039077,395.6888459964657,266.11343589306694,-292.08508841799136,2009.940431833629,294.63041072026743,299.18999006026286,0.3276857759810516,0.12591587684589298,0.23321939151663332,0.5164237195059836,42.183740802299916,42.07823060154381,59.97793342145786,55.9820189063652,26.03999006026288,21.480410720267457,25.971652524924423,-27.096875163397556,2.6970355162621047
2020-09-01,3.975625228962675,3.9755167826655566,-4.0906188447867295,-0.40159459485460924,118.40023926188809,38.882055330020805,166.3989052190934,415.38364353309174,234.42385180324297,28.17988639466989,42.45386536734265,-202.2534829593786,423.0076582992328,247.1432879765782,-309.3538823917974,1835.7077788046647,296.10888029070105,299.82051313410176,0.5469737739889918,0.12462647863133544,0.2134490616987796,0.6535412412853535,47.67265694252482,47.52694262531823,119.26875686888025,115.0323143132395,26.670513134101782,22.958880290701075,62.21059441521922,56.32534646644356,2.517323000127064
2020-10-01,4.946740574622796,4.9466152783409525,-4.204790889642214,-1.0530339374227389,121.70501433334582,38.379658561788744,164.69357338543765,417.38032864843524,236.52621057464236,29.00025646712014,40.95324491815866,-203.04216561437914,437.25981389709625,236.00943635549118,-311.505906737801,1965.9117093908926,296.2489755829638,299.7297993612719,0.6369093100066555,0.10916470157173916,0.2710604847878973,0.7276685323226695,50.39032351349958,50.20547841944825,153.34895781330667,143.13122911866182,26.57979936127191,23.098975582963817,75.49647038230984,94.9184373665399,2.0042478010859384
2020-11-01,7.271243878261361,7.271193557356944,-4.126220833075865,-3.3189935824367534,119.43098440848416,28.136679163538588,132.4398039634474,419.6026739344009,213.7766421132182,26.596576790026248,34.88083440487179,-182.91681760015027,436.90529668079546,211.8625490087862,-291.8786703900644,1471.0304761303344,296.7426390310816,299.4503854734304,0.8109347001874067,0.16935880672346568,0.30053048009784306,0.8680411140975428,53.808875693136024,53.56737037201953,218.13731634784082,210.39333209944863,26.300385473430424,23.592639031081603,80.01612138127823,170.51014944898697,0.4683196232557236
2020-12-01,8.850461890210621,8.850476305472778,-3.8684531395477597,-4.762652722116331,111.97011489534876,23.051046421016476,112.14947980187667,418.16221582356377,194.84974005040056,24.407229710804973,31.910299422937488,-166.67186143766705,433.701411385087,208.67017563613732,-274.67568636867384,1160.1493100057626,296.57845707465185,298.824488959465,0.7991436371749905,0.19307258040285954,0.4299246087018035,0.8782481265814788,54.96896389111717,54.66952212189025,274.36431859652924,256.09017087594844,25.67448895946501,23.428457074651874,66.00551073253652,210.3851660147719,-0.25959930163568856
