time,tp (mm day**-1) (Total precipitation),avg_tprate (kg m**-2 day**-1) (Time-mean total precipitation rate),avg_ie (kg m**-2 day**-1) (Time-mean moisture flux),avg_vimdf (kg m**-2 day**-1) (Time-mean total column vertically-integrated moisture divergence flux),avg_slhtf (W m**-2) (Time-mean surface latent heat flux),avg_ishf (W m**-2) (Time-mean surface sensible heat flux),avg_sdirswrf (W m**-2) (Time-mean surface direct short-wave radiation flux),avg_sdlwrf (W m**-2) (Time-mean surface downward long-wave radiation flux),avg_sdswrf (W m**-2) (Time-mean surface downward short-wave radiation flux),avg_sduvrf (W m**-2) (Time-mean surface downward UV radiation flux),avg_snlwrf (W m**-2) (Time-mean surface net long-wave radiation flux),avg_snswrf (W m**-2) (Time-mean surface net short-wave radiation flux),avg_tdswrf (W m**-2) (Time mean top downward short-wave radiation flux),avg_tnlwrf (W m**-2) (Time-mean top net long-wave radiation flux),avg_tnswrf (W m**-2) (Time-mean top net short-wave radiation flux),cbh (m) (Cloud base height),d2m (K) (2 metre dewpoint temperature),t2m (K) (2 metre temperature),hcc ((0 - 1)) (High cloud cover),lcc ((0 - 1)) (Low cloud cover),mcc ((0 - 1)) (Medium cloud cover),tcc ((0 - 1)) (Total cloud cover),tcw (kg m**-2) (Total column water),tcwv (kg m**-2) (Total column vertically-integrated water vapour),tp_mm (mm) (Total precipitation),avg_tprate_W (W m**-2) (Time-mean total precipitation rate),t2m (°C) (2 metre temperature),d2m (°C) (2 metre dewpoint temperature),balanc_earth (W m**-2) (earth_balance),balanc_atmos (W m**-2) (atmospheric_balance),balanc_surface (W m**-2) (surface_balance)
1991-01-01,11.497237514692312,11.49716168768226,-3.2798015363712,-7.709695897967474,94.93188658570885,19.02646271971387,79.16452029692508,417.84198988670806,164.80392368231506,21.14701798467197,27.610302911464984,-139.87899181536966,438.42630166279264,203.8044468861908,-250.8982038502914,664.4276117147781,295.93351910335304,297.8793674592549,0.8082515819867072,0.4018080368545403,0.5014408623138789,0.9188875082046565,54.84313470023059,54.46862179949279,356.4143629554617,332.67250253710245,24.729367459254945,22.783519103353058,47.093756964100606,286.52403331701225,-1.6896604015180543
1991-02-01,8.664383394565691,8.664319296209843,-3.6048355305324664,-4.4307639651963,104.33965488502744,25.795844206482084,107.65369574834754,416.9747759387103,191.66535706106848,24.18356396679518,32.04627375185512,-163.1122627250229,444.00110201757605,218.91381438804555,-275.0810581687262,798.3383756684824,296.06346393380545,298.4099672415544,0.7201783901941269,0.3442055675051102,0.36898342521028094,0.8467584546429775,52.50270998983605,52.20783387750765,242.60273504783936,250.7036833394052,25.25996724155442,22.913463933805474,56.16724378068065,201.60078235340015,0.9304898816582465
1991-03-01,10.04996578152763,10.049888356552334,-3.424544081865159,-6.017911645020923,99.12108942431286,22.55307943283542,90.75820730619239,418.1459436631266,176.90567692203632,22.627858793382497,29.43937930076352,-151.22278936919244,436.53817689418844,204.70231787489186,-261.2877962355916,853.9137227098728,295.9585845437846,298.1376823477349,0.7876137172567307,0.35286882687252663,0.4742270396992564,0.903139826836032,54.91569757548957,54.56774151136629,311.5489392273565,290.79538068727817,24.987682347734903,22.808584543784605,56.58547836069974,248.1505284123844,0.10924121128064712
1991-04-01,8.224836900736868,8.224803134196325,-3.6133145690036135,-4.052911313558792,104.58504787794811,22.69004339292015,105.61089862881659,415.72418865708056,185.47132634456628,23.27573846878858,32.07485756748225,-159.75944983886276,411.5560810965214,224.24035176989634,-264.48808365392506,683.9961247607507,296.2476744611868,298.35388605979483,0.6867897697001806,0.3575738905695099,0.30590100433813977,0.8364859124776258,52.53312816163304,52.309615766337636,246.74510702210603,237.98620179966218,25.203886059794854,23.09767446118684,40.247731884028724,173.23938480523054,0.40950100051226457
1991-05-01,7.487743176651592,7.48763318006677,-3.400759176651137,-3.3422960842999085,98.43282355331188,16.024835838259946,94.79385968827553,414.7516526841637,168.9703263020658,20.820232036394415,31.91070717199464,-146.52872178716453,380.55817737358046,226.6247224725462,-245.60177919239825,732.3922671280613,296.23998678563277,298.37594977676133,0.6520028998622405,0.34794956854715076,0.3038566473862723,0.8033363643056861,52.23973556054614,52.024665955220954,232.12003847619934,216.65605266396906,25.225949776761354,23.08998678563279,18.977056719852044,137.03993060691118,0.1603552235980601
1991-06-01,3.0323093271102106,3.032166947419897,-3.6198492087661203,1.2233565396209172,104.77452205399003,19.875547403572966,131.9111321018038,404.5019082944081,195.24475778951884,22.88921459830637,44.65448921459134,-169.73088140554694,362.47652797326555,262.3243348102475,-263.20786715421565,1433.8240699906487,295.1395748855074,298.93347533859736,0.384083043654411,0.17437137001656558,0.2271808397440299,0.558206900336113,43.972862310905825,43.86336910189002,90.96927981330631,87.73631213599239,25.783475338597384,21.98957488550741,0.8835323439681702,-16.581000307422073,0.4263227333926096
1991-07-01,1.3809016046543752,1.3808534149878897,-3.430733566866954,2.666833537645883,99.30059684297348,29.664949236601537,150.88517690697483,393.6686176446343,213.85290515724887,24.708359007295527,55.75789917801153,-185.7982425510841,368.999563511388,274.73440747920057,-277.0325747513253,1813.894659412047,292.8932024964964,298.9024651805597,0.2030587326158488,0.10043004866874493,0.20910468802491025,0.3992828741117792,36.99575278401979,36.919800030605195,42.80794974428563,39.95524927626995,25.75246518055974,19.743202496496394,2.298167272124715,-58.121977588076376,1.0747972934975678
1991-08-01,0.9921311167860735,0.9920351533166174,-3.4435362547107258,3.397875672468627,99.67098488295171,37.19898443436457,158.08595591195535,395.3283888725,228.79896458122462,26.338022740932818,58.70063478284146,-197.6698843294032,394.9583815933052,279.0420688348517,-294.73062134235164,2049.9397249244726,292.6078200810947,299.6005963553949,0.14034679495960575,0.0815720398031405,0.22672018174292174,0.37008882602142135,35.08319227333043,35.00605568851403,30.756064620368278,28.704720871429902,26.450596355394907,19.457820081094724,15.688552507499935,-57.37699173326733,2.0992802292454513
1991-09-01,2.6505592579018518,2.650535306853374,-3.660350398119143,1.636704951929589,105.94663161386731,41.79077526237904,154.80732595256134,405.84380662510966,234.24172265703652,27.642608199633482,50.68567447137556,-200.1851386688659,422.56560122508523,255.58688087873216,-305.6331958101646,1676.7850048088549,294.74801224967894,299.88118090509136,0.38648251050078214,0.14072763395491175,0.19785343056230692,0.5404637841515784,42.39887243040388,42.288261017226546,79.51677773705555,76.69372994367401,26.731180905091378,21.59801224967896,50.04631493143242,19.031355939995137,1.7620573212439865
1991-10-01,3.226707375410606,3.2267131270557132,-3.9562042239149227,1.3912415801234965,114.50984319998405,43.539949657142834,165.28202460301407,405.76628662754615,245.44980056964533,29.24652430496841,49.44455064087107,-208.22820531954022,437.38507609590454,261.2426911882381,-314.8630470759012,1406.4255572760667,295.3947026569328,299.5035127568089,0.35755106126857794,0.1702750303669839,0.1763420589079098,0.5191264901888918,41.60713421185278,41.489134613795166,100.02792863772878,93.36554187082504,26.353512756808925,22.244702656932816,53.620355887663095,31.742192736961805,0.733861821542277
1991-11-01,3.3814133924493657,3.381405701401758,-3.808099436927681,0.7760138033199909,110.22273912962214,40.52416965145546,153.38292895402446,408.20306894658245,236.07762426158678,28.33060790275855,47.675109134838735,-199.98535912859057,437.35970465104543,248.08095394437595,-306.20602487085915,1648.1741302778491,295.3530581801886,299.5855001379142,0.5990171716771672,0.16819466865970717,0.21376562879422856,0.6962532933396981,43.93505812719291,43.80421206171541,101.44240177348097,97.84160015630087,26.435500137914232,22.203058180188634,58.125070926483204,44.18059074048771,1.5633412126742314
1991-12-01,5.087720256575417,5.087692697001441,-3.5243234803229826,-0.808787654818524,102.00929807951347,36.522640336986754,126.54004630292594,413.5208741509454,213.80195122992808,26.131944503785153,41.7531644575509,-181.19182985190568,433.96153850286805,224.7481821055802,-287.87958241725465,1435.4187236725109,295.68882358843746,299.44538165534226,0.7081578652555474,0.18804706656475842,0.3114749685504881,0.8003913279291792,48.85980260417829,48.6560808958312,157.71932795383793,147.21333035305096,26.295381655342283,22.53882358843748,63.13140031167444,107.42870560735737,0.9067269778545608
1992-01-01,8.476881289656797,8.476854736622348,-3.35265072365914,-5.015241023752727,97.0404344386916,28.706544886411063,97.87277512038192,417.3449977839894,187.9606555128308,23.490078223426,33.5634056885987,-159.47661252076944,438.32077497720354,212.2833058326743,-268.1336597294455,950.8059538763271,296.0126628618091,298.89084742359205,0.761893831224664,0.29967824636777957,0.38247090936181466,0.8692263258334945,52.15199801435196,51.87154045280258,262.7833199793607,245.2793615920818,25.740847423592072,22.8626628618091,55.850353896771225,203.92305354309337,0.1662275070680721
1992-02-01,9.92572230368345,9.925660752023841,-3.4142234002707332,-6.211820595734582,98.8228576215102,26.0491057830298,93.80656358415366,416.49914351667377,183.504618711633,23.14596192851051,31.542001276403738,-155.94881143552382,443.9267286822776,211.15328851838453,-266.5612863425473,880.745345828875,295.86161303563466,298.37441256727976,0.7598837448721976,0.32787785802671354,0.4072633577305549,0.8715579900821862,52.46132609395283,52.129229813906804,287.84594680682005,287.20083194513427,25.224412567279785,22.711613035634684,55.40799782416278,244.25112539320676,-0.46515324541991276
1992-03-01,10.02328663880353,10.023179429851163,-3.4917152800426887,-5.953639310317518,101.0656961688883,22.11003955414535,90.09195305051837,417.9283480700262,180.1572894132351,22.89159029448104,30.47016196299153,-153.77608955294997,436.069661826198,211.36875164559405,-263.13068156079737,794.9906602972785,296.16985108055326,298.4208811325658,0.7627573231827464,0.3410928094746173,0.4013493843119325,0.874466201959803,54.14572457324113,53.83137085625794,310.7218858029094,290.02255294708226,25.27088113256582,23.01985108055328,51.761929915203325,240.5885948264725,0.1301918669248039
1992-04-01,6.699203833516125,6.699097034400826,-3.709366591286262,-2.238694443692855,107.36532254027286,22.783545694631282,112.51177716397932,415.98167285634855,193.06318365026448,23.912284368361586,34.53774421372238,-166.32980993556546,410.74236167809676,232.64929930670314,-269.1509238635567,876.532482537897,296.37508715370905,298.8800275265605,0.6644332868996325,0.30964097698956605,0.29230940302356134,0.7856373550562846,51.48578486698083,51.28347266797055,200.97611500548376,193.8396132639128,25.730027526560548,23.22508715370907,36.501624556853585,121.33271779355461,1.6431974869389308
1992-05-01,2.3703654820952353,2.370235945270643,-3.7879264976806,2.2999336329331257,109.639371248085,26.87733126583114,144.56784561913113,408.32619064449835,210.21178427418644,24.952954353062207,44.79291648358583,-182.43679743268152,379.84028309447416,270.8457709120994,-276.9958999726004,1216.8828076825196,296.09507698882305,299.50177461181505,0.3231130494897241,0.1650284421955192,0.16984491154883505,0.49009520656388955,44.289015134156934,44.18959503914152,73.4813299449523,68.58321600898853,26.351774611815074,22.945076988823075,6.150129060501001,-36.03320461377501,1.1271784351795446
1992-06-01,1.2411247513965196,1.2409919586870184,-3.346613375170389,2.86418256889814,96.86569411180069,29.513087009308915,143.4195879182409,400.28599576615966,204.74426542080747,23.758651986389204,51.382424549688736,-177.99744129308857,362.2886487404939,279.78913396365283,-268.7867279178865,1515.583059087975,294.3131002971202,299.37756443715745,0.14069590759544362,0.10656754501410547,0.19793419902237847,0.3467506438755982,39.430318604497685,39.348318701725425,37.23374254189559,35.90833213793456,26.22756443715747,21.163100297120195,-11.00240604576635,-72.19600364192272,0.23623562229022355
1992-07-01,0.9231370558294639,0.9231861859974021,-3.193891662109477,3.2816410422473576,92.44518831495509,36.531854534606445,154.87590731373433,393.2171945654543,216.39194858714401,24.923833559528646,58.01239149997516,-188.07055146746097,369.4194730087337,279.03051702455156,-278.40970814398406,1875.4837210574383,292.9093244671347,299.2041400396939,0.10646330574274981,0.07152118758320206,0.20477665177123539,0.3141221571411244,35.43499305266283,35.36091425798812,28.61724873071338,26.712563252239644,26.054140039693948,19.759324467134718,-0.6208088805674947,-67.4345510612072,1.081117117924265
1992-08-01,1.4947134610710624,1.494703079722371,-3.3452050205390322,2.444501888995842,96.82481957951906,41.08930132700049,156.84753992924252,398.7612376155459,226.44062741619916,26.22237115207424,55.88264441150266,-195.79411646297532,395.65274667417805,265.0389109633535,-294.9412042721075,2086.0510018928962,293.748033842668,299.6702488024892,0.38178185432290723,0.10209469452442002,0.17272981952215746,0.5143456314111043,37.685717228519124,37.599457599675794,46.33611729320293,43.24951040863342,26.52024880248922,20.59803384266803,29.902293308753997,-25.670367007084742,1.9973511449531003
1992-09-01,2.845413106500814,2.8452818182652737,-3.686903726133934,1.5712711781610913,106.71506340937292,44.335193082417064,163.53482291532015,406.1530553777413,236.897147917481,27.99127605079724,50.212250342899594,-202.57724997044,423.0826788402105,259.63590025350675,-308.17970843062864,1576.8982611689707,295.1156803035031,299.80049990210784,0.43078018242975336,0.14340722785750235,0.19248319664485763,0.5688626517075707,41.37529535751498,41.25749522320189,85.36239319502442,82.32875631554612,26.650499902107867,21.96568030350312,48.54380817712189,22.842757947544683,1.3147431357504047
1992-10-01,2.6291554002758852,2.629007346842501,-3.762287355629244,2.0717750283627954,108.89707921257907,51.57554795295584,178.71425719366306,408.42020712315013,252.18815766270998,30.184138653578692,51.61483635302159,-214.3025877286729,437.49129260602353,254.5080133666589,-320.8391248500859,1782.079737245493,295.08974476868497,300.15764650499113,0.5316323594372829,0.13562324876171208,0.20022072591032716,0.6449505694423322,42.569272707636785,42.452353155972176,81.50381740855244,76.07081443410014,27.007646504991158,21.93974476868499,66.33111148342701,31.289722494831672,2.2151242101164
1992-11-01,6.153323132261432,6.153307011089195,-3.687634002201548,-2.0845003351802407,106.73611342007874,36.06708294400515,132.80048519493434,412.3583471598019,218.00255756435558,26.6726151829345,41.520435331122044,-184.82410051434783,437.200606122433,220.38653250417173,-293.9965891240695,1300.5105572603677,295.6826791707527,299.3147057399977,0.7476384012907564,0.21695257561276704,0.24279244735201272,0.8194414917947311,47.95299312427505,47.74912226188545,184.59969396784297,178.0470778671642,26.164705739997714,22.532679170752715,73.61005661989776,144.42055224784133,0.5004688191419149
1992-12-01,8.395057209626872,8.394908291773216,-3.247163420055102,-4.6768298216791075,93.98722957189231,27.901969417232213,95.61302405234616,415.86109597879374,183.35807070778054,22.926829726169363,34.14372212778852,-155.5100929732354,433.9137811413834,204.20697413934533,-264.0986664386158,1035.2565764505678,295.8681435498199,298.7917884443772,0.8264218230402302,0.2617651168317521,0.40553887951658807,0.8999026769498285,51.65576182580876,51.36187083663645,260.246773498433,242.9082260351046,25.641788444377198,22.7181435498199,59.89169229927046,209.3355169061604,-0.5228281436776427
1993-01-01,7.77982449485883,7.779728498363874,-3.656965363428698,-3.477193322577828,105.8487434157475,28.099589904507997,114.06567541095123,412.0934614183088,200.04925552307313,24.991313946441128,35.64272930932503,-169.71176246990456,438.421460400189,217.0275217291446,-278.36338648311227,970.6846974139744,295.70677218027987,298.37347553196327,0.7269905161461849,0.2941024089022165,0.34538419236469103,0.8384226426170661,49.38122915165095,49.125239564283476,241.17455934062372,225.10788479062134,25.223475531963288,22.556772180279893,61.335864753967655,180.47430628851748,0.12069984032402203
1993-02-01,11.602245460750531,11.602274252232505,-3.2708713475645204,-8.067098519981345,94.67301028775306,22.258094099606883,82.72091662861844,414.9602393646687,172.0050549622859,21.896203182441198,29.83672551838557,-146.28373174049406,443.88723245303487,199.66968394417313,-256.9081247719902,801.290776524566,295.6747997361562,297.8075211364636,0.8283672017703144,0.3545640737540604,0.47451275094481227,0.9147640090499755,52.44648842080984,52.06008919846123,324.86287290101484,335.7139540576535,24.65752113646363,22.52479973615624,57.238440827817044,298.7634827629689,-0.4840981652514529
1993-03-01,9.495241005068598,9.495219041651723,-3.5064331280308614,-5.163263954611181,101.49138960660365,24.99670017157727,95.00491215121968,414.226220196853,185.51147679036262,23.449695442695624,31.684986203734685,-158.37688747559457,436.1234159462212,209.61099406277614,-267.61370140703485,749.6753935439806,295.86579704535524,298.0018281423929,0.7711304273880547,0.37743925506997,0.3577272990311694,0.88018531907181,51.079359830331306,50.78735849032423,294.35247115712656,274.7459213440892,24.851828142392947,22.71579704535526,58.00270734425871,231.0534275880653,0.20381149367896967
1993-04-01,8.561553393712241,8.561405963176636,-3.5913315863270903,-4.4764904347209225,103.94884043349595,21.66329308723044,100.6934424394791,415.80999905778685,183.39122788850622,23.047323824124987,31.595046904449458,-157.95130804751054,410.9106936383257,219.51020185701924,-262.28796235613294,709.778294419301,296.30160402246844,298.4083967591923,0.7190695362100241,0.3667640396124794,0.2914655800937647,0.8422686218345,52.39962099329947,52.176091271545396,256.84660181136724,247.7258669900647,25.25839675919235,23.15160402246846,42.7777604991137,185.81065943334778,0.7441276223346875
1993-05-01,4.553172892497344,4.553076687309873,-3.692916731383422,0.07301268534427724,106.88943058487675,21.099180324236016,128.47342580111987,410.57788818918857,194.31523027143004,23.415154131704078,39.15469418431256,-168.67571762511517,379.98256707368273,253.6269588197418,-265.2374402349702,1026.0491952847638,295.9769796413794,298.9026446621532,0.45239972422065394,0.23256481327392203,0.2397180702613618,0.6166417577956903,47.44092850814706,47.288651634926666,141.14835966741765,131.7441171096607,25.752644662153216,22.82697964137941,11.610481415228435,34.93275540832255,1.532412531689829
1993-06-01,1.9108825140616958,1.910776079254815,-3.480385738630592,2.4791354440863533,100.73749110578531,25.661698838225373,141.77144615951062,403.7354455619934,201.11227664291556,23.48111795582212,47.48420130145082,-174.90755805852157,362.2638683014981,270.89295068935724,-267.60698827098486,1533.1971046820677,294.78350189437464,299.3196933282586,0.2573056788172179,0.12828498631765928,0.21588311965610435,0.4578656111150086,41.87320889870875,41.77481140102255,57.32647542185087,55.288659700660155,26.16969332825863,21.63350189437466,-3.285962418372378,-49.75896063655761,1.0241668130600772
1993-07-01,1.4271363416522822,1.4270567845872666,-3.21775419480403,2.932570346383343,93.13594131091283,35.67862986153826,153.01618001941583,398.57771789636394,212.0001091392314,24.631580660412663,53.95029696088988,-184.36101634337282,369.19727364539136,276.7130712675804,-276.60624783814643,1768.081469263419,293.59777203167994,299.39052481515427,0.20727615823212378,0.10789473208641417,0.20578974848280981,0.4091428051729084,37.92242843549253,37.83910916581534,44.24122659122075,41.29215233180748,26.240524815154288,20.44777203167996,-0.10682342943397316,-53.54676061857116,1.596148210031842
1993-08-01,2.5067689092558374,2.506715680099436,-3.35236208446396,1.3796327946877787,97.03215072448195,39.930644786627674,150.95831115659064,405.37201584627434,217.2325343764357,25.534433740688495,49.27121873682671,-188.05022660307932,395.33613021955995,267.2898026855378,-289.5129854617943,1539.4874288492638,294.52026120306215,299.5760995889385,0.2712182629440779,0.1562123822832961,0.22310585853561843,0.4934660916160391,41.31417618482342,41.20123607117349,77.70983618693096,72.53228241028461,26.42609958893854,21.37026120306217,22.22318277625652,-4.092897893083801,1.81621235514298
1993-09-01,2.685281907920453,2.6852042774219593,-3.7230815866941755,1.6234778964764045,107.76238924181064,46.48410478203446,170.86830234050672,407.7799255076543,240.81633978172576,28.5061600993838,49.915535956390165,-206.01360691447937,422.81582796270095,261.5357668262716,-312.20998958544374,1581.8736310460456,295.2899572962901,299.8790539875131,0.39297308416693755,0.1651425347148455,0.17347313352246693,0.5498554487136258,41.87935225300607,41.770473424625,80.55845723761358,77.69688302725578,26.72905398751311,22.139957296290106,50.67422275917215,18.75713961037318,1.8515769342441217
1993-10-01,4.363258870659805,4.363253979795168,-3.8407593866317757,0.10519015375905952,111.16857618133366,41.86879712331324,157.1227661474888,412.8743580281487,233.53654885917896,28.32608176319651,44.10334114192831,-198.4310230078247,437.3519704976238,241.80525486781366,-307.9784471767255,1365.2751583801078,295.9185591185291,299.7720675786024,0.5493318525116216,0.19372189978034152,0.21414075454386275,0.675014734559602,46.12180037832653,45.96462680180473,135.26102499045396,126.25156191536945,26.62206757860241,22.76855911852914,66.17319230891187,79.96586948169815,1.2903085612495033
1993-11-01,7.05003843507285,7.049971224185059,-3.7934380347132266,-3.0416289497036395,109.7986741774076,32.04266966501873,127.6537146820666,415.2318947120889,213.3382144002001,26.2843743066179,38.17452892644682,-180.73763566451277,437.14571924794444,218.25053523971013,-291.34142850116126,1099.5402121340126,296.2306297697543,299.22039619507706,0.7508477565192964,0.2499586548030377,0.2560597406774072,0.8305745043490609,50.04556746256355,49.842534590362774,211.50115305218551,203.99222292202137,26.07039619507708,23.080629769754296,73.09089326145113,166.56267911042528,0.721762895639614
1993-12-01,8.888654457317342,8.88864087174694,-3.413800709942185,-4.999481496312026,98.81027247070585,25.352620095583195,102.11461533806246,417.7100860649895,184.66814886277032,23.029800185831363,32.754763853387445,-156.61911149606573,433.8261846569503,213.89635029773575,-266.37410060777484,900.3666987194524,296.2631178596477,298.82122480060036,0.7703882575071189,0.31533239472013314,0.3782994807280134,0.8708319984140239,52.38305527938272,52.074018647483214,275.5482881768376,257.1944696686036,25.671224800600385,23.11311785964773,52.477750310039085,211.16049243154757,-0.2985449236107627
1994-01-01,11.206734239655901,11.20664578261675,-3.3634788899570425,-7.1659733063141156,97.3540882620566,21.18191487188276,86.34927682693535,416.2164246627525,173.88938852854855,22.045191980408163,29.66213100030765,-147.5497988853287,438.28781745082586,206.17215411763098,-257.89234815136723,688.3030779474121,295.9731210247597,298.0636586949447,0.7998768985612832,0.38921175048817547,0.4269021236979242,0.9098803178059777,52.93107920753668,52.57336287163352,347.4087614293329,324.2663710247902,24.91365869494473,22.8231210247597,51.72019403373625,279.2808120453882,-0.6483352489183147
1994-02-01,10.962604834278633,10.962574403000914,-3.403333354901759,-7.184475109626641,98.50751216538596,22.112854785845713,86.26132360609036,415.45604598692114,176.89950456106723,22.56461368115397,29.46817749612427,-150.3375364612104,443.8073360109348,202.53883506504613,-261.8721333036817,744.0573159279127,295.8594227390635,297.88615946984953,0.8119391359917603,0.3800305970856055,0.45325776339133167,0.9177886705195659,53.10930182800163,52.77580853288932,306.9529353598017,317.2041204572024,24.736159469849554,22.70942273906354,59.33329823863559,277.7809145165976,0.2489920138544477
1994-03-01,9.77760769178694,9.777630889803898,-3.4918789498962584,-5.580502696414135,101.07024536264723,23.324366286040963,93.61695849068825,415.5330096639443,181.52701859139262,23.044492174496895,30.56918389805662,-155.13256745501357,436.1888301264974,211.5105175407517,-265.368100484044,707.7211510537138,295.9861631451454,298.06452968667315,0.7641975483217252,0.36881936518961767,0.3889375199402877,0.8872509265119376,52.863460905178016,52.55660773208152,303.10583844539514,282.9175604688628,24.914529686673177,22.836163145145406,53.85758294329233,235.53612614123915,0.1687719082687522
1994-04-01,8.850371632890436,8.850382914234713,-3.472295083059381,-4.730683843613571,100.5033432158909,21.69978052463661,97.90808460302922,415.36652303406936,178.44469079658597,22.36845586983057,31.17082181337739,-153.71499286822024,411.0914556436028,221.79813185745957,-257.9321589385359,668.5637558712356,296.20979166949235,298.27903564478595,0.6959531761003103,0.37580617688158513,0.35464468431176627,0.8421682440348667,52.34598766198707,52.08311279560562,265.51114898671307,256.08746858318034,25.129035644785972,23.05979166949237,36.13402708107634,191.37710513405045,0.34104731431534674
1994-05-01,6.7143073120822585,6.714299931137109,-3.4457802723697406,-2.5828127532679828,99.73607950164217,19.311644292946358,104.83997287568954,413.0476261138944,176.58786712641026,21.643581873831362,33.76305285686137,-153.1666871449971,380.1372835588801,236.49081472648572,-251.67852606209283,751.731771627196,296.2233995175754,298.46626728589325,0.5809517481693783,0.3116066409156285,0.28262973794031127,0.7488436506824125,50.74304250981913,50.54312015477966,208.14352667455,194.2795118963284,25.316267285893275,23.07339951757541,15.187711335607105,109.37523323674613,0.3559104935471993
1994-06-01,4.198626892194555,4.198545892535064,-3.489491506192804,0.0011861586793339577,101.00129384970477,18.868724530930265,117.2327148604664,405.5546962472418,182.25752554630827,21.672131003725106,39.15259512590356,-158.48980369187828,362.25182192958806,253.77802958152114,-253.73317910711282,1012.6428840302178,295.4813894979421,298.2105830824872,0.4131301940715377,0.2493914975979897,0.22830144578790726,0.6222218165381749,45.635405478374345,45.494560049668415,125.95880676583664,121.48570290900068,25.0605830824872,22.331389497942098,-0.044850474408320906,20.972368399547904,-0.5328098146603111
1994-07-01,1.522980738965215,1.5228695832683463,-3.7263391843208864,3.0208770173288415,107.85683968991962,24.410566477939735,158.04553109223974,393.02053793842515,214.84107999114818,24.908868317164448,52.93797247961922,-186.86645188039043,368.98763276259365,276.6035152182741,-279.2943078002845,1661.7413580232183,293.87146613754396,298.58539559617685,0.18867089315947708,0.11440482588050627,0.18699289632377009,0.3802753837500532,37.342372427251505,37.26338378599973,47.212402907921664,44.06451340475539,25.435395596176875,20.721466137543985,2.690792582010431,-62.76260693606565,1.6610732329118463
1994-08-01,1.0721683415051206,1.0721034839089354,-3.451539381673722,3.3293030080479875,99.90265781159529,41.0686857586537,171.42495719145813,398.03962856694517,232.63989369096936,26.92677752969275,56.95022273191335,-201.37556867406968,395.0316208776261,279.3247315770184,-300.3743722324907,1876.0439839818685,293.6061562298951,299.78030764575925,0.18954238154897474,0.09787903087476851,0.1874818360086099,0.3759767024422785,37.095829458059356,37.01203350880523,33.23721858665874,31.02151284458725,26.630307645759274,20.4561562298951,21.04964065547233,-51.285506683443046,3.454002371907336
1994-09-01,2.127439798995099,2.127433453302005,-3.6970423235393035,2.3082157424244385,107.00895847088489,47.1404684314593,177.39074009553335,407.72858154915707,244.9409418411702,28.998339285792962,52.46087937503422,-209.56449693068095,422.5611702201603,258.6839798019632,-315.3420026819536,1876.354939261166,294.8790710800693,300.32965142080474,0.43577673112625614,0.1144678936669589,0.18370978343079006,0.5650883697070718,41.99328867071826,41.887231537915156,63.823193969852966,61.55768094045154,27.17965142080476,21.729071080069332,56.658022879990426,8.252554696254528,2.954190653302547
1994-10-01,4.131454751101548,4.1314222891156085,-4.131349034858244,0.8903132383231499,119.57931984467197,39.95514965516437,170.40856677799496,410.0262875950644,244.07516987673034,29.445537352408486,46.15588880626864,-207.45231968689131,437.22430010707035,244.43329633143853,-316.3558145811453,1557.8088433180403,295.85027737196117,299.59346050638914,0.5446238637944888,0.17645655380091826,0.1874364742070467,0.6506417750578954,45.164344879602986,45.01230104668638,128.07509728414797,119.54346901376182,26.443460506389158,22.700277371961192,71.92251824970677,70.12470603801029,1.7619613807863175
1994-11-01,5.8280972537123805,5.828064457207992,-3.753933237935497,-1.715129886253389,108.6552421601172,37.244997447708755,144.30723875899736,413.689535982385,222.50890569172077,27.166962308464143,42.142491680315565,-188.74537086193297,437.1046161397768,229.08056119270128,-297.41744762925987,1354.973448272923,296.0532026433217,299.6834601384543,0.6969050228275414,0.20650474165536825,0.26775412592765047,0.7751051770213532,47.44605945680969,47.23568490442715,174.8429176113714,168.636124340509,26.533460138454302,22.90320264332172,68.33688643655859,127.61512904315896,0.7026395737914441
1994-12-01,6.553003557290938,6.553012217675353,-3.6627622877839885,-2.550201003470414,106.0165500552455,29.85787707454426,124.00758043714566,416.17642783059074,203.6975777926723,25.299586326112177,36.24953842978506,-172.8416390236247,433.75173534798046,224.95930574878832,-282.0140910178879,1076.0955453836023,296.14811194759346,299.1569285298135,0.7197024152874915,0.2603804209473745,0.3506806686205582,0.8325019501654392,51.33913020124593,51.10785463185929,203.1431102760191,189.6126220392174,26.006928529813536,22.998111947593486,57.05478526909957,139.9331837890216,0.7176734640498665
1995-01-01,9.269537141554895,9.269490411550235,-3.410783652592746,-4.928589216519131,98.72317507843526,23.170368747260916,97.79318317124094,415.76027133284725,179.0533198692983,22.634970381025997,30.835941745453166,-152.11856126088955,438.19737900309354,219.34391663702428,-262.178973928547,805.4681729460754,295.8794823671374,298.23666666122995,0.6751023415832874,0.37054861661139,0.4526107277547141,0.8400807489368818,52.070374023962756,51.73443057421153,287.35565138820175,268.21442163050443,25.08666666122997,22.72948236713745,42.83505729152273,212.9372281538517,-0.6109243102597901
1995-02-01,9.028676283040484,9.028582714913796,-3.450561743667049,-4.732484561083095,99.87434077307591,25.80139492086311,98.28064789218008,414.98545797726734,184.5773496010217,23.34354678340275,31.580339646715263,-157.06515382439804,443.76983614686213,213.18605943114076,-268.26110099221034,955.2922103855802,295.5958711382108,298.05928460597653,0.7531897096299549,0.3271059152298743,0.48652285406397167,0.8954958769306623,52.38676345890144,52.0636213228933,252.80293592513357,261.2437128157927,24.909284605976552,22.445871138210805,55.07504156106958,216.63533512004264,-0.1909215162562532
1995-03-01,8.954316578922532,8.954227955340253,-3.7289725979262083,-4.478489879609306,107.93263749774901,27.702419181636937,110.56594517979903,416.5583498572178,197.9688879329213,24.935110276717808,32.83619368790609,-169.2228648897802,436.2962060221504,215.04521370452116,-279.30286551400957,840.9735315277322,296.23041756882674,298.59399975614497,0.7440709471073252,0.34087906603870244,0.33312028147549555,0.8621256527450737,52.963199610655266,52.69784962953099,277.58381394659847,259.0922440781323,25.44399975614499,23.08041756882676,64.25765180948841,214.66564386738355,0.7516145224881399
1995-04-01,11.510375918423412,11.510322065090635,-3.234286163163462,-6.995069700035255,93.61444383173068,17.542402551397572,77.86381589159235,419.47920916275274,159.70966050794834,20.462781731071363,26.834888751360623,-137.54730925262288,411.31203107705,208.9588456927224,-242.6819417686701,599.9764350734092,296.4071764988766,298.20928902033745,0.7798334910515775,0.42868402868324007,0.452896977758417,0.9103266465385474,55.916731389469525,55.54967084173072,345.31127755270234,333.0533004945207,25.059289020337474,23.257176498876618,33.723096075947694,273.6063786206037,-0.4444258818659961
1995-05-01,9.931706413214375,9.931573738358521,-3.1542985471636587,-5.699187959167354,91.29916120497327,16.273843049057042,81.74032248270942,416.2522763145921,156.47874635241487,19.47926710110117,28.88618083424076,-135.68370479955985,380.3301936719116,217.14735530474363,-234.37431184769247,660.9366240825083,296.3330570138493,298.19142419751427,0.6998866926682957,0.40572303316723773,0.3809078428942606,0.8532632960527902,53.22517092027667,52.91453961316902,307.8828988096456,287.3719252997257,25.04142419751429,23.18305701384935,17.22695654294884,214.07520092641252,-0.7754802887112362
1995-06-01,2.527567211358236,2.527504151018436,-3.6227097343563304,2.2504323957265804,104.85721531104305,20.746908125990252,138.12935756386673,402.4652106597292,198.1868375762822,23.224593876063015,45.9824885403653,-172.32647882725223,362.2753781167573,266.5041728976575,-265.2825331947356,1382.4784123960349,294.9567833429491,298.99463124773007,0.3460359694356768,0.17210536437758409,0.21382053419167016,0.5284439527345586,41.92993110217867,41.82639539541621,75.82701634074708,73.1338006660427,25.844631247730092,21.80678334294913,-1.221639702921891,-33.68492119777588,0.7398668498536409
1995-07-01,1.4634044887227176,1.463408724510764,-3.3568922268421013,2.930929659491512,97.16343253819292,32.23447172274212,155.78033416908795,397.17871769910346,212.8930031802508,24.746283553723497,54.56894951605977,-185.18857158966026,368.81547054225166,278.34821997524,-277.35091194788225,1727.7807585564365,293.33310428989466,299.3579955160752,0.14245093633320666,0.10717924896791908,0.2204211904654516,0.3695833956768111,37.59003930038049,37.50652995167655,45.365539150404246,42.3440024453346,26.207995516075243,20.183104289894686,-0.9973080273577466,-57.03845593288151,1.221717812665446
1995-08-01,0.38526231986627163,0.3851960410880566,-3.3851269518792853,4.1308080891681715,97.98029124116788,46.33949442079667,188.13627703687322,394.5666677493944,245.10720015849793,28.15128673590783,65.39296554392226,-212.227071440867,394.76613678378,289.3643562293627,-308.91044641442494,2320.599745384507,292.5278469010212,300.64436996783877,0.06910790952088805,0.04498278952184659,0.1646248158705727,0.242220483933988,33.548454726794944,33.49325502288488,11.943131915854421,11.14571878148312,27.494369967838793,19.3778469010212,19.546090185062212,-69.80280250960274,2.514320234980204
1995-09-01,1.0119901658049224,1.0119553268710448,-3.544722441846361,4.348444226642605,102.59984519652308,55.63776562122087,195.5112095788212,406.7443842230421,256.2858887667953,30.149165809081452,58.220198938340666,-219.34409340497888,422.3460122804124,276.56129868071895,-323.33740109146663,2187.2341233089696,294.0858718509217,301.1024274274939,0.22330938644637277,0.07155120667233379,0.19013867622020708,0.3934907879087659,39.78564693915548,39.70094084122179,30.35970497414767,29.28111478214829,27.952427427493944,20.93587185092173,46.77610241074768,-29.42891165252136,2.8862836488942634
1995-10-01,3.0967668018376546,3.0967396316807854,-3.7739842935450447,1.1917623910839976,109.23553736467544,54.56930403392626,188.23248232162678,411.14062147541864,255.86833234282352,30.681120728359588,52.71581523828512,-217.55260176386244,437.1388770416955,256.9330012934741,-324.80022811318025,1910.2991146748861,295.2185207402323,300.71991002661053,0.4272128707398545,0.1126435238264618,0.1821327828528076,0.5465539015988936,43.56101189675916,43.44051983710276,95.99977085696729,89.60473471298569,27.569910026610557,22.068520740232316,67.86722681970616,47.20447904104077,1.0319451269756428
1995-11-01,7.6068376423114445,7.6067842565828006,-3.6093836909332295,-3.3382204631467527,104.47122239490064,31.581069849808635,118.67207620944014,415.50156757362134,202.8858551640075,25.02297140329867,37.176301663232486,-171.9923427236888,437.1063189651841,212.35572619164955,-281.86015604918606,1176.5640767929547,295.9478882970582,299.0370690801322,0.7861254439944609,0.2485067575715988,0.36025571721340427,0.8691892474412037,50.807274827800256,50.53550628749541,228.20512926934333,220.10371112797455,25.88706908013222,22.79788829705825,69.50442985753651,186.37316977486338,-1.2362511842529642
1995-12-01,6.771220622522823,6.771172077464703,-3.654591798258555,-2.109579981636104,105.77993299995684,31.051120887120625,124.33503931822285,413.99520932926055,205.5479648233873,25.40484238604139,37.44155760353972,-174.39146699937217,433.7203092612859,222.3114895812654,-282.7514881433435,1108.624940355164,296.00158661629945,298.92733344631256,0.6938424223414176,0.2560482937441648,0.35318970991503157,0.8098738620488266,50.19540272762623,49.96036291267737,209.9078392982075,195.92511798219627,25.777333446312582,22.85158661629947,60.43999856207813,150.46632803556258,0.11885550875497586
1996-01-01,10.997566063955537,10.99751325535492,-3.4920024218468755,-6.4519967098218665,101.07388538472632,23.923182273782363,96.56219362263707,413.8939085265869,183.26187699446604,23.127593879476773,31.640690098439656,-155.4371495208167,438.1102217818165,206.68816710853287,-265.0821646716758,731.1313534277884,295.8842091976052,298.0285321766773,0.757415737222055,0.3755341337650492,0.41415222419119885,0.8680357235363239,51.277109400006346,50.940168246929666,340.9245479826216,318.21508262022337,24.87853217667731,22.734209197605196,58.39399756314293,276.7358030347716,-1.200608236131643
1996-02-01,10.871811190403852,10.871802455616676,-3.5565414360326377,-6.595211391577185,102.94184998518362,25.56536891330776,99.60387276458937,415.1723854341407,188.2237500691564,23.827425530742257,31.533060973261698,-160.03347521895935,443.7132082122548,208.5587344724712,-271.306984246592,716.0720915282711,296.019050667884,298.17040683304475,0.7569886275830217,0.3795573621328132,0.3788832905298705,0.875396328398941,51.87998667684072,51.5521770484642,315.2825245217117,314.5776173500195,25.020406833044774,22.86905066788404,62.74824977412078,274.39082179175045,-0.006804652793746868
1996-03-01,12.296235157836584,12.296125756306232,-3.311712507927968,-8.322471785849489,95.85533886153439,21.251385822672223,80.89534287671309,417.45746316804565,169.67826861988763,21.645206861331793,28.364018671664976,-144.88476621364373,435.84518340181904,197.91403875889327,-254.67394302131714,713.8714581316024,296.113232191977,298.0419635084129,0.8434633585396196,0.40095031652428686,0.4516474925861006,0.9293873104702794,54.60134725794877,54.21764093999454,381.1832898929341,355.79067581904604,24.891963508412914,22.963232191977,56.75990426242387,317.2812183621634,-0.5859771422278612
1996-04-01,11.15361030355164,11.153618497464112,-3.229235764516581,-6.8689448357906775,93.46822505199088,18.65237809184554,83.57213871253151,416.52508931737634,162.88592558882772,20.77072887949027,28.39405453788108,-140.3308405041342,410.51522024737847,211.40377697252006,-244.11966847636333,668.8101960923855,296.17851222990583,298.046126850689,0.7471546746861166,0.4050134245969327,0.4611915538182384,0.8857557938443447,54.15827384801368,53.80278329502421,334.6083091065492,322.73201670903103,24.89612685068903,23.028512229905857,32.71589150384327,262.16350033846675,-0.1838171775833075
1996-05-01,7.575961587040767,7.575861442951939,-3.289144686536735,-2.9824082482821668,95.20224335150095,18.227805671667113,92.90858809496339,414.2982105879797,166.71241954899472,20.59040881028127,31.61839235822249,-144.53285400888385,379.6284926928448,226.92872708766907,-242.7218464206058,670.9694346128022,296.3163378853155,298.3243831960928,0.6759523889073766,0.38996401233105,0.3180351355856332,0.8243516568432504,50.85999186794741,50.6212804344612,234.85480919826375,219.2089537891186,25.174383196092833,23.1663378853155,15.793119332936726,140.3154171430611,-0.5155873725067153
1996-06-01,3.008026996633484,3.0078814876832554,-3.56268948742762,1.9186715074678642,103.11985446997366,20.83689556331468,134.76897293372812,401.4718560966732,195.48220923555948,23.00056698087563,45.698392494199645,-169.93826271237495,362.10482019962774,263.5080908793931,-263.3867344647872,1485.519599360286,294.447126981889,298.51495673947176,0.339422793388733,0.18837826201174282,0.23623155369284868,0.5339157875277908,42.908330936013954,42.792961291167565,90.24080989900452,87.03360786120531,25.36495673947178,21.29712698188905,-0.12135641460588431,-16.490723208261187,0.283120184886954
1996-07-01,2.1853049458152025,2.185186596882832,-3.2999507290767425,1.7006577148137239,95.51492609348263,31.09476858589438,147.80524631481964,396.2113334681041,208.13279637788264,24.2253862336002,53.440497290886,-180.98476382508144,369.25090870334526,266.7990659788669,-273.9841658706512,1866.3293298079493,293.14048528902765,298.9932495437604,0.3066501957024874,0.13605872877446365,0.21780795085146995,0.501273098791778,38.56423624889912,38.470209068098924,67.74445332027128,63.22877884498935,25.843249543760408,19.990485289027674,7.1850998917843185,-26.03561921152739,0.9345718548184294
1996-08-01,2.356897286485792,2.3568825012044874,-3.4522455654067725,1.804791640057887,99.92298792789964,37.999204325928034,152.77113757495093,404.6582452649697,218.651242811013,25.713742557139494,49.544757928145295,-189.2874986245775,395.47629243423256,265.53661453386525,-291.1144662082605,1507.1289080322226,294.6798528536587,299.59931470512174,0.30732216373281146,0.16329611069494362,0.2004420864340261,0.5055786295011616,40.93670039772033,40.829822013016596,73.06381588105955,68.19683163207429,26.449314705121765,21.529852853658724,25.577851674395276,-7.9688530640346045,1.820548442604533
1996-09-01,1.8723633772340673,1.8722148195504935,-3.4609087934348213,2.3030568747158773,100.17410625571505,53.2528325881967,179.34786469690073,408.69484074544005,244.94575702474216,28.992461631705872,53.83911310891358,-209.61338194118224,422.87973813528566,268.6086923953694,-315.06507673451944,1801.9228293054566,294.65675775892623,300.74035347141137,0.36052433660998745,0.12808853914421744,0.18975343683872364,0.5144589617948877,40.642704059345725,40.537818357370284,56.17090131702202,54.1728825101416,27.59035347141139,21.506757758926256,46.45638433915002,-1.892169394780339,2.3473299883569183
1996-10-01,4.2704028854323495,4.270326065596434,-3.912706253579885,0.04503993295399946,113.25109410238616,43.950875353667406,165.63137521593507,411.70071889249755,240.15446594356342,29.10774839524255,45.758695326447,-204.18375345432347,437.2625923633945,243.34841764153984,-313.55541813991675,1429.2255805409554,295.6988131146448,299.74581972539187,0.5871049049397795,0.19602006742769193,0.1955248805432282,0.698796919630236,45.72665275958482,45.57754542895198,132.38248944840282,123.56267550915607,26.59581972539189,22.548813114644815,70.20700049837691,79.29549323332392,1.223088671822893
1996-11-01,6.104684756990331,6.104572346884902,-3.6399618588746905,-2.4782269525385554,105.35635898345802,37.56529559317521,134.04350210203614,415.2195695286109,216.18704940375574,26.58201328814586,40.05189954651548,-183.34914007105152,436.96509803643903,221.47662445440236,-293.2043218007414,1199.8885652030965,295.88196325163534,299.4151155355464,0.7628193128719949,0.22862779922838836,0.28666200704529743,0.8368915596258742,49.552141715331686,49.345231725747894,183.1405427097099,176.6369313334752,26.265115535546443,22.731963251635364,71.72769734633906,142.63268374845342,0.3755859479028203
1996-12-01,5.636290561214649,5.6362529562497015,-3.7679879037102118,-1.4059816513152879,109.06224885800529,34.43972611229091,138.73755765367886,412.34390627486715,216.86331348766353,26.586761215797214,40.409020164300536,-184.0122226988579,433.6901176913799,228.9721081649021,-291.6844745729393,1175.1805340764624,295.8756997840074,299.15539928320436,0.6783559557044978,0.22322101159462632,0.27512340663759355,0.7838070505644229,47.66843089220624,47.46776426706911,174.7250073976541,163.08602303963255,26.005399283204383,22.725699784007418,62.712366408037184,116.63491302540328,0.10122756426116553
1997-01-01,11.244872735498358,11.24480978548798,-3.2828629170027885,-7.065017359220665,95.02031944956846,21.309497456698875,79.87144039228997,415.7175975010522,169.92744105160583,21.75447270857671,29.37855912067006,-144.2253415034071,438.34030041070923,196.3967997724388,-254.14996218489537,744.5881278190826,295.8434936564834,297.86442817841004,0.8529956276961581,0.36512946600799345,0.4744124586824588,0.9333417996116127,53.23913650908591,52.85749231856878,348.5910548004491,325.3706535152772,24.71442817841006,22.69349365648344,57.75316241245656,289.58653100169556,-1.483034523530307
1997-02-01,8.557212580519815,8.557086173617266,-3.7763287988522323,-3.7816313958701,109.30337921027233,28.15842826165311,117.28288033026605,412.58105282658755,202.42643701466326,25.32514237740838,34.228286146411264,-172.23949879278408,443.8040155447343,219.64317894229467,-283.30184208235187,823.7845886392315,295.6561434844618,298.13057693751364,0.6752079322140474,0.32628140634797936,0.3528215878685076,0.8311278967523315,50.452867571130305,50.20092040089598,239.60195225455482,247.6008730792033,24.98057693751366,22.506143484461802,63.6586631400572,201.40675183454078,0.5494051744473865
1997-03-01,12.289969936034472,12.289882702123956,-3.1282447635397017,-8.059881774852215,90.54513384582106,17.588343579222606,71.58512247717128,417.1801994680809,156.3633203248789,20.204369324186075,26.582766405007778,-133.63024679693163,436.02727633574546,198.07841181030386,-243.0362086901703,801.7557499390194,295.91297923578617,297.81480014726327,0.833436282233153,0.3778525929206456,0.582885279147927,0.9384272715998067,55.08091442821138,54.64199184226201,380.98906801706863,355.61003189016077,24.664800147263293,22.76297923578619,44.957796879866436,311.10869195732596,-1.0859970331198099
1997-04-01,9.563719588599414,9.56366982317035,-3.370188476899904,-4.9906519653226145,97.54799919147193,20.656168714583774,91.17128138910677,415.4433313834331,171.77048031520175,21.695248487836142,30.033671632951172,-148.01383374826304,410.8044581631441,211.2223425949601,-251.93774069553206,693.3116156093757,296.12261828050094,298.22237615509596,0.7739148667275192,0.3848009561692145,0.4039649753639896,0.8885182430583566,53.054009863304,52.740814369274325,286.9115876579824,276.72655738340137,25.07237615509598,22.972618280500967,40.715398100571946,220.11796208324523,-0.2240057907438313
1997-05-01,5.358085870962558,5.358076771186732,-3.5780743128117702,-0.20514071131771924,103.56532357003593,18.84287799476794,120.07180619037155,407.7845808474858,185.78918931269655,22.49139326811298,38.43653888961836,-161.24005437201825,379.88217655670184,244.40003886531525,-257.6584812086545,1104.2242807090208,295.6107875977895,298.65003584485663,0.5155638182575496,0.25940915764238104,0.31710105826794627,0.6860833236489353,47.20690787743015,47.00957561796826,166.1006619998393,155.03694361072718,25.500035844856654,22.460787597789533,13.258442343339254,64.33474846643449,0.3953139175960132
1997-06-01,0.6741908312388701,0.6741183403208593,-3.3600254332755766,3.7349535077455984,97.25399034011625,33.17486658028886,162.45518257462825,396.26555473210897,215.6160880960988,24.946428939760235,56.23545984590936,-187.64499431048733,362.1851037364951,283.16348898174874,-277.98410260629703,1767.3457369887144,293.77145948816144,299.5651021416652,0.17483715096024532,0.08544333970139648,0.18399778636929187,0.3537428040477769,36.962236474011725,36.89684747332129,20.225724937166103,19.50573901391375,26.415102141665216,20.621459488161463,-5.179386375451713,-83.90831524582707,0.9806775441728632
1997-07-01,0.7565408917016329,0.7565529332754769,-3.077802936216893,4.056688020716715,89.08520674119164,41.452038340711375,167.24783395657985,394.09665470193227,222.01916905353454,25.661520075278847,61.040438770801984,-193.180980881084,369.1369831313207,281.9159114528719,-283.4430051161341,2165.407217286844,292.02434714894054,299.86443353128703,0.14458712456275338,0.06206797188100528,0.21589439161509882,0.3484844360839386,35.018208972482576,34.94165354885448,23.45276764275062,21.890999226720975,26.714433531287057,18.874347148940558,1.5270936632621783,-67.27041087958749,1.6032970283790036
1997-08-01,1.6649375854757895,1.6648316012652364,-3.166431326231644,2.769091825002517,91.65039887154909,45.82619443145789,163.07702283570734,402.22460982457653,225.37127504693203,26.256846273311893,55.99113823481821,-195.1249568571533,395.2758117201358,271.90505794861923,-294.89526219524834,1889.2374071167515,293.36966621263923,300.31096474712473,0.1908672327150061,0.09479601951897652,0.24660708765303416,0.41058269232384337,39.158496784920146,39.04841256134354,51.613065149749474,48.17221068475799,27.16096474712475,20.219666212639254,22.990204246629105,-22.14520925949011,1.65722531932812
1997-09-01,0.9407183235971562,0.9406467471001728,-3.363238958358081,3.975371076665796,97.34670920924407,61.34975679906116,195.5362249275646,408.7617806404741,256.3761472799786,30.118612281503516,57.811753545796385,-219.5286545827974,422.7372136465632,274.9495371860474,-323.79718176897114,2141.4244505510233,294.49625276062164,301.2497279985257,0.26080841806686705,0.07635320899501083,0.18428138170233913,0.42058210282190245,40.43596774362716,40.34679287509667,28.221549707914686,27.217787821185556,28.099727998525736,21.346252760621667,48.84764458292375,-24.30171183383054,3.020435028695772
1997-10-01,1.6935519289373204,1.6934976613208383,-3.559954853644241,2.34575697947945,103.0408534870977,64.34173414173496,206.03208133888108,412.9458170015509,267.3034055647927,31.96527029133877,57.34094353416462,-227.4284045413965,437.251866711741,269.30736681749886,-333.83392364061615,2317.6041795463652,294.6821493957723,301.6360710331061,0.3541318856668998,0.0778944520036284,0.18123890993365735,0.4831792627051473,42.73519916450457,42.636351449198436,52.500109797056936,49.00166844099648,28.4860710331061,21.532149395772308,64.52655682311729,7.782498398616866,2.704873378399199
1997-11-01,4.165824162418806,4.165701175640592,-3.635699872081867,0.6304628026178329,105.23295746521082,49.493006550421875,164.3036537697103,415.1351451728694,238.10037047763896,28.916783603975524,47.265440768450794,-202.04521201020142,437.03909727460996,240.78416242852003,-310.2420533768296,1686.0414452185641,295.6550479479305,300.57434205605125,0.5664363655730892,0.15339876370709152,0.25634524931605546,0.6837206733147899,47.64415870033937,47.48669978391856,124.97472487256418,120.53533494330418,27.424342056051273,22.505047947930507,69.45789094830954,84.70646120028496,0.05380722611793942
1997-12-01,5.039414377511496,5.039324488488924,-3.6678050270448805,-0.5696368320164493,106.16228227639309,39.546920503333446,147.62465493105498,416.5246527525095,219.39729242755922,26.916897958630734,40.91767072894095,-186.36428990441897,433.72917866065893,240.51473998085825,-294.79084841320997,1239.4586860504935,296.06830197880953,299.8988363300482,0.5418940311353174,0.20765175971451694,0.32816728303450854,0.6989556887485199,49.98821998204232,49.77935344150995,156.22184570285637,145.81378728266563,26.74883633004822,22.918301978809552,54.27610843235172,94.19019704287277,-0.2625836042485048
1998-01-01,9.0907536906032,9.090748635691925,-3.5858333125764723,-4.668017782154852,103.78946723941388,27.03921066628788,110.6993270234348,420.54481606669304,191.3898033847343,24.10123623653945,32.25528431783889,-162.60142470636106,438.3964521169154,223.92185231497703,-273.4861962077106,852.8675656426647,296.53150007161196,299.1766100934667,0.6736854487886338,0.30963231703590516,0.42525442202043673,0.835438670124581,55.02280864592984,54.73491818057581,281.8133644086992,263.04249524571543,26.02661009346673,23.38150007161198,49.56434389273355,209.2999094162147,-0.48253751717959403
1998-02-01,6.213661791217445,6.213453335585016,-3.881100979472521,-1.0454807482741733,112.33592686193958,32.99830086276408,136.61150593071915,423.33960251073216,212.2428302232728,26.560911277404664,34.48858554295917,-180.96157031966342,443.9169844388742,240.63618787291858,-292.5980587272901,937.0907120047307,296.90414464495507,299.9676626071175,0.5475915979538206,0.2696943071422194,0.3866111387704512,0.7512421715958161,54.99467736553458,54.76490265231012,173.98253015408847,179.78742290465902,26.81766260711754,23.75414464495509,51.96187085437151,118.27460984509035,1.1387570520005994
1998-03-01,9.180012361918989,9.179912653303314,-3.727492679950988,-4.164857533405469,107.88982634871111,25.750395953552548,112.03176719308138,422.4985808647817,192.192089386492,24.303799520617314,30.95862176038015,-164.3966802426778,436.2825003619506,224.98816558445844,-274.9264129499352,814.0825762702998,296.7785631324186,299.1803861525538,0.6570961151784185,0.3402240965041823,0.4181938170082034,0.8225637160670004,56.56745909787488,56.27851565262486,284.5803832194886,265.62247260715606,26.03038615255383,23.628563132418606,49.93824736547674,207.8730574438877,-0.2021638199660032
1998-04-01,6.544298932857206,6.544140902824871,-3.9045420072301775,-1.6404236045196265,113.01470435513829,25.49342449995909,126.99571398465572,423.1483046273031,200.77338382075226,25.058826828632384,33.970680572079154,-173.15488584770102,411.16386891679724,236.42220236911538,-277.5887269848139,872.6918555601673,297.3693801031621,299.9791947921174,0.6074534603110527,0.29508985847629293,0.26700718893369274,0.7506114879228963,54.76601033560933,54.551046719370596,196.3289679857162,189.3559289011826,26.82919479211745,24.21938010316211,41.166524615698506,116.83167274121833,0.6760764205244953
1998-05-01,4.968410133169717,4.968178608798633,-3.6892033372889745,0.5298995706125222,106.78172315427328,21.167236899404823,123.73252983307304,417.371402331937,189.3573444442851,23.039263405873427,36.6749726497261,-164.42309111334086,380.2021481415487,249.20159356365284,-262.1754649904442,1125.0733943031332,296.7151653764225,299.57367294348376,0.4804506392915084,0.2665418611251473,0.30388737196575255,0.6712002975499257,51.453036517702174,51.26854595168052,154.0207141282612,143.75516807866413,26.42367294348378,23.5651653764225,12.973871426791362,50.14815794124556,-0.200841590063348
1998-06-01,2.4526854980855637,2.4525502907980483,-3.529181009822842,3.111224158335623,102.1499449414987,25.792046972886656,142.48434688560766,405.47474903033975,200.43420940197086,23.517775436148003,47.17173491264311,-174.35003586442875,362.3291764681124,273.22145271699407,-267.8126584425767,1355.7056484459977,295.14064749537613,299.6088444060975,0.23068277444944266,0.16864302827671965,0.21337678291579087,0.45315898035074387,43.3031947370943,43.196405384358755,73.58056494256691,70.96499684022132,26.458844406097512,21.99064749537615,-5.408794274417346,-35.83005141309502,-0.7636909625997106
1998-07-01,2.1231421950182816,2.123035921151422,-3.2403903488433334,2.0984013720496453,93.79112429200039,34.0949497488773,146.19493302814297,402.2439360037575,205.82316098553366,24.13153877580805,51.13296535834093,-179.01853301580212,369.08770456876937,275.42017220777797,-272.60073857937596,1560.048882950275,294.19226427764,299.58106926355214,0.21588627322011655,0.1613778766348671,0.22062954680263216,0.4502928749891795,40.22118710550943,40.11640816412361,65.81740804556674,61.430437533316606,26.43106926355216,21.042264277640015,-2.8194336284020096,-35.1796140036693,-0.0005063834164928949
1998-08-01,1.1349061218439678,1.1348548127530684,-3.129917018595523,3.6467501486028397,90.59346804986617,51.220284575686065,171.93715082262426,405.76972531567327,232.06912010587075,26.981680704786935,57.12140257831972,-200.98877667167656,395.14320154323286,279.30149617635783,-300.74981450418704,1958.445615199135,293.9774563256291,300.9763247832625,0.20001452348921764,0.10738560421737421,0.1923249321428372,0.3975043798965516,39.30772220622206,39.223001348205514,35.182089777163,32.83723416530869,27.82632478326252,20.8274563256291,21.448318327829213,-38.36153702453286,2.0536214678045894
1998-09-01,1.7600861472648763,1.7600368178724184,-3.3668499369125215,2.9944689823742583,97.45149968792057,58.8223369175769,186.5405633720587,411.6908858238003,248.64545209320147,29.32479595613618,54.50211928827861,-212.78548429659193,422.6660862991501,279.31079966643625,-318.14635603569945,1782.4758094483632,294.7270002901657,301.168857727475,0.22010653533016478,0.1285356430626326,0.20183467703605973,0.42739782863939246,41.321785707477005,41.215867911941345,52.80258441794629,50.92699125788248,28.018857727474995,21.5770002901657,38.8355563692632,-9.698480463590748,2.009528402815846
1998-10-01,4.4897981765229,4.4898028387019115,-3.7427601714750858,0.18267779369682022,108.33185107445138,48.176577721067986,165.64486443203083,414.71883821654535,238.86079920638323,28.951639940991303,46.206894032900045,-203.0753763696587,437.31475929426693,248.74910001789186,-312.33354574284823,1455.2694819191067,295.9738986224473,300.4342972763491,0.5371070919271789,0.19210727510958808,0.21367157993453414,0.6615740063105546,46.14070170872379,45.98912889882413,139.1837434722099,129.91327658280994,27.28429727634915,22.823898622447302,63.58444572495637,84.80581769207564,0.3600535412392958
1998-11-01,7.178232301640514,7.1782095162658175,-3.651414167749592,-2.6371194357435774,105.68779002640302,33.76742119994308,122.67732878341008,416.00840061975015,208.4221247872906,25.7236053419011,37.86730669577844,-176.7479737608279,437.18724282906214,212.55129896718523,-286.8252119530718,1152.3878776147492,296.26735855711365,299.27952003262783,0.810375928804384,0.2464716844334157,0.33326207734358915,0.8756911850361124,50.689532951452286,50.44036738862803,215.3469690492154,207.70282165121,26.129520032627852,23.117358557113675,74.27391298588657,176.86348877199018,-0.5745441612966289
1998-12-01,6.464146420979657,6.464063904114126,-3.7800247959941373,-1.5460141056862586,109.4104689266645,33.095522226194696,130.07151261546764,413.89156999071355,213.43201832208743,26.30509840554335,38.83724399074081,-181.00134692151212,433.84581743250493,219.32727442439992,-289.4733122097599,1171.3287835849558,296.15956247663746,299.10711617248245,0.7375679577442159,0.25016589748255647,0.2920426285902253,0.82524165998783,49.833361319731026,49.62457037462607,200.38853905036936,187.03888611441337,25.957116172482472,23.009562476637484,70.14603778536,148.11634319519675,-0.3418882220878885
1999-01-01,10.607495620296804,10.607460151689084,-3.4230686393919867,-6.108878573004534,99.07842538720072,22.34391572086063,89.50370710750562,414.7061292001647,178.20921222038243,22.578662509271933,30.67765559508111,-151.2088751560889,438.4280130190618,203.64769036491995,-261.5269953692308,722.0211144440821,296.07786523738616,298.10598347351186,0.8252568070702367,0.37968689294183444,0.40029179968798,0.9116191879828386,51.9436590306164,51.593808285268274,328.83236422920095,306.9288238335962,24.95598347351188,22.927865237386186,57.87930500431085,266.6208249977599,-0.8911215470535581
1999-02-01,11.230659727576834,11.230609285540742,-3.449795068634901,-6.885099917592537,99.85203385735699,23.775123400841295,90.93053604471534,415.0260465498918,180.85134053502597,23.078608387788133,30.709430034250776,-153.5928873966803,444.0028235612147,203.35405650803727,-264.9891176238322,734.3281195225906,296.02359106365395,298.0606168535046,0.8386996049057275,0.3753034778469764,0.3997444039563791,0.9222433161189022,52.15469041285069,51.79900556148296,314.45847237215133,324.9597594195817,24.91061685350462,22.873591063653976,61.63506111579494,287.4864865737884,-0.7436998957687422
1999-03-01,11.969754582945196,11.969691524482744,-3.37306929837371,-7.724051564916744,97.63140955925398,22.22599008826202,86.62794347495611,415.0157218243334,174.4710566107262,22.212410609398752,29.714333926931673,-148.96909300037635,436.5111301281947,203.28373042694216,-258.7272066797442,718.8681745902379,295.9983954135555,297.8439742234879,0.8143286393683502,0.39344353239757657,0.4264677554944215,0.9116238310054797,52.566110590330425,52.18294577758985,371.0623920713011,346.34524087044974,24.693974223487942,22.848395413555522,55.44347625280204,304.75994813806915,-0.6026405740713301
1999-04-01,10.782541754913135,10.782528445891518,-3.329231033517418,-6.596397878226682,96.36255433747583,19.790844916460276,88.08489313174012,414.83442049220884,168.56405385896585,21.269483048143254,29.78385752473444,-145.04582413842908,411.4990578118753,215.17489821802877,-249.08562651176499,663.8873973220051,296.15104891917105,298.0933703802465,0.7337461742728404,0.4185521655016697,0.3797832039690681,0.8751652317384182,51.619174446052746,51.28077332183461,323.47625264739406,311.99445734639806,24.943370380246506,23.00104891917107,33.91072829373621,250.4340639428999,-0.8914326402414616
1999-05-01,9.842120547400572,9.842046830752617,-3.066075179945323,-5.420656983843211,88.745643382653,14.830476776370341,77.51734087190873,411.86277738143036,152.93007783833156,19.077332486976243,29.74927256926327,-132.42667906109878,380.5010793314561,211.75290746514,-230.61746459644684,743.6145803731523,295.91890892842093,297.79444941826927,0.7745179998147631,0.4158481603667459,0.3758547036602373,0.8816448625275034,51.006157590868426,50.694769368851574,305.10573696941776,284.78144764909194,24.64444941826929,22.768908928420956,18.86455713130684,215.79907506493362,-0.8987136671878346
1999-06-01,3.2315656089674514,3.2315609638280174,-3.3431039891781453,1.2162484453400382,96.76393676316626,22.242498466441734,123.37520692161496,403.2555657254235,187.2097550014946,22.13444767476071,43.2570390353549,-162.69605896647371,362.4545169652946,258.5822230730681,-256.65705921429964,1310.3068465753418,295.3203881846799,298.79152114653164,0.4121773705198541,0.23162610930697544,0.22709652928880542,0.6076190682390522,42.75260532147716,42.621519088506304,96.94696826902354,93.5058149255792,25.64152114653166,22.17038818467995,-1.9251638587684852,-5.615870397866374,0.4325847015108337
1999-07-01,1.7807930463824546,1.7806527750245729,-3.176651406469588,2.722550362917067,91.94627145699839,34.27591679039326,152.71771844744006,394.1078635651848,211.57678084405438,24.53991683061268,56.380706124078955,-183.93474593679974,369.0183165972817,276.0406039280821,-275.72975635370244,1686.0672378358413,292.85145569620227,299.3199808582383,0.1685065528967681,0.13260724870982882,0.213042573738155,0.39427049408005527,36.35806814519833,36.26890235290894,55.20458443785609,51.52351779584991,26.16998085823832,19.701455696202288,-0.31084757437963617,-42.065452800857244,1.3318515653291314
1999-08-01,1.5431642764301388,1.5432088248916294,-2.9931307783595544,2.248886167299284,86.63443720597633,47.24109031408892,161.3638222273424,399.5391010236943,225.40048518527078,26.20311650850965,58.80680204458876,-195.0152086054127,394.9874953970135,276.0460715768438,-293.6549481844796,2014.6356329036792,292.26358165562067,300.49142941759516,0.17282449748897116,0.11141583662580247,0.24975541257246495,0.4264562152510241,36.31693524117895,36.22173176353899,47.8380925693343,44.65303312765131,27.34142941759518,19.113581655620692,17.608876607635807,-26.70540651144792,2.332879040758712
1999-09-01,3.603350025483051,3.60330009281609,-3.47454961589919,0.6392474194092082,100.56864656720678,48.75127406875051,163.93832426947006,409.03590604837416,233.19988978897555,27.791871302728666,49.61108415919172,-199.55664326457637,422.56892717401115,259.1817130146929,-306.3416566775218,1464.049718907861,295.0747448915276,300.2580432113408,0.38327566591678747,0.17344972613467746,0.2070458980510109,0.5487055133541399,42.846649204010255,42.70496085076893,108.10050076449153,104.26215546342853,27.108043211340828,21.92474489152761,47.15994366282894,50.227814089623344,0.6256384694273294
1999-10-01,4.023939731768314,4.023891339408452,-3.9409167733865647,0.676425796827983,114.0675758215956,43.88022823155105,170.57864607553356,408.7210104333726,242.8810328811377,29.343514720686354,47.433853936123135,-206.34243424560646,437.3508668061213,253.68667031108092,-314.70846398378944,1437.0808576585025,295.7270292432439,299.89109368560753,0.4791098824961941,0.1933857901487813,0.20375198949097706,0.6259527365790337,43.12494241472643,42.98121052787034,124.74213168481774,116.43204107084642,26.741093685607552,22.577029243243942,61.021793672708526,62.42548266562269,0.9607762563366578
1999-11-01,5.992260749607911,5.9922146841103885,-3.831480244656096,-1.3269537136314786,110.89955273908284,34.037412201939674,136.8889222324237,412.8499854894768,218.44808452247108,26.84558486198656,40.0144443542386,-185.3190738728578,437.31072845026034,226.92526998679335,-295.5091943846884,1239.3250693993868,296.0338921401253,299.19866269773615,0.7088373202692091,0.2511269900955166,0.2588368736937987,0.8003943192191197,48.56118152691348,48.356884684555446,179.76782248823733,173.38584155412002,26.048662697736177,22.88389214012534,68.58392439789503,130.70254863533552,0.3676645775966989
1999-12-01,8.698660124038755,8.698604398414801,-3.501218220379408,-4.373821856427891,101.34032027305881,26.776636344273445,109.39470465045387,415.18106159245264,190.54781479286672,23.74881586768399,34.2445622638982,-161.6292528637007,433.9357673045435,216.17731303217897,-270.3792754859521,972.7325647568947,296.1829182053373,298.8049576037293,0.7745289746012627,0.27788396639653257,0.43057327120572775,0.8662734800334925,51.398679522938686,51.09532019145325,269.65846384520137,251.69572912079863,25.654957603729315,23.032918205337296,54.20196245377315,205.2896373190427,-0.7322660175297386
2000-01-01,11.891117130878328,11.891082467982498,-3.3492999551970226,-7.501995949511589,96.94332554510713,21.027680315892486,84.36335179556808,414.16544112912993,173.00777321914987,22.04425696895787,29.603158734040147,-146.77150064061033,438.46457972366073,202.2008714338342,-256.8664756046024,678.8652404750597,295.92200478198873,297.86219671876097,0.8304399242878137,0.3844623661194419,0.4443191224824222,0.9205522959873598,51.79908552145189,51.43959407639788,368.62463105722816,344.0706732633825,24.712196718760993,22.772004781988755,54.66560417076818,302.59561584347296,-0.8026639544294341
2000-02-01,12.258247891045249,12.258158870324303,-3.3332546580869433,-8.425499886724738,96.47897798901927,21.53082010993242,82.32668848319946,413.6008364679739,171.64346157093982,21.84544338796667,29.007369833220388,-145.8417389565858,444.07213948377694,204.47581387087035,-257.42609674060037,682.7376469291822,295.6759948593061,297.61162848721676,0.8007294676133722,0.41068810772580744,0.4750096992736301,0.918601992626416,51.741223807345406,51.36759920940764,355.48918884031224,354.6920969422541,24.461628487216785,22.525994859306138,52.95028286973002,312.33883079855116,-1.1754289755862857
2000-03-01,12.774129217155242,12.774076252557828,-3.303657809727545,-8.730468586524585,95.62256644745908,20.50453910979038,82.1360652555673,414.6114610111673,168.8887750970339,21.46072818120953,28.577487292957162,-144.16526348203237,436.18324444509955,205.36850110452787,-254.50347698501037,635.0045324985402,295.9045515657729,297.8072758220736,0.7941246429782419,0.4462967505064356,0.42877556201229833,0.9105563712536019,52.321944603488596,51.93604557974626,395.9980057318125,369.6202619374372,24.657275822073643,22.754551565772942,49.1349758804825,323.67200073863484,-0.5393293681742506
2000-04-01,11.398602042547239,11.398537998150367,-3.1747998272081985,-7.0807412315484015,91.8924798931259,18.554643060376822,77.74200616033022,415.37199484956983,160.15288788743237,20.31733925067223,27.93537680792641,-137.7238714451781,410.81781410559086,206.3709620597981,-241.99081049069946,589.4424057158844,296.1439056858943,297.9327819340439,0.8017238527231478,0.46211295726711565,0.40160964495457036,0.905341147082939,52.66360324389449,52.28902149193524,341.9580612764172,329.8188078168509,24.782781934043896,22.993905685894333,35.61984843090136,274.20480467087737,-0.6586283162510256
2000-05-01,5.248627779390997,5.248571615117323,-3.51101342742514,-0.4560378838971214,101.62400324468918,20.4945337253422,119.5164150843986,406.99974528030725,186.6113289396539,22.562044548291915,39.44684985156743,-161.77307242415415,379.9065153266866,247.2445816257851,-257.85562307172023,1104.6283458697776,295.7666062616063,298.6681623648917,0.5575975152595241,0.29243827696807284,0.2647445056932075,0.7027790561470737,45.683015424370645,45.50049283673647,162.7074611611209,151.86839164112627,25.518162364891737,22.616606261606307,10.611041445935143,60.64774423981689,0.20768560255534396
2000-06-01,2.8630385852135274,2.8629276369404897,-3.318884055367421,1.5455259353381656,96.06311235905723,24.68779534129505,129.83355378339033,402.93768145176597,190.98336464764262,22.51038917245846,44.969861160938926,-166.04303729278453,362.38586655714056,268.2071123650481,-259.32499802534903,1191.2678492036327,294.89675146039355,298.92803744814796,0.30240552791228037,0.20111343280623556,0.23825968956491567,0.5260967574417329,41.96619826224736,41.84341919934826,85.89115755640582,82.83934134665769,25.778037448147984,21.74675146039357,-8.882114339699058,-22.428153783591924,0.3222684314933275
2000-07-01,3.8246383325004576,3.824560897165058,-3.152984081190241,0.5535402613945409,91.26117726756938,28.75266849205435,122.1059153640309,403.5953643390329,188.0600707882276,22.278841661643153,43.3269640559215,-163.42640896207502,369.55857835663346,257.10441944980727,-258.9875181129797,1148.4538032924293,294.5148141215689,298.630882597596,0.3398551312215238,0.2518037660900578,0.28820300829840445,0.6114345666836358,42.59174010597319,42.447704694932135,118.56378830751419,110.66437781148896,25.480882597596008,21.36481412156894,1.8830986631724613,21.20070006056227,0.0855991465297734
2000-08-01,1.408019962919119,1.407936350246476,-3.4577050330711434,3.3568257031839424,100.08114874243834,40.24176005971834,162.86662628710434,401.162228420137,226.14911791287588,26.375508088254943,53.17901119828772,-195.76394488325488,395.80987684416465,275.8877875115347,-296.25098925618113,1687.2686361340056,294.49135180144594,299.8695491821424,0.23169345467169958,0.14916879826043125,0.1883015244879322,0.44412558498139715,38.29005449637355,38.196383182892525,43.64861885049269,40.738899023335534,26.71954918214243,21.341351801445967,20.363201744646403,-41.241072857266886,2.262024882810479
2000-09-01,4.468675737592077,4.468683699598483,-3.7584318873085207,0.21148714682354952,108.78555288005863,37.636087308233215,150.8954505618653,407.8425057023609,223.81967623370753,26.851245891134766,44.98958099119319,-191.4883608856502,423.2218096280765,252.00561025803415,-299.41519755872883,1298.658461341137,295.5817052787489,299.3910380283057,0.432479068517305,0.21867387796076954,0.21922358229877867,0.6057602603552761,43.799541285460286,43.63928462515128,134.06027212776232,129.30219038190054,26.241038028305695,22.43170527874895,47.40958730069468,67.84908509637143,0.07713970616516974
2000-10-01,3.3869753816754553,3.3868224505310973,-3.9917242048513524,1.7718860569405979,115.53806033405601,42.810149658512024,172.05221738751038,408.9871993269638,244.3029839700925,29.49688775432503,47.05528440955284,-207.62042302173302,437.59769928861346,249.41368175685372,-316.2341615853605,1478.00636765323,295.880081589247,299.7971641961796,0.5192276974750644,0.18711235276770685,0.1969636885046555,0.646770060628907,44.26173843547904,44.12830974577678,104.99623683193911,97.99833479546,26.64716419617963,22.73008158924705,66.82047982850676,47.06382567029859,2.216928619612162
2000-11-01,5.196561873603629,5.196534968603005,-3.8645386597204925,-0.16828728872813828,111.8567759862071,37.94113907259343,148.95951363597555,412.59663010553066,227.21527790377343,27.793368403891137,42.11184887054729,-192.77914529943985,437.2930805488953,229.19441362966163,-302.1964618344111,1353.4895363128935,296.0363059892744,299.4619717446886,0.6727587965640508,0.22083657752285596,0.2564907991782229,0.7743590566004709,48.29967574482922,48.11771209535333,155.8968562081089,150.36270163781842,26.311971744688606,22.886305989274433,73.00204820474946,110.63859248626876,0.8693813700920145
2000-12-01,7.205995386079329,7.205910946902369,-3.599170249722842,-2.908182119001758,104.17590489751386,31.992537191615522,129.17618507951443,413.3471923362183,203.89515640065807,25.174637796728575,37.282849722170404,-173.11339003395406,434.0262996016494,235.04523841934105,-281.8726310995824,1001.2991594091866,295.9353820276544,298.99807681451057,0.5965854825791836,0.26161638666930137,0.38214843119430486,0.752189884151362,49.37755324376086,49.136364439834644,223.3858569684592,208.5043676765732,25.84807681451059,22.785382027654407,46.82739268024136,151.49375723664642,-0.3379017773457207
2001-01-01,11.87565177604099,11.87560249456941,-3.3939808256160973,-7.734088587434219,98.23684546250577,20.604532692766053,83.20317406146498,412.74853193232076,172.45200744905452,21.93324100129864,29.428342711426176,-146.1764936361655,438.62737005455807,205.4488365705853,-257.01848399025226,622.5773193701658,295.732124867811,297.60071424665233,0.8015654169512463,0.41741115584609506,0.4388125152082455,0.9204074831446881,51.16565403496825,50.83112593530087,368.1452050572707,343.62275736601305,24.450714246652353,22.582124867811046,51.56964741966695,299.04878655370675,-2.0932272305325057
2001-02-01,10.166154826659474,10.166092982915691,-3.4743868373556372,-6.003588878125151,100.56397403948831,24.03490224323899,97.24724593801821,412.40298591443855,183.01014379959904,23.2374759496332,31.24219429917073,-155.48587410133132,444.09419580481733,218.40724414035216,-267.0508170064743,706.5202547844145,295.712210817426,297.7622840616855,0.665824062563166,0.38744091833946825,0.4484358262382276,0.8570767766560855,50.83424100191412,50.5230165764642,284.65233514646525,294.15778307047714,24.6122840616855,22.562210817426035,48.64357286612213,242.59257837767768,-0.35519648056671826
2001-03-01,10.790532650469038,10.790489704852403,-3.3527148524709642,-6.495405823221738,97.0423186547439,21.397173941670587,85.94737923103035,414.43698761527946,172.99069191316315,22.07688445377125,29.532029740288525,-147.77993517806215,436.2984637436048,205.0280370147264,-257.4491130163707,797.2169783465351,295.95477029821393,297.9709077762078,0.826127951025278,0.3734799935579476,0.45996138164557376,0.9296921606471212,52.58457324654103,52.231030690294816,334.50651216454014,312.2248178487385,24.820907776207832,22.804770298213953,52.42107600164428,267.79516235427974,-0.19158715864085707
2001-04-01,9.36876577592184,9.368701547207461,-3.4527322645399647,-4.953663812399484,99.93708202562257,20.818504688353237,100.95196389307118,413.13265246905354,178.13611824765408,22.362326287421904,32.3592240587388,-153.43696463754037,411.0443324654092,221.56873817397448,-256.2573808958435,822.7233912282392,296.1356014012172,298.26950515401217,0.6958607710577857,0.3290096058611648,0.41076402131690765,0.835327480748932,51.468281982404626,51.16724073937976,281.0629732776552,271.0851142131789,25.119505154012188,22.985601401217195,34.688642721869,205.51452104459955,0.3221538648257649
2001-05-01,5.494678645168752,5.494562046021139,-3.543689087818355,-0.8479349453334372,102.56962832749693,21.853434942694335,116.58761343717175,412.3679842291536,185.11866875061398,22.496879055021633,35.94768580815419,-160.63922574926346,380.10214288327325,241.68625496006678,-258.39888080843923,822.2315033136119,296.47525481552356,298.8100506712586,0.5895829686338879,0.3006099671102677,0.2555672919367476,0.7464429544784591,48.90751223740424,48.728650598845924,170.3350380002313,158.98617031311167,25.660050671258603,23.32525481552358,16.712625848372454,72.86069116306919,0.2684766709180053
2001-06-01,4.810715696469112,4.810685754156595,-3.3497280531202422,-0.6196744881419936,96.95571428082569,18.698695635186464,111.24477163259648,403.52817834346376,177.02572913287142,21.042200115006143,38.926767388571385,-153.76007504455356,362.4093966658854,250.98653795489147,-248.81065355056109,1007.2078808146442,295.29488409941837,297.9974987535036,0.43973434439665327,0.30197195462218485,0.26420277943754933,0.6644701903201957,44.59600925591889,44.43331261139201,144.32147089407334,139.19808316425335,24.8474987535036,22.14488409941839,-2.1758844043303895,40.88758673912726,-0.8211022600299884
2001-07-01,2.031328643674548,2.031295896738856,-3.5283549780394003,2.3306227669480784,102.12612216692489,27.414532708879165,145.99269511794003,398.55374693079693,205.91242454750133,24.07363049952446,48.75909986390044,-179.07434751122688,369.38795272657194,270.29374044400737,-273.2970783311856,1388.8283750723886,294.6940518942444,298.7762891676381,0.2509247213043592,0.17996258924365263,0.19238901376531553,0.4685460107141038,39.73604413180256,39.64168759366751,62.97118795391099,58.77592293804561,25.626289167638106,21.544051894244433,3.0033378871782475,-41.12145411322341,0.7745927715223786
2001-08-01,0.6079563725517229,0.6078733951383625,-3.4926824593375856,3.6437526628902472,101.09369608317512,42.303113085463785,181.94309480842225,394.453734431451,240.9893022082205,27.773908163240108,62.48940438535764,-208.66522286924183,395.5487307574439,278.6266044353879,-306.41119229560456,2344.7024612474424,292.68133064162146,300.3632733148272,0.1891760231878141,0.05568103699125072,0.1843756393707559,0.3586934563336356,34.7174693126788,34.65363828961323,18.84664754910341,17.58892925747577,27.213273314827234,19.53133064162148,27.784587860216675,-58.499188280727964,2.7790093152452897
2001-09-01,2.906847621209061,2.906665762622995,-3.660999116362943,1.496143057526684,105.96529933069563,44.53574736756384,167.43105381258914,408.41354110564953,234.84663807607353,27.885094926030074,48.81728489830898,-200.94651120871532,423.01468245475945,264.76168339137377,-307.5780817288609,1448.1124774853283,295.3998015544818,300.07590183136034,0.35127832972246537,0.16875812983310234,0.21461872875170265,0.5312907817812769,42.10824353943378,41.98496947436358,87.20542863627183,84.10491211293387,26.925901831360363,22.24980155448185,42.81639833748716,19.327831507578523,1.6281796121468801
2001-10-01,3.8225532224438017,3.8225257355688034,-3.8710682265302747,0.3478611085987563,112.04565122658839,47.64559419701813,175.78181304845026,410.93860600006724,246.44721653122096,29.714618561431056,48.39801932115077,-209.5629584111792,437.52030417935634,252.09515622352686,-318.3083619356354,1660.7027138803824,295.76772085829526,300.2293583455925,0.5309650334245729,0.1621105790648648,0.198402951907033,0.6474873874651281,44.679295209963556,44.54558741697405,118.49914989575785,110.60549003381955,27.07935834559254,22.617720858295286,66.21320571210853,63.29935085291777,1.473693666421923
2001-11-01,5.121343456462905,5.121219041790417,-3.7473004427325045,-0.915739944791934,108.4633287968231,40.13171562514002,150.45330085305298,414.71910106709214,226.17247204143487,27.505272549825364,42.74444609490913,-192.00749814351587,437.300059855213,236.64040332672516,-301.10193798867505,1379.269796142346,296.1832276709398,299.9721056768788,0.649979478094076,0.20201868129994943,0.28882988924261394,0.7493870076862966,47.58488027268895,47.39864892357913,153.64030369388715,148.18342134810234,26.822105676878834,23.033227670939823,64.46153466194988,103.5136195865855,0.6680076266436146
2001-12-01,6.707370928982449,6.70728096430498,-3.58990368289458,-3.0508897230157888,103.90760091243524,32.288679208127824,124.05387646302248,417.9478408372592,204.1470583554427,25.446710525713655,36.396083990156136,-173.31388291704903,434.0000619710019,223.7545101915571,-282.734242600382,1065.5305765221187,296.3765307564217,299.53829562786603,0.7176294162377552,0.23041277445473723,0.36959397889751366,0.8312712539167817,52.287316003640974,52.077110015728266,207.92849879845593,194.07641679123208,26.388295627866057,23.22653075642171,58.9797324088249,148.42702948129192,0.7215188063298115
2002-01-01,9.91973006816185,9.919686334280366,-3.529170523903458,-5.46493768553578,102.14932628251366,23.70382296471342,100.44678784985203,415.28342052339895,184.65828544453353,23.290154429460472,31.962920348529085,-156.83139914748878,438.5926669437802,211.9975883136325,-266.7975338309955,825.481839538493,296.1328090874902,298.38043353268637,0.7410055093228184,0.29295083551286577,0.4349910951858543,0.8538681093625329,52.46119699066214,52.13657239290728,307.51163211301736,287.02796106135315,25.23043353268639,22.98280908749024,54.79994551736303,240.6632507444699,-0.98467044826738
2002-02-01,9.732261608776744,9.732247231039214,-3.650443232215249,-5.4986539013883,105.6598519508905,25.828621280411927,109.6846367670457,416.6343569825578,192.26981949597396,24.26377046565615,32.00837528705225,-163.6222889580118,444.11578650621163,223.0998361285308,-275.3551263441925,753.9086812805003,296.2642023865457,298.63136091579344,0.6932837431803761,0.3430169770354716,0.40403334716829453,0.8358885762095132,52.14914139814372,51.84272214047952,272.50332504574885,281.6043758981254,25.48136091579346,23.11420238654574,52.25529021566172,228.0743737232395,0.12544043965714025
2002-03-01,10.168513480872006,10.168521298614897,-3.590621313795519,-5.933587499516132,103.92817054467194,24.534532772715174,100.13778605326839,415.8130566645553,187.2393029363574,23.678964212994956,32.197160675618775,-159.93289413414348,436.4633131001502,208.35245084129608,-269.6613253733283,834.0679783076753,296.2389284503218,298.4818121396287,0.7893432281459667,0.33321155915580486,0.3707329138242172,0.8825662070816181,52.42994863615875,52.12393312253049,315.2239179070322,294.22804683492177,25.33181213962871,23.088928450321816,61.308874532032206,252.33572068114444,-0.7269698588624038
2002-04-01,9.418708648809279,9.418653307169649,-3.4925420010190615,-5.063420783577889,101.08939206202554,21.676085473029005,102.04209965991215,414.8083434129577,180.10968870008475,22.648243021862132,32.74139811421922,-155.1524978027224,411.3185228367536,216.6406972573506,-258.3784725268258,867.1163778851327,296.35171421222554,298.58269973831165,0.715078784791917,0.33488446967600743,0.3583833027804483,0.8350169565072062,51.85628530120375,51.5466559994639,282.56125946427835,272.53047763801067,25.43269973831167,23.201714212225568,41.73777526947521,213.5332386920117,-0.3543778465513725
2002-05-01,5.862828021531113,5.862725393816145,-3.5373608649465376,-1.169567120826937,102.38676514901653,20.68359639024163,113.59510396502628,412.9225404632604,183.04036643928166,22.282586439323754,35.84302428535402,-158.78291707885103,380.3430617934258,243.25411288412474,-256.9615065907499,883.3209137424572,296.39533665376484,298.97492773239696,0.5737254979839218,0.2967092486993978,0.2595784308459159,0.7300738717037614,49.52689190494969,49.346055895987675,181.74766866746452,169.63904495995791,25.824927732396986,23.245336653764866,13.70739370662514,81.09014226332768,-0.1304687457611493
2002-06-01,3.3204851392748544,3.3203666170832222,-3.4092769337909044,0.8187357159327778,98.6792392396839,22.70974747872759,128.78737716783166,402.77128191425345,190.66129055611768,22.436046666646114,44.552177450971996,-165.7611805224063,362.4802588980702,266.2902179012211,-259.6912962853225,1266.6941612655169,294.887152289448,298.88783259162756,0.24824870684935263,0.21509920869556895,0.22740276311157662,0.492444324794302,42.30571074896908,42.184657222630754,99.61455417824564,96.0754229480099,25.73783259162758,21.737152289448034,-6.598921615898632,-9.022754260595448,-0.1799836469771776
2002-07-01,1.4734102086778356,1.4732613245940693,-3.3179568150973533,2.2786224388557375,96.03640160993743,33.80791040515721,152.08137436273054,401.9490404984058,209.18295601212748,24.491730851596714,51.298606395400896,-182.07767626463868,369.261731131735,274.79233265804,-275.6174395977664,1590.6958685975383,294.31274607709827,299.64432817299644,0.1953083303275724,0.11600826943535647,0.2008162641728741,0.40103335587372596,39.51954690329557,39.4309739045867,45.675716469012904,42.62908925330062,26.49432817299646,21.16274607709829,0.8251069397264246,-53.51696327105354,0.9347578541431574
2002-08-01,0.7766921715161459,0.7766134920608275,-3.2377192705541242,3.617499785612765,93.71398271791273,48.277612697545216,176.25131178439113,399.373487950525,236.42091888111008,27.414314647175463,60.19830580356046,-204.70993222934766,395.3339192418302,277.5697615633794,-303.6775116429592,2160.003458508161,293.2500173975067,300.5982004391401,0.23359685365222674,0.08081523851889048,0.17754859000887893,0.4012155115358772,36.59311891394011,36.52548237842677,24.077457317000523,22.47145521009339,27.448200439140123,20.100017397506747,26.107750079579773,-47.65480843856883,2.5200310103292622
2002-09-01,1.58538469378716,1.5853308119956573,-3.3058082683354355,2.481301008079112,95.6844948953803,59.22080091327019,186.15169352124573,406.6647825572604,249.32701451342487,29.370951430241597,57.137790466783194,-213.47645767733056,422.85580156468234,271.2405300799046,-317.87361843588843,2033.0344687505626,294.31543284125354,301.00127864188664,0.3147898252036681,0.09110752256632453,0.20129584626049002,0.4714733702262392,39.5634233254918,39.4654436761827,47.561540813614805,45.871840624874345,27.851278641886665,21.165432841253562,46.63308835598383,-4.612937316418993,1.4333714018968777
2002-10-01,2.6602718037867468,2.6601659697603504,-3.760290709100112,2.2766836974305087,108.8394560589283,54.395808735300314,184.8953804571883,411.0556766789913,252.80837905474726,30.383790901229233,50.30559823825708,-214.95685269102052,437.4925963810096,255.9270835992838,-323.14792108312747,1686.6663543885845,295.4612229286678,300.3507290045195,0.44333636855861636,0.15415289092896245,0.2152520776382054,0.591213475970337,44.439705307537054,44.3142536239712,82.46842591738915,76.97239495834347,27.20072900451953,22.311222928667803,67.22083748384367,33.93778672472403,1.4159896585348122
2002-11-01,4.103065554538477,4.103023311512164,-3.8788963142975725,0.5547465994278787,112.27225324592834,44.644939997218316,170.6494448656311,412.70629592669763,240.0816528948645,29.051950350976586,45.81836809444746,-203.78581889806676,437.3574280065907,252.71089770238692,-312.5630766324554,1334.9505309305814,295.93434663861774,300.02776437427343,0.45374321845810955,0.1770200089789443,0.230691764156034,0.603834544220186,45.97698594054219,45.8338020121088,123.09196663615432,118.72173933773621,26.877764374273454,22.784346638617762,59.852178930068504,65.25140746140373,1.0502575604726445
2002-12-01,7.402314072394319,7.402304185119478,-3.597722821589795,-3.356286957198953,104.13413701003549,30.285923071339028,121.05206706758126,417.228403257312,198.85738853623212,24.711113968985828,35.389655007762684,-168.68634527277672,434.024552999127,230.62429323739013,-278.59684062905325,935.4705244904654,296.1759843331625,299.22027796208897,0.6243137476841168,0.27236634598403076,0.3840257259650421,0.7852011732319153,51.932482033546876,51.68582806615227,229.47173624422388,214.18704239350342,26.070277962088994,23.025984333162512,47.97254739166311,159.14882259149152,-1.12336981636048
2003-01-01,6.494578715161899,6.494390753913504,-3.665720840737957,-1.8149323149616394,106.1018490750948,31.12064918711405,126.99021151028266,416.75384470073595,203.0580302246201,25.35112891409106,35.61675234368144,-172.63864031081593,438.38888821258274,236.67189169560322,-282.25056443511824,931.4631222035039,296.09563907649243,299.211879838881,0.601311232456547,0.272613232918468,0.420969260928813,0.776923109982415,51.39896710327586,51.15189314327393,201.33194017001887,187.91639912944166,26.061879838880998,22.945639076492455,45.578672739515014,127.59383308893624,-0.20061029507436956
2003-02-01,12.118016646075628,12.117953676226458,-3.3118571155967316,-7.5917766030079825,95.85957333475385,20.448911053092207,83.4062760843824,418.10106487621914,168.02559282881558,21.608852700436454,28.00236373517195,-142.8590241339233,443.9633005404174,206.49328559190153,-254.66826458370815,739.870518530466,296.06308238707214,298.1310915647077,0.7865321466975168,0.39644374025829493,0.5169190177813988,0.914080883962038,54.50795157594506,54.10101782844617,339.30446609011756,350.63523368710815,24.981091564707697,22.913082387072166,48.174978991806626,304.40246333325564,-1.4518239890947058
2003-03-01,10.379696565503243,10.37958061842697,-3.343471607050718,-5.942754752455526,96.77470009505763,21.260421635162167,86.97591197884212,417.3684782614557,171.33358444415668,21.89427912486482,28.757685919585633,-146.39695597615733,436.4578883826974,211.67783699663286,-256.97067150567307,753.8515939535079,295.8979414854803,298.0377052617421,0.7548066776885384,0.40144294083434706,0.47310252226447785,0.8965448748571025,54.267501449614166,53.90575301802616,321.77059353060054,300.3350873387434,24.8877052617421,22.74794148548034,45.292834509040205,249.24907342637408,-0.39585167364811014
2003-04-01,9.637407143233329,9.637267018447096,-3.4000184494135937,-5.225325678367271,98.4115872994847,20.345475629570274,96.62649295315096,416.47849848703754,173.50189421798157,21.812998012732443,30.82707993867313,-149.4337863305919,411.43299093530266,222.13982952233687,-253.77028527198186,762.247756586177,296.4046848279428,298.6096122334375,0.6826119958384071,0.38747543675222107,0.37471802806144894,0.8222577343884074,52.597999146164454,52.272437911221274,289.12221429699986,278.8561058578442,25.459612233437497,23.25468482794281,31.630455749644995,212.22533084514075,-0.15035653713621855
2003-05-01,5.8429216130766095,5.842915358293188,-3.5381271325228747,-1.2793847445068878,102.40907284713687,20.111378554544945,114.05557647470803,412.56236513677595,182.27949086411544,22.19886164215341,35.845796531293416,-158.15818637547434,380.4376709999401,242.01890128621156,-256.10184661676413,915.1840329103883,296.2389025856889,298.94078703810237,0.5805675528558759,0.2934991854539512,0.2834741917015941,0.7310398931645152,49.31373181840048,49.12228523396242,181.1305700053749,169.06583791357602,25.790787038102394,23.088902585688913,14.082945330552576,80.94777195449261,-0.2080615575008835
2003-06-01,3.004510794830407,3.004419563470857,-3.461838927244687,1.7010400945624577,100.20063058433551,22.627760727473216,128.53088667849062,404.0689410620168,191.287324508069,22.6168716207187,43.55630626553272,-166.3258741173019,362.4104688916754,260.3905947630249,-260.3442544681843,1279.3043934467573,295.3273104048701,298.89291521041133,0.39154775433407557,0.22740229370956994,0.2184367909275442,0.5940807025394905,43.13921797315235,43.02128138258578,90.13532384491221,86.93343644302249,25.742915210411354,22.177310404870127,-0.0463402948406042,-13.254710976114083,-0.05882346003954808
2003-07-01,1.293381716424719,1.2933066973850083,-3.2429256191391698,2.360070698981217,93.86441029220951,34.53384776823102,158.29443178994123,394.9289126698452,215.24095405288278,24.94667532246967,57.66087474691247,-187.1922918500098,368.99393960317923,278.6467495342483,-278.7097096604869,1877.6467673375807,292.83904918619527,299.7408741604044,0.1967059231098036,0.10602083582299637,0.2158413880088641,0.39644800932239105,35.93607744869646,35.85920020439719,40.09483320916629,37.42206879007547,26.59087416040444,19.68904918619529,0.0629601262386359,-57.512540418552206,1.1331590426568
2003-08-01,2.580205148422202,2.5802029755093527,-3.28109850732953,1.1966745518707242,94.96934354143085,41.50392135409168,154.0089353572503,404.3118698551927,219.36529119578103,25.64297532114932,52.61684494732683,-189.89485852354713,394.9661870922404,264.09162146610214,-291.1038076029861,1728.9451809782015,294.07664689355687,300.16551291772095,0.30669483762903604,0.1461138470249768,0.20512445643665494,0.48834817394579094,40.35888288622231,40.25102369870297,79.98635960108825,74.65865091172896,27.01551291772097,20.926646893556892,27.01218613688394,5.89674482648428,0.8047486806977702
2003-09-01,2.62285572851515,2.6228745314715893,-3.7072073949568765,1.987227532655534,107.30282873962085,46.064979757222936,173.2646313137909,407.98602096841944,241.46541598460084,28.670172161862187,50.90604577070931,-206.56237522546687,422.5320519688433,262.7726456195807,-313.2620648359602,1713.5034557270626,295.1283206214361,300.1796622353286,0.4009773796080872,0.16902886642023157,0.18235336023429305,0.5582850907429302,42.10930959067412,41.99883726369488,78.6856718554545,75.89336028563626,27.0296622353286,21.978320621436126,50.489419216379474,16.79142980448112,2.288520957913761
2003-10-01,4.766179569182409,4.766148704521498,-3.8347092537196916,-0.2745290909538147,110.99336478162948,40.15511782459157,152.94005124928043,414.3713552724581,229.4302011822874,27.950480515734785,43.09658598744301,-195.04658984471234,437.29395042306123,238.2589928685622,-305.08342396176636,1395.1913154789158,296.0943065321675,299.92358483639407,0.6337111047521227,0.22629849284768638,0.24275774482916107,0.7396680787431146,46.665328875791246,46.48228287060228,147.75156664465467,137.90939538546002,26.773584836394093,22.944306532167502,66.82443109320417,92.93894044598642,0.8015212510482854
2003-11-01,5.8852705548810915,5.885199972133759,-3.8221947840570825,-1.3639015301681399,110.63097694825564,35.1345927075208,139.8295764786502,415.27327714479486,219.53584482254013,27.04017156359202,39.56438626422273,-186.25908608524347,437.24590401464815,227.08088888383475,-296.6018673434902,1163.447118346587,296.27160170440175,299.496256017141,0.7086478055133408,0.25980526374157537,0.2548997018132138,0.7996128139051004,49.275972001492704,49.06293084735768,176.55811664643275,170.28935104553702,26.346256017141002,23.12160170440177,69.52097845965545,128.25022239169255,0.9291301652442883
2003-12-01,5.526298846768359,5.526190409295874,-3.8596012446766697,-0.9645362996010846,111.71366463770062,36.14504367909822,146.0560291489022,414.6837793934056,221.83109695205852,27.27042762976207,40.059551053965166,-188.30196897987085,433.88020986964864,237.18134730479912,-297.0978561906344,1160.605716849527,296.18091308529125,299.50368062178694,0.5838535825576435,0.22940981800356078,0.264141036271485,0.7224809205870176,49.15808331935582,48.98021713634765,171.31526424981914,159.90134286157044,26.353680621786964,23.030913085291274,59.91650888583527,107.72047750059826,0.3837096091068304
2004-01-01,10.832955069590385,10.832896139547648,-3.391372047683878,-6.7275019510464045,98.16116999301482,22.026408389050896,87.27765686738772,419.06109541317124,174.8827165448624,22.209688991196856,29.401521321014464,-148.51711932756743,438.27104168436875,200.71068525241014,-259.355431401958,779.4703421120524,296.338893842253,298.6134584531278,0.8204231601074422,0.3459148646209456,0.4406791785230997,0.9148479601306532,54.57070020652982,54.21105730979169,335.8216071573019,313.4518558896889,25.463458453127828,23.188893842253037,58.64474614954787,275.00741242173467,-1.0719803755127515
2004-02-01,15.395170871412793,15.395140143209252,-2.992618205652001,-11.346328672022373,86.61910328437249,16.758424964506993,66.54596089321822,418.4817836350888,149.58984785558596,19.479208939885215,25.011156469197534,-127.17626635128492,443.8764504401929,200.4443156507933,-238.83445642253707,688.7359138457225,296.0525707185324,297.8274867891079,0.7880110575522158,0.4268404903908118,0.6106398996070552,0.9313916374325856,55.76387743473547,55.22540923922947,446.45995527097097,445.4612309956381,24.677486789107945,22.902570718532445,38.39014077174377,398.4446868498015,-1.212418366792079
2004-03-01,13.2196942332368,13.219687500919111,-3.2541140295685045,-8.54588883147835,94.18848368907315,19.47905954497939,80.37857452040053,419.3800137514375,164.70555202400462,21.177257186938803,27.009742152110015,-140.62916245436685,435.975950099339,202.61555420781815,-251.0124323960171,661.7950612675463,296.389700196069,298.279177851975,0.8308018043238646,0.4235733481952034,0.5080959313455382,0.9254567442204122,55.586629790113705,55.127083143100705,409.8105212303408,382.5141059293724,25.129177851975044,23.23970019606901,48.39687818819894,336.77062336029394,-0.04812293179571725
2004-04-01,9.268880439918272,9.268781488452781,-3.4659399160567257,-4.844741378988771,100.3192847649959,21.13798844157396,96.69257235216556,417.5197683824201,177.2900309871144,22.2483135920216,31.29341359654994,-152.69028257553072,410.6072891455112,214.62306300779548,-256.801870518157,767.1321461593388,296.5883711801392,298.7866529345844,0.800782713215504,0.3555765969030508,0.32355027634591954,0.8840647750482371,52.89788638733905,52.611719739513724,278.0664131975482,268.1939088093976,25.636652934584447,23.4383711801392,42.17880751036151,210.1138357823523,-0.06040422758908903
2004-05-01,4.877917870727428,4.8778989057780775,-3.5759641982482036,0.1724949138834766,103.50401339146134,22.228794511169717,122.13807799022902,411.9523421034992,188.55584390699906,22.87038808794894,38.065807202108374,-163.56503490109876,379.71005571011585,248.7636514328141,-260.75564703459753,1028.4568773624526,296.21354054536414,299.1904815327542,0.5506628535749826,0.28465859592876314,0.24238670138433377,0.7070393302517383,47.3499095365786,47.15817535438851,151.21545399255027,141.14290815330085,26.0404815327542,23.063540545364162,11.99199560178343,49.86447056726362,-0.23358020364068466
2004-06-01,2.422716746088598,2.422639256419261,-3.4381262102214794,2.1533195976228354,99.51452424828408,24.79049150750595,137.50054305290354,400.100804067463,197.36409347563838,23.098898516007345,47.63540581211312,-171.62762738616425,362.21509511104944,265.7482628623599,-264.4723125777137,1443.3871642530266,294.4461293336902,298.89024084994287,0.30207904697550525,0.1734053471714637,0.21874554843435068,0.5064946172372622,41.09882521441275,40.9903198352556,72.68150238265794,70.09951552139066,25.740240849942893,21.296129333690203,-1.2759502846462283,-30.378164829800752,-0.3127941817388944
2004-07-01,2.4498384887896756,2.449880750386364,-3.283048087430304,2.0744832453671935,95.02587197853596,30.86835741011098,141.93204923267066,398.0394682580742,202.8522981703993,23.764905403493618,50.64979494296386,-176.37206258285732,369.4047544480917,268.6795989839868,-270.22042014816634,1427.1966239112526,293.8900717360369,299.01942539588134,0.2328485622821306,0.17383736265685104,0.2203752527858933,0.4605895301235352,39.4600299978915,39.3557532439155,75.94499315247994,70.88775319404988,25.869425395881365,20.740071736036896,1.5408211641795333,-22.425335871553074,-0.1719617487534748
2004-08-01,1.6544754791785854,1.6543747245139848,-3.2433693507282895,1.9114586428035905,93.87716532623953,43.4496358142436,162.11647026660776,400.7157229768589,225.25808788544617,26.23211760009719,55.35628916990199,-194.98733605930502,395.64904869206015,276.91862584605764,-295.0007032282559,1803.8525884986361,293.60881302910184,299.99327334454256,0.17364907781220382,0.12930211168000386,0.2120098889042987,0.3973999360533182,37.84014632049821,37.74354071205576,51.288739854536146,47.869639019501875,26.84327334454258,20.45881302910186,18.082077382198236,-30.229694673459306,2.3042457489198824
2004-09-01,2.2034565345659525,2.2033820203579464,-3.587526618069427,2.352935287720997,103.83864556096194,49.079398599000655,174.99387902033158,406.36449283402635,243.26929968595832,28.757773014202805,53.191651336066464,-208.0316868096292,423.03569350786785,260.788425450561,-313.7925415716485,1874.4440931187391,294.7675492972717,300.23250136296133,0.43412790150136,0.15079691412436455,0.1860407176444195,0.58047657527453,40.89064617126248,40.777315680096216,66.10369603697858,63.75526679276466,27.082501362961352,21.61754929727175,53.00411612108746,10.998746039290026,1.9219913136001594
2004-10-01,4.591979566807001,4.591917460618888,-3.8356941124362494,-0.06126187574674536,111.02168265531144,45.38414459361356,165.75165830406468,412.8077857029263,239.31824514059892,28.960673371954194,46.23157876214581,-203.4607414035162,437.386758789599,242.8536847920243,-312.93093346480475,1515.058666839605,295.8447496725533,300.09377799839183,0.5595027887179118,0.18571504679937897,0.21660212922397612,0.6669933970699482,46.2994870278655,46.141935005938,142.35136657101702,132.86798207809284,26.94377799839185,22.694749672553314,70.07724867278046,91.10021270311645,0.8233353924454008
2004-11-01,3.990772454352031,3.990762060290944,-3.8805623872066275,0.5309260289798189,112.3204441056252,44.999498143368186,170.6987081675237,413.6464639912611,241.1638766376243,29.29213970210624,45.82340580030747,-204.7589589273529,437.0747627098594,249.30919406010725,-313.6469005347284,1469.1520958902265,296.049350586987,300.2112318210625,0.5066693895460896,0.18735998927691228,0.21454635331350846,0.638964684060252,46.6349225272536,46.48617150066043,119.72317363056092,115.47343924452963,27.061231821062506,22.899350586986998,64.33770647462114,65.87509073547355,1.6156108780520242
2004-12-01,6.447535225432636,6.447479553872629,-3.604342644230001,-2.3776768976513556,104.32528856512103,36.81185050840629,135.31163860587645,415.28403717076867,213.97379837008805,26.46542249140383,40.62268080792316,-181.5760001798117,433.8200495844256,224.82129482036055,-289.39041910272016,1344.177098761715,296.15569319328284,299.6876660731705,0.6759615361040981,0.20499868877669303,0.3033701938228748,0.7832569375074473,49.20481957420283,48.980491271505244,199.87359198841173,186.55901486899967,26.5376660731705,23.005693193282866,64.56912428235961,146.98667028787702,-0.18381970163876815
2005-01-01,8.813738008141243,8.81363994752692,-3.6908731368141336,-4.537305670543625,106.83006505443119,28.70442604584128,117.2448090881591,417.9285872703612,200.77257330921105,25.129486321064544,35.19916712623805,-170.61825786428395,438.39842888467604,213.97042835533202,-280.09230142693946,987.4683537183081,296.6139447768615,299.37509606923254,0.7456743535451402,0.2566296068677649,0.3187849983904585,0.8346627787218217,52.103459802554845,51.84001347724195,273.22587825237855,255.02430403723727,26.225096069232563,23.463944776861524,66.12187307160744,214.4315124166401,-0.11540036222656624
2005-02-01,13.164424041767104,13.164399372100414,-3.318714350923069,-9.085396294007865,96.05798582837204,19.755497146487688,80.87693216974623,421.2343669790457,168.43316921765012,21.70104275547829,27.833393156173315,-143.2726485204596,443.86230006832096,195.61535398852956,-255.19798253726378,744.7737739670612,296.7618737953697,298.74497939958275,0.847413671648443,0.36104492414525746,0.46812336122808457,0.9256239189754194,56.687967373798884,56.278649351208486,368.6038731694789,380.91433368346105,25.59497939958277,23.611873795369718,59.58262854873422,344.81320401439666,-0.3742276105734419
2005-03-01,12.895567733470367,12.89549245393818,-3.25168352693113,-8.339137630150013,94.11795207960995,20.008949899969036,75.93752501412695,420.9095917929087,163.2788756005972,21.070397154324414,26.63928569783185,-139.5549992842783,436.05545110627867,196.98208233846216,-249.84351379604246,633.9383300939944,296.6766474486332,298.5504650237211,0.8431068248124739,0.44306732648426317,0.4963153534656024,0.93658593201472,56.231175298741086,55.79678867201024,399.76259973758135,373.1334622088594,25.400465023721097,23.52664744863324,52.861431457580295,333.0881299799623,-1.2111883931325451
2005-04-01,8.441418631692867,8.441318248499387,-3.510536935965859,-3.656874953655457,101.61056508590517,20.969037213972825,101.56189570063421,417.83750579177973,178.71199874976259,22.56776872490933,31.805610575805392,-153.94833710816957,410.7999431635266,221.42787107564777,-257.7644571914875,833.7419400463489,296.68048171239735,299.0700541420882,0.7007605324777498,0.34736658879635235,0.3866354498014412,0.8273474918606314,53.60984284562062,53.3035983987966,253.24255895078602,244.25110672741283,25.920054142088247,23.530481712397375,36.33658611583974,179.41400352486122,-0.4368757675138113
2005-05-01,5.426166506665753,5.426166208991819,-3.5543967355133423,-0.4368732949745969,102.8800272139112,19.325806164322426,113.43818473163553,411.9529378861121,182.07354424265145,22.17689984068005,36.465034539863005,-157.95881454197445,379.8742009728146,237.5502315508684,-255.19982162465993,1137.5586592060301,296.1926867560552,298.9943287336901,0.6268800008345404,0.27772960092434396,0.327456175965497,0.7681188419228085,49.6157584998208,49.41717022131168,168.21116170663834,157.00712410277254,25.844328733690134,23.042686756055218,17.64959007379153,72.48874033877506,-0.7120533761221992
2005-06-01,1.7976876527629315,1.7976128688819255,-3.440256066525991,2.833973693008033,99.57597478344775,27.215461659233696,144.37021794117865,404.00893856370743,202.2428861462408,23.655795660722493,48.363341689706665,-176.00312879313665,362.20926028036183,267.5207072232133,-268.8930809467295,1601.123847909315,294.80919232488884,299.684674444128,0.33777172299146,0.13368322726175436,0.226906511327842,0.5090845286642093,42.098579226121686,42.0024380273971,53.930629582887946,52.01426125237053,26.53467444412803,21.659192324888863,1.3723737235162048,-47.03769046830956,0.8483506607485509
2005-07-01,1.2523084246414233,1.2522018505050565,-3.1843943207456062,2.6879099774843858,92.17011942301113,37.293710141457495,164.31810282566698,393.5062511106861,220.09541274295498,25.40425638583323,60.74377125741207,-191.41077544249393,369.20367338777004,280.064561119913,-282.07303336207224,2034.0861252961263,292.45436631847224,299.8885151778211,0.15459987171151088,0.08430574977793999,0.21440641440043928,0.35283513983141446,34.8027460279229,34.731065620390495,38.82156116388413,36.23269243359538,26.738515177821114,19.304366318472262,2.0084722421592573,-55.132129367869716,1.2031746206132254
2005-08-01,0.8737035176468062,0.8736570632908661,-3.0832418450334913,2.621511089881563,89.24266883969514,51.196448905557105,177.22182802776717,400.2671209786221,236.771407064218,27.36240965651293,61.87972432550438,-204.97447580427462,395.3555475093886,278.18227746729696,-303.79014867379294,2256.5891352102544,292.8222334542748,300.9918016770244,0.1924691518063107,0.07279957237981374,0.18040772955115908,0.3633198310954972,36.54970100830163,36.4766447081618,27.084809047050992,25.279428914666266,27.84180167702442,19.672233454274817,25.607871206495986,-41.011002452050874,2.6556337335179876
2005-09-01,1.5411775585106238,1.5411471910629915,-3.3851043709988273,2.6619387328961075,97.97975548018968,57.954167679292816,189.35193162300408,407.56438794886634,252.5457789307682,29.78687087370882,58.36232805221929,-216.1788113265006,422.7938650657836,271.01240128315254,-320.39211728140174,2230.6568666090634,294.2538707261392,301.18626564838036,0.34038139453935545,0.08447586594344242,0.18226487959115667,0.48310830523612447,39.616538809669755,39.52527924396113,46.23532675531871,44.59337937103563,28.03626564838038,21.103870726139235,49.379715998249196,-5.889220225703681,1.882560114798821
2005-10-01,2.616578771185953,2.6165118762512183,-3.829063213501968,2.112633212053521,110.82989378842645,53.52775746737198,188.36636463783927,412.47635984694955,255.37834375286116,30.761381509044206,51.179737481739785,-217.1354338035009,437.2732883677561,258.2374099386068,-324.8525805540579,1837.5060771145654,295.6324975164091,300.8146018737778,0.46283414127063854,0.12763069929575743,0.18849006166436735,0.5844764361429714,43.80066629811545,43.688315514955335,81.11394190676454,75.70925567856536,27.664601873777826,22.482497516409126,66.61517061545112,29.896487439627343,1.598045065962694
2005-11-01,5.434321298831879,5.434282447282208,-3.6848732620334164,-1.511676166355753,106.65612456813844,42.70095695035302,149.4546866644535,416.79099214595135,226.3075623292814,27.66957057030269,42.81623701245316,-192.03949027276855,437.04566569987,233.41462913878706,-301.35242984520187,1392.145575974807,296.1971254576454,300.2006460942499,0.6585586293399175,0.182704094269172,0.2758360290153028,0.754654391840865,48.87199795092206,48.690786571217714,163.02963896495638,157.24196896071206,27.05064609424994,23.04712545764545,67.9378007064148,118.65747335716448,-0.13382825817605237
2005-12-01,11.49380537382607,11.49372442125324,-3.24904236737505,-7.239766054051087,94.04180918845731,20.78744099643436,84.0548273937339,416.7492020336512,168.31369538355565,21.26353749843711,30.220932242393104,-142.59756626606267,433.7584448799941,204.68770892982164,-252.0159520542601,918.1722124082845,296.2514463045589,298.4601151797153,0.7777204636432613,0.32340640488872485,0.49912460613587767,0.8952440047898838,53.23508353926392,52.83193668537557,356.30796658860817,332.57304459644797,25.310115179715297,23.10144630455892,47.32824312443847,288.31209469365126,-2.452616161222096
2006-01-01,9.956028123660179,9.95594154220164,-3.5800001397051364,-5.356653541080829,103.62076296585182,24.49735229716681,106.35277033068606,416.0670658321294,189.21612809230146,23.823680228951773,32.453176394791576,-160.63003163161565,438.32456385415327,213.5954688305179,-270.37501713512194,854.2826588141389,296.36101744192274,298.69653390471,0.723889970859284,0.33291227159799824,0.3949071941425529,0.8445038660721832,52.08055722835297,51.74950393701075,308.63687183346553,288.0770122164826,25.54653390471003,23.211017441922763,56.77954830460405,241.17705758142938,0.05873997380544438
2006-02-01,11.549562276988242,11.549452088721699,-3.42779428429161,-6.958198369477268,99.21522132136695,22.096886342020287,89.78067934138231,417.5779473191407,175.87222277527988,22.381107447026007,29.43866251854587,-149.61429498719045,443.84365307342205,207.0201401724677,-261.3736145151468,753.1308390359133,296.26326710772366,298.4220995419271,0.7867108575131898,0.35767908264979253,0.49038198037165365,0.9065966613165233,54.40535553009472,54.03197234268748,323.3877437556708,334.1855349745862,25.272099541927105,23.113267107723686,54.35347434267911,290.460263190641,-1.1364751947426583
2006-03-01,12.070120926992779,12.070061703996002,-3.345561687077035,-7.532643200736083,96.83507972087705,20.97302836025422,85.25979072086906,416.99194242470065,170.07542043768302,21.693979644006873,28.795638143194008,-145.28630946356435,436.1812047874479,205.80041405050272,-255.177644706919,733.4406814327558,296.2621992499937,298.314100418239,0.7965050299123912,0.38604291133207236,0.4730651625825539,0.9077847318133596,53.95807478476781,53.534078973920906,374.17374873677613,349.24947060173616,25.164100418239002,23.11219924999375,49.37723065641629,303.1090582980363,-1.317436760760927
2006-04-01,12.150464542645224,12.150337280363766,-3.073300869284503,-7.806602921801851,88.95470020009289,17.273253012930606,71.81804154285834,417.4438206283824,153.2550024990929,19.612972244522485,26.64056401013734,-131.97379964214312,411.0373071455256,202.8972026082686,-236.05888570641685,668.4405849901959,296.34160260641545,298.04822635010845,0.8165902541970098,0.42836546985350327,0.5320637899602635,0.9255118033933492,55.242043545512445,54.801327245808615,364.5139362793567,351.5722592697849,24.898226350108473,23.191602606415472,33.161683098148245,296.673959748858,-0.8947175810177157
2006-05-01,8.177372388520025,8.177221000087625,-3.2099263190251377,-3.397362167251288,92.90943474934657,16.221522145493555,87.23735939407301,413.51964520631606,160.571555702091,19.941469836200916,30.750008987943602,-139.20379395976417,380.0809920391907,217.06516552728507,-237.32806591851897,849.6631075590999,296.1464235707582,298.1921272826063,0.735706842651362,0.36697451540852444,0.3979075996630053,0.8626158896363989,52.36696508819084,52.05637019704649,253.4985440441208,236.60940393772066,25.042127282606316,22.996423570758225,20.2629003912339,164.64004150262753,-0.6771719230195572
2006-06-01,1.9815609668833027,1.981493224771546,-3.556755223073148,2.2634733339349147,102.94807487036054,22.993849929195093,144.34875308328597,397.266956995868,203.34646626449953,23.699761472485687,50.33355532110887,-176.7973547613917,362.24644314408374,266.5392441384876,-268.7350002939581,1971.9297545469176,294.02905129898306,298.97951069645666,0.3365186338253786,0.13905129811326164,0.2455961814581653,0.5146390698804307,40.12542899488206,40.02387124175026,59.44682900649908,57.334873401954454,25.82951069645668,20.879051298983086,2.1957561554704625,-43.93931995366282,0.5218746407271908
2006-07-01,1.4291554029260563,1.429081373854981,-3.065162567609429,2.5549109808847934,88.71925571700022,37.752475056310466,151.24618333645068,399.3619810487253,210.5402854139015,24.553402073783204,55.09346134013066,-183.12533847357912,369.04448154517496,267.97079731327693,-275.8895773520631,2014.767965247827,292.9596934362464,299.9316842503507,0.2933526579288392,0.10420426521480337,0.23591584241840396,0.48931474728292806,38.66923441332023,38.57993347281676,44.30381749070774,41.35073419719274,26.781684250350736,19.809693436246448,7.918780038786167,-41.00988784115909,1.5601463601377787
2006-08-01,0.793871440950559,0.793803380357143,-3.085230162919987,3.166815446107296,89.29991886304549,51.65352426160671,180.48628249888034,397.6897274184624,238.90561380194265,27.531209731905665,62.876519811280495,-206.7928209022417,395.10557824489473,283.30764239140876,-305.1675730651003,2173.8025320661905,292.88254076013055,300.77462626959283,0.16598448819870282,0.07714337566178953,0.1575092625691138,0.32483684967914744,35.57670278257824,35.509638709627,24.610014669467326,22.968847811259923,27.624626269592852,19.732540760130576,21.859930673691565,-47.43399834440298,2.962857966308974
2006-09-01,1.610755679134415,1.610677028918465,-3.264849094506636,2.1250103564195952,94.49878846536237,58.32175775351404,183.77790318847744,408.03634443686946,246.51904634841006,29.100423070657605,56.12089013366349,-211.01090267285468,422.59758740966214,272.99252653103247,-315.48028040387544,1992.2617941427648,294.3972642791032,300.98688924195744,0.26993640881259706,0.09535998602371297,0.2115096967885112,0.44744540440834696,39.88073790656721,39.774204496259216,48.322670374032455,46.60523810527966,27.836889241957465,21.247264279103206,42.48775387284297,-7.475262807554515,2.069466320314774
2006-10-01,3.33769263828324,3.3376414412347954,-3.63880473418454,0.6867800470515854,105.32287464990674,50.70944228052374,171.76073811009041,414.8176227953945,242.18253872512378,29.208450823494765,48.28203419174788,-206.02509254111976,437.20703649799174,249.44465400009375,-314.51475766533366,1764.0641336988767,295.66207913053296,300.65109070455236,0.5089519382553941,0.14086134278533483,0.2520570395504312,0.6354734516714129,45.88675038577466,45.744644865698795,103.46847178678044,96.57527318387719,27.501090704552382,22.51207913053298,65.07010366523991,54.611760780268945,1.71074141894141
2006-11-01,7.520752279635173,7.52063703790396,-3.8173694606758897,-3.0480890386233708,110.49132485332233,33.55999677484932,137.5842583686246,415.2293460222318,215.78349259522815,26.50680745835008,39.246296418685226,-183.02061691076713,437.06384637347134,228.6287039663307,-293.24210539408887,1146.5336042098365,296.1398123999961,299.4542743025537,0.660925737797646,0.23956618932178553,0.29182637449214544,0.7708727470029455,49.511228852442244,49.28222838225082,225.62256838905517,217.61102540231366,26.304274302553722,22.98981239999614,64.61340142775816,172.01010311283923,-0.2770011360897371
2006-12-01,6.319930078527095,6.319796407746201,-3.746645285360606,-2.0737629576471095,108.44465514441399,31.48101488860766,131.4385374310055,415.0745956406526,209.56001514242647,25.904366614091586,38.279793886341885,-177.86443287309083,433.74051395155334,228.9728707675771,-286.5938434224045,1091.6675047490517,296.1994505779891,299.39676304246325,0.6406065282066304,0.23901769841036682,0.3034011190001016,0.7684525389153589,49.69129239598792,49.48550371561942,195.91783243433994,182.86447939080443,26.24676304246327,23.04945057798915,57.620972654827426,132.38182794749056,-0.34103104627268976
2007-01-01,6.945727812141567,6.945585729458536,-3.825215749061487,-2.5628074963705387,110.71847647395172,30.67754880192835,130.72111681329852,418.1923468273576,208.7966733648343,25.945718098521436,35.75138232687006,-177.44602937467351,438.23699521473964,234.09502999329442,-287.73119450158595,900.2184559914439,296.56701329203645,299.58958668562565,0.6002141462994283,0.2705028209304514,0.3301768677586618,0.7639676205721286,51.84254710520175,51.616337916401626,215.31756217638858,200.97180930146226,26.43958668562567,23.417013292036472,53.63616450829153,143.59087556387868,0.29862177192339345
2007-02-01,11.695660240106937,11.695604968166897,-3.2135481511057713,-7.31882184053622,93.01432922058326,22.249643844118136,85.37177077422425,418.07660233214955,167.3423442652916,21.467437707992975,28.977261100799165,-142.51325764671745,443.8100776409728,209.143507307717,-253.68810703769464,946.1837850219727,295.92667972125685,298.3515261230362,0.7506188717225947,0.3495504815077508,0.566536455892352,0.888690507035864,54.07804472737824,53.60985782195906,327.47848672299426,338.4144956066811,25.201526123036217,22.77667972125687,44.54459972997765,291.6727426348586,-1.727976518783123
2007-03-01,11.749333527095732,11.74929278887381,-3.410300284207285,-6.956526685111585,98.7089792498518,21.719558126572927,93.20277359813502,416.36466582650155,175.7513529553856,22.293602585585887,30.32224701997007,-150.10762211276474,436.29240965224034,207.9520011095877,-259.57697958116285,814.4010339081323,296.18423263615955,298.4186367119369,0.7782766419193677,0.37019154888030886,0.43591392523151606,0.8794219079512394,53.41490947594935,52.98854786980139,364.2293393399677,339.96796264102454,25.26863671193695,23.034232636159572,51.62497847157513,293.5271241463779,-0.6431622836300477
2007-04-01,10.034697868695797,10.034582323682407,-3.452688738753741,-5.713328433261762,99.93582949634147,21.09511778817265,96.28019325973104,416.8835671229417,175.20788255083843,22.064817314774505,30.85520549273588,-150.8485695472768,411.26125308664035,219.9104389603019,-255.21351887602924,740.0730025505583,296.48962227932435,298.6147515983798,0.7025992126648629,0.3740695034619687,0.3761970290650156,0.8398444552673004,53.37605716731944,53.05539360114651,301.04093606087395,290.35249779173637,25.46475159837985,23.339622279324374,35.30307991572735,226.75733144109543,-1.0375832299731798
2007-05-01,5.136854315774789,5.136787722421104,-3.5580875704800934,-0.42432493274579447,102.98670345584301,21.469726731980455,120.74766943252472,411.6438453173678,187.43747673188324,22.744207465896814,38.068373924394976,-162.6191261850148,380.2767801401647,245.71891716497487,-259.9055160565066,1134.3174742229305,296.13149017126506,299.1333980201613,0.5650546714626576,0.2681757267547277,0.26775457025690647,0.7150870045916908,48.46149079923579,48.278753981655875,159.24248378901845,148.63390400524028,25.983398020161303,22.98149017126508,14.18659889153173,59.73947736813264,0.09432207279635918
2007-06-01,1.62065647370287,1.6205792152974121,-3.4828273938273355,2.8195776992623816,100.80830145434962,26.11878490163907,148.95750378988623,397.34022183756963,206.43858064439786,23.940271202240805,52.00187102965298,-179.51583047480267,362.27240856401187,276.66739300380254,-270.9920757079618,1616.5050070702835,293.88747818139746,299.1623010697027,0.18098911545848048,0.13689548032580562,0.21316488172658726,0.40057631331080196,38.240540932544505,38.151808079096355,48.6196942110861,46.89175970189271,26.012301069702744,20.737478181397478,-5.675317295840728,-60.178732137458624,0.5868730891609886
2007-07-01,1.7870782150884905,1.7869954796516854,-3.0196604206891706,2.0331428077020908,87.40222677484438,38.82908170219433,150.000987387466,400.93885294362394,208.50080725842622,24.349081704497728,53.43923962111445,-181.37109411881593,368.87483362211054,273.5491883287225,-274.5580588355107,1758.6841883717552,293.5545006321357,299.76873900087304,0.2196289600339426,0.12696037014033817,0.21312290275482412,0.42575915577597917,38.786181590527654,38.693519533262645,55.399424667743205,51.70704512881034,26.618739000873063,20.40450063213575,1.0088705067881847,-36.38685715990862,1.7005460206627703
2007-08-01,0.903951362676856,0.9039170309295829,-3.0477092973269024,2.6957656169824373,88.21422457587796,50.33967320063215,178.0567498835857,394.855317255568,237.036703007098,27.35088380626403,64.15852626461563,-205.1197689861495,394.8433060011824,284.97960032148166,-302.77026437615547,2377.721538211589,292.1327688738372,300.436744093936,0.1363951111371871,0.0743471837970327,0.18436588803410658,0.32238609092099485,34.704621368019545,34.63368314680775,28.022492242982537,26.155006681990244,27.286744093936022,18.982768873837244,17.79066405467381,-46.67589878423766,2.407344945023752
2007-09-01,1.2605456362697824,1.2604012050577507,-3.3524620026408587,3.130496061182596,97.03506303472551,58.03162789221703,193.74374830043828,404.12861644192566,254.98492103872206,29.936879502570815,59.881255257335766,-218.1248916266079,422.3866332791894,278.1910643044823,-321.5340638753975,2198.7296284057156,293.51993770153115,300.8832850379155,0.23809173870432226,0.08968541244440639,0.18420532593229264,0.40783384922899324,37.79080263858525,37.70284763336404,37.816369088093474,36.469942275976585,27.73328503791555,20.36993770153117,43.3429995709152,-20.399066630163325,3.176945442329597
2007-10-01,4.06071898208448,4.060702927172633,-3.8093069692843953,-0.07978548108969909,110.25804211255699,47.840272908632684,171.03068164226067,412.11370742959366,243.43765480780206,29.330445790047477,47.4295645363941,-206.85839199498886,437.12482906186125,248.6137018925531,-315.9660508964504,1544.219531434862,295.4231073602724,300.0402518063269,0.545217853386083,0.17516557013778067,0.19000556859067325,0.6561422544609044,44.89271936322691,44.7460286674225,125.88228844461888,117.49719117976367,26.890251806326944,22.273107360272434,67.35234900389727,73.26098563369888,1.3305124374050763
2007-11-01,5.266053018252661,5.266034043363577,-3.6833237707803996,-1.4441272806350285,106.61154286513502,42.954383184573736,155.50168534373165,414.75141093211397,228.5546041636772,27.767669795546283,43.39000548118134,-193.92787729271132,437.06868694392426,241.3954058806248,-302.8740681890408,1375.3672271095022,295.8477115084786,299.9482638810223,0.6334778105257168,0.18371521413383482,0.2742268903185632,0.7373629075012273,47.5589498176204,47.37203053420816,157.98159054757983,152.37367023621462,26.798263881022308,22.69771150847862,61.478662308416034,106.26884391767442,0.9719457618212175
2007-12-01,8.577536566014023,8.577481941790495,-3.63985159556365,-4.380429346040808,105.35305297632264,25.894271377024683,109.18153185588892,414.6705912864586,195.2076934975074,24.267769453888764,35.15365043735974,-165.40242745915805,433.7150378845265,209.138880763544,-274.74051971711884,983.9621970348583,296.14565604403344,298.79582726820104,0.8220969222222106,0.26581873076153245,0.31204784108833056,0.8894348003500434,50.5731958997296,50.32573320858555,265.9036335464347,248.19102840828978,25.64582726820106,22.995656044033467,65.60163895357485,209.43816171709102,-0.9985473315490196
2008-01-01,11.765538151727899,11.765518617788972,-3.3928638453537143,-7.468233058109851,98.20432583775698,19.929351477454603,84.97900262125212,415.27591449192755,172.10722122660127,21.823733686203795,29.378938849129437,-145.98533359594654,438.1672167260168,202.71899026896622,-256.44207451786485,745.9590193670367,295.93813879464,298.02398955250544,0.8018759867179908,0.36526090412961654,0.45847833086027867,0.9056480423599396,52.877282223428594,52.52091070370053,364.73168270356484,340.437460005468,24.873989552505464,22.78813879464002,53.72308424889863,297.4835009850041,-1.527282568394483
2008-02-01,10.71476744476512,10.714742573584402,-3.407904807172926,-6.378136876466122,98.63995111259614,23.21128512179448,95.45938402729496,414.1741298218368,179.43111227468805,22.731280986175598,31.13434290468377,-152.59978943261626,443.77121077480274,211.31888442869644,-263.6340030001497,778.7030697840155,295.86933957695857,298.13766244226167,0.7506031860646645,0.3406963951551147,0.4585143703544778,0.8701196605157476,51.64781626458853,51.27055900957753,310.7282558981885,310.0330605782524,24.987662442261694,22.71933957695859,52.31511857145324,264.09401774356763,-0.3857897064581124
2008-03-01,13.330610010193446,13.33056335632688,-3.2150075884914595,-9.266286796103854,93.05638712186618,20.754052644842236,77.78872051317592,414.60763486877204,165.19471325111076,21.12491382616798,28.395973005130124,-141.03414589205593,435.85798789411393,195.6743917275924,-250.4866521050707,708.660287511593,295.8186378230459,297.7202603216231,0.859101182309739,0.4047666644483037,0.4976024546138342,0.9382169028442745,53.015256627705966,52.58772231692731,413.24891031599685,385.72231933816204,24.570260321623095,22.668637823045913,54.81226037747831,348.6504594735568,-1.1722668797825975
2008-04-01,9.781465894244764,9.781420595931557,-3.3164606059376247,-5.2927634970172335,95.99289151404976,20.079460907889857,88.44785723439259,414.99751269391834,169.53335550972193,21.41217535574702,29.760159248287664,-146.01654023924678,410.4805523407262,210.97986426678614,-250.28286826295374,693.2552278065125,296.15245897608565,298.1360941628639,0.780612231781475,0.38944713944211307,0.3804545103171989,0.8870245730472729,52.928284636173274,52.59015458160102,293.4439768273429,283.027216317464,24.986094162863935,23.002458976085677,39.303003996167604,226.15330023056237,0.18402856901950315
2008-05-01,7.930884919450649,7.930814016163512,-3.3064076403603453,-3.4615680436776017,95.70194635878298,17.860826741168967,97.14620700885119,411.0970407688335,169.3707520475681,20.720307363357303,33.78967967493764,-146.8109372796519,379.59119333164716,221.24111619452492,-244.11835061311905,975.0944395566876,295.9376189143142,298.31117917444703,0.7490407790901303,0.33267597868829163,0.32656292312096685,0.8484943349816927,49.6269927548283,49.34360804146788,245.8574325029701,229.47957222695348,25.161179174447057,22.787618914314237,22.877234418594128,157.1963757820023,-0.5415154952376753
2008-06-01,2.7624755487028416,2.762437425082033,-3.337243402659176,1.4033356175506744,96.59456197754844,23.997773995572988,134.7189525263991,398.62358302907523,195.77351816505387,22.917799059758945,48.5467036332787,-170.09753814671708,362.11751171810465,262.49152079694454,-262.14452698844104,1734.604460824417,293.9552638091217,298.81545460504606,0.42315671826967455,0.16729007457891484,0.26129476929892115,0.5945612063691894,40.243651488819765,40.117398426708434,82.87426646108526,79.93163845723475,25.66545460504608,20.805263809121698,-0.34699380850349826,-17.968415869134148,0.9584985403169668
2008-07-01,0.9732086322568707,0.9731758373367613,-3.067164759574787,2.656684578351717,88.77712756483771,39.72714044213318,164.33655444599623,392.8430789960482,220.1146302669104,25.406207549791542,60.410381305272445,-191.45901982121114,369.3263956711844,280.4405636424214,-282.8045956370094,1939.5089548406118,291.8900392267989,299.71830618246713,0.13265367124345354,0.07494171895747709,0.21432770973811052,0.3400296349642517,35.48915964536905,35.420040375472105,30.169467599962992,28.159023071086843,26.568306182467154,18.7400392267989,2.3640319945880037,-60.79844300813068,2.544370508967816
2008-08-01,1.0011268760861736,1.0011054126354524,-2.9562416416591675,2.2746862523303886,85.56664766154206,52.49781732814707,173.95448657186284,399.9202744972267,234.93968891001794,27.214658614737868,61.44298105035797,-203.42468664592695,395.5691801550279,279.9759708346555,-301.98502232812956,2206.048711820803,292.3666901161323,300.7560842986523,0.20382326816368998,0.0725120320127515,0.19930943686981809,0.38654881399979385,36.05016866372682,35.975019825986664,31.03493315867138,28.967170504498046,27.60608429865232,19.216690116132327,22.009051493474033,-38.50766626944984,3.9172406058798543
2008-09-01,1.6880384614823116,1.6881168398835424,-3.302714335714054,2.6746921180403187,95.59503969604727,58.16803656698047,184.53005607343053,408.5636611134288,248.8453040025522,29.36871699369754,55.80368526592464,-212.9303831885376,422.93587865463604,266.756570642856,-318.1845693413009,2112.8543335388326,294.1983456841983,300.8067827362658,0.3792313166298616,0.09646017835075264,0.18662477246067127,0.5159373140630025,40.81265653932053,40.71349433656859,50.64115384446935,48.84597337625991,27.656782736265825,21.048345684198296,51.427998698444924,1.3153107190723574,3.363621659585206
2008-10-01,3.6920378042034527,3.6919865430411507,-3.7914435694737456,0.6027646771760592,109.74127808954161,48.88948196346457,178.3932981403105,412.34719351466043,247.0177740867453,29.771983934910008,49.4650914928991,-209.96450626019958,437.2645789387776,253.0301763512372,-318.2126877028143,1764.3750456426492,295.3652960940705,300.40880557711984,0.44439411078740315,0.1450698706257456,0.19869914459990934,0.5752198258549756,44.477398565238616,44.33421743464525,114.45317193030704,106.82831432410737,27.25880557711986,22.21529609407054,65.18251135157712,60.40089287184856,1.8686547142943226
2008-11-01,6.6812816646675355,6.681246482342936,-3.5782310773131236,-2.6479372820408966,103.56965187592266,39.9320619826164,139.19964575729,417.19962631957986,217.59222328628294,26.81510313835071,40.296261906990054,-184.6676010782573,436.94601742306804,226.74572471736153,-294.3757314261703,1269.478600062786,296.07393816718593,299.7715328055883,0.6988518173580215,0.22426976476534105,0.28150816137807055,0.7831167518306417,49.65916270523998,49.42933086838121,200.43844994002606,193.32310423445995,26.621532805588345,22.923938167185952,67.63000670880879,156.5138337546179,0.869625312728175
2008-12-01,9.59986944095897,9.599827624014116,-3.5086900874568694,-5.488896031036036,101.55682288333044,25.205789817278102,103.33941762800032,416.7323351754505,188.2078320554527,23.496991082797596,33.35727372973432,-159.5869208205332,433.7037745635727,208.23099601244817,-268.90083044983396,947.5815943545053,296.19349286543695,298.71515095878533,0.8286042511967686,0.275885191395867,0.38652142478640633,0.9021613571775416,52.21060905786612,51.9222719877105,297.5959526697281,277.77279004670476,25.565150958785352,23.043492865436974,60.66983443738579,237.41876721056974,-0.5329656098096507
2009-01-01,10.256472226898172,10.256394665750616,-3.601375440160164,-5.931861414413938,104.23952170567514,23.54610681335272,101.65836642570335,415.7696448198004,187.40427490559964,23.543466224837243,32.082195926591645,-159.05561519070497,438.3317968631498,210.17361063884192,-269.43239085633695,769.1240277684643,296.2450806935362,298.59376788968035,0.7682319632707787,0.32901967459471915,0.36565693736742827,0.8655981267015193,51.952603601099476,51.651420379405366,317.95063903384334,296.77067898583954,25.443767889680373,23.095080693536204,59.25878021749503,252.60214675257396,-0.8122092549145492
2009-02-01,13.811462684332554,13.811420569014036,-3.3246378673837187,-9.624564400463376,96.22954541843662,19.913588192553426,80.9273478811007,416.74934822323183,168.77813596867085,21.61775975118076,28.687628094939388,-143.39194013289807,443.79375832194415,196.7557813851029,-255.14554731324836,717.2127580680218,296.13062317111155,298.15293547123787,0.8559834162738205,0.3731489296235206,0.46863993048737695,0.9292048263213848,53.97925198367072,53.555884170446156,386.7209551613115,399.63601183489686,25.00293547123789,22.980623171111574,58.389765928145465,363.23505391763706,-1.4388215730313476
2009-03-01,12.573123811572064,12.57299688537018,-3.47240113007503,-8.30756422283058,100.50665942491524,22.116347688672512,89.83513956719423,417.0306270245671,178.351133767881,22.743555441936312,29.93303357712339,-152.36338411110953,435.9738627252062,202.6794587351545,-262.47830810887467,718.7942277530519,296.3157771904368,298.38867848122777,0.8236561458641989,0.3657319922221342,0.3883473631923867,0.9063372801907668,53.83888248500698,53.45220618062397,389.76683815873395,363.8019932109427,25.238678481227794,23.165777190436813,59.798849373720174,323.28683973934926,-0.19265657960160354
2009-04-01,12.08001936748903,12.079914873199796,-3.1922144442053697,-8.064871143752637,92.39669555662324,18.356163889438037,78.74971111353352,417.2830389747151,160.3203653570312,20.409651142626533,28.1091199756836,-138.04349097209217,410.70754092130187,203.45041377292122,-242.03403307442136,733.8334224317055,296.3400268703137,298.28519054325596,0.8011823742684807,0.3748604882812017,0.4646046608636183,0.9046503313752092,54.90030153132326,54.50782947213427,362.4005810246709,349.5345738773089,25.135190543255987,23.190026870313716,38.583619301500136,296.5399860718385,-0.8184884496527047
2009-05-01,10.399099642997056,10.398922907985147,-3.095689415594408,-6.2826093130605,89.60307026352483,15.082685788150958,81.43015740776997,413.86441229185976,153.85210486755687,19.085387415621295,29.70882653156484,-133.39136961008984,379.78674715231983,219.27886994397312,-232.16100867441693,694.9042328913628,296.1364553244771,298.08254350431935,0.6866842145828828,0.38499128281270656,0.37973097733153716,0.8336752703621166,52.543038580439166,52.196333459964464,322.37208893290875,300.8947600690147,24.93254350431937,22.986455324477106,12.882138730443813,225.17704150908446,-1.0032129731507808
2009-06-01,4.402985005709506,4.402872518401971,-3.4294127757471307,0.1873734479665628,99.26245234816058,18.209219765512366,117.97762316343949,405.83531696685867,181.5904810975673,21.567788625434154,40.08729005732027,-157.8416413338732,362.1423831517321,248.00391379020394,-252.60469453950444,1173.6159953100241,295.45393278866,298.613100723742,0.4820446300918459,0.23790991426951802,0.26272917716783895,0.6472346946668979,46.000823884495254,45.83077641231568,132.08955017128517,127.3979316667237,25.463100723742002,22.303932788660006,4.6007807493004975,32.45358090498361,0.28267916288000094
2009-07-01,1.047514685348567,1.0474238990663414,-3.3280219316358433,3.3455017085224426,96.32737075060098,33.826151061160644,158.70614992477084,397.6670596919155,214.77153768826562,24.920455273215385,54.63208555463747,-186.8776610819625,369.1559935048889,279.73073046753336,-279.0424069637957,1824.1835499265155,293.5980131714616,299.59075401905505,0.15852875353994708,0.08776001649034954,0.2189689082745495,0.36495316626222474,37.27054753089675,37.194614058245996,32.47295524580558,30.307404486873306,26.440754019055078,20.44801317146164,-0.6883235037376494,-68.8003434830287,2.092053715563381
2009-08-01,0.8182659366302748,0.8182761550496268,-3.1675194735363204,3.1090575875880817,91.68179438619937,49.952889204854635,179.80858480026933,399.46162172837654,238.62696359529932,27.57051412911779,61.64806071399453,-206.7238663553529,395.30857796660274,279.815169355293,-305.08946066663833,2402.9080765692534,292.8235885113658,300.70241608155214,0.2363734698319831,0.05088079420886763,0.1874350322694439,0.3931077590831928,36.12542105392186,36.05455098910467,25.366244035538518,23.67697207898226,27.552416081552167,19.673588511365836,25.274291311345337,-46.17165304617612,3.441122050304344
2009-09-01,0.8441601536217948,0.8441408874490077,-3.429079920938638,3.4118245832731797,99.25248717971202,57.981164899087275,196.1558040308328,407.293819670906,256.16925005820804,30.122412265608308,58.21898637729287,-219.32414199961713,422.72938274356807,280.42490399309366,-323.3747584127629,2083.515487111947,294.2785920836697,301.03609320466467,0.23660023045994244,0.07037907278589996,0.17815626958852226,0.3916565183715604,39.01509124501107,38.937204718587466,25.324804608653842,24.425372900723602,27.88609320466469,21.12859208366973,42.94985441966924,-35.74876340284413,3.871503543524952
2009-10-01,3.380987596249588,3.380957609724362,-3.5541184383542874,0.36502322717990127,102.87166054283507,55.51468059696975,178.7432796660131,414.05807224452536,248.1926020551564,29.941944875530552,50.5870621653818,-211.14071794713027,437.1879456239105,249.84326491606998,-319.2039313463176,1911.7057225224098,295.13875345003163,300.67342468319555,0.5142128569484601,0.11413324064673624,0.22252473617101923,0.6217996111260561,45.21442150327726,45.076993237294445,104.81061548373724,97.82863454063548,27.52342468319557,21.988753450031652,69.36066643024759,62.150325786104354,2.1673146419436335
2009-11-01,3.0814513605131046,3.0814828234175353,-3.8397690158261204,1.2590681290632202,111.13956631064246,49.134006845544505,180.07617698444852,414.9393956321437,247.96835934628086,29.99143563433443,48.15735273004354,-210.586154938257,436.95318626093933,250.89937702781836,-318.9348194827379,1794.652729182404,295.5538312058861,300.5866372326561,0.5504466252378569,0.13101066191192395,0.21621770894314907,0.656590748850983,46.968919145388305,46.834449132038976,92.44354081539313,89.16327614055368,27.436637232656096,22.40383120588615,68.03544245491955,43.903923232804246,2.155229052026513
2009-12-01,9.02937670814592,9.029292133345097,-3.5047857346096256,-5.025006435075948,101.44401164934526,29.61543867669418,112.68916025868567,418.74294257908133,193.37302932201072,24.15376509303014,34.63534984724828,-164.08597761994127,433.67624399130716,214.53817055069226,-273.4768630254583,1051.7534775774295,296.1794545555679,299.2899241693494,0.7366505609178738,0.23730771372844564,0.40643548640548777,0.8447215331906613,53.250564728920224,52.972317738245096,279.9106779525235,261.26423996947614,26.1399241693494,23.029454555567895,58.938692474766015,220.36774334824332,-1.6088225533464424
2010-01-01,10.027713741054795,10.02772850750717,-3.565675718050695,-5.846786164206426,103.20635191434368,23.7379138135228,107.5851748962335,418.8063387957047,186.42534201082483,23.49673108862671,31.706431383894895,-158.45222821332374,438.3117394836031,220.34252061731198,-268.60795014945097,828.966980064996,296.33572987921383,298.9308188438629,0.6635441695845514,0.29247346304270133,0.4487076095511627,0.8166325908092715,53.96794370873829,53.64158845419465,310.8591259726986,290.1541813514806,25.780818843862903,23.185729879213852,48.265429532138995,235.41172786771352,-0.19846889843763904
2010-02-01,8.898127316106033,8.898125388098805,-3.7725129995922466,-4.272084235510865,109.19328947614699,26.006706492892658,115.9286486500893,422.654459207893,197.26546583894557,24.796400370409895,32.08940445945645,-168.01741734697228,443.8313106358332,217.68004441072705,-279.6678767887496,1003.2967404181788,296.8120259471794,299.5196635703045,0.7595413642923617,0.280977561112583,0.3921831859859647,0.8639509556152019,55.23168387629445,54.936307446769774,249.1475648509689,257.4689059056367,26.36966357030451,23.662025947179416,61.987832378022546,209.5354318890361,0.7280169184761718
2010-03-01,8.21279985055119,8.212747426069399,-3.850945158087607,-3.4984113058721755,111.46353144662172,29.49617709187613,126.64504017057267,421.66683983705553,205.0640766238171,25.739672721735882,34.17902560936591,-175.5134798268611,436.1547749661876,227.1279235962015,-285.1374117447537,955.1519480284163,296.84141379130386,299.75994409112536,0.6344274196873514,0.263008127533569,0.35368957866595496,0.7810765898127362,54.2622123871172,54.01056029234046,254.5967953670869,237.637367652471,26.609944091125385,23.691413791303887,58.00948814855221,183.80857867540414,0.3747456789973427
2010-04-01,11.545849195679573,11.545864441943952,-3.44959393822552,-6.931279568437592,99.84655772881756,19.42738583083204,99.5311232990899,421.3247680088028,173.7831445246873,21.836637490212443,30.73098170948006,-149.79106738676745,410.99613373989683,217.37868692005975,-253.19513588264834,911.4327712212311,296.9847906831694,299.3920340631245,0.7721157389247387,0.3206942149220313,0.41011629376684294,0.8616810049381419,55.2601331986335,54.83954286371052,346.37547587038716,334.081725750693,26.24203406312455,23.834790683169444,35.816448962588595,270.26547486682625,-0.2138578823622055
2010-05-01,5.454015886790542,5.45402170608155,-3.518839698755452,-1.0615949517666112,101.85090760532456,23.964245492762736,121.19491894639411,418.7980027865623,187.42567064640545,22.804955692719133,36.3868988589719,-162.7245839695911,380.0413539753966,245.97427945065166,-260.8157269595493,1035.0501388036243,296.80598935295683,299.80109268129206,0.5334001407968898,0.25331228794509875,0.27607114693579826,0.7006575406944954,51.552167717704364,51.36125265435079,169.07449249050683,157.8131280694893,26.651092681292084,23.65598935295685,14.84144750889763,70.28113596053046,0.5225320125318973
2010-06-01,2.2550755384473278,2.2550664112147523,-3.487773065987736,2.1447728888507323,100.95164504219814,24.59051660437789,140.32801187833428,404.2327969814384,199.25068057703956,23.33465065900563,47.74610198148801,-173.26464648756425,362.2246664338815,272.2897921499319,-266.0012963114946,1593.4833760584165,294.91076270739455,299.5587289170845,0.27005756370046,0.14447315315767892,0.23139970037414473,0.47375176020431825,41.66590022411234,41.56870932205526,67.65226615341983,65.25076421338981,26.408728917084545,21.760762707394576,-6.288495838437257,-41.9657595267458,-0.023617140499780476
2010-07-01,1.8284933926786893,1.8284101029838244,-3.0665389088822277,1.7476497248717402,88.75886297856096,37.336497863320815,149.65516486925728,402.3193263915099,208.07141558026956,24.3367055044326,53.21945929558192,-180.97980132190372,369.04284037299436,273.5596012751364,-274.5942076529107,1697.5861944655585,293.23697132829295,300.00989463833326,0.2131125112884204,0.12421952148714231,0.24148973383524244,0.4385747752041101,40.00192609597564,39.90843767300044,56.68329517303937,52.90538492430048,26.859894638333287,20.086971328292975,1.0346063777743097,-36.483852860926206,1.6649811844400375
2010-08-01,0.7481329027539528,0.7479605018740673,-3.05494808468089,2.8141086507913244,88.42402670252199,52.24765165352588,185.62845389834112,393.22871365943416,243.74775695287605,27.969931833973902,67.3147968072414,-210.94039910850185,395.10849679773963,285.30231343631334,-308.0310790669746,2589.693698852005,291.61498256789486,300.6302070058745,0.1858702232028569,0.06192874721098566,0.1572008568301022,0.3288755059744959,33.86148543955541,33.80088152907074,23.19211998537254,21.642375632930186,27.480207005874547,18.46498256789488,22.728765630661258,-47.00680938414315,2.9539239452126083
2010-09-01,0.7717428970251454,0.7717594738541087,-3.2707685113536153,3.208417998418258,94.67066812255041,62.59608401260137,203.3309382666285,403.72231239745184,262.94954774459245,30.727391903637578,64.1285099052612,-224.95510525972043,422.5857951811722,283.14183776115397,-327.77894655484096,2591.167417017934,293.01994190654307,301.5251785660083,0.2679481931165473,0.056569995304279676,0.15710230479670229,0.3993205340289004,36.692841405193164,36.625787490635105,23.152286910754363,22.33100329438972,28.375178566008344,19.86994190654309,44.63710879368699,-31.262399253781165,3.559843219307467
2010-10-01,3.5939752856073,3.593979001448514,-3.5847798936864272,0.5342686810030444,103.7592353556136,55.8217773846397,180.62019647450526,414.74468788231513,249.3305500521432,29.993959951180944,50.63195408880007,-212.00964707323635,437.1758781619369,255.5182509895005,-320.15264040381555,1906.0995208889055,295.3436805309353,300.86873745543096,0.4812225168373972,0.11828448424273014,0.1960033448837819,0.5913712302248277,44.67563631388179,44.545450994900044,111.4132338538263,103.99244795857969,27.718737455430983,22.193680530935296,64.63438941431505,63.07092177309815,1.796680244182994
2010-11-01,6.622470843189033,6.622469868208264,-3.86011356519267,-2.7189677691096867,111.72895258255325,35.16361206309554,140.21335575209193,415.93565710255007,220.44500786493168,27.026401110137122,40.09813529779352,-186.946752500675,437.02689226300686,229.0593391049375,-297.1969876154947,1177.594649458287,296.3360986896506,299.7670143980988,0.7088064421191105,0.2099621327706275,0.23285383782552302,0.7927766562815931,48.7768236412198,48.58406878390535,198.674125295671,191.62239201991505,26.61701439809883,23.186098689650635,68.13764851055723,148.07503539068634,-0.04394744276730478
2010-12-01,8.525803486578482,8.525808168906394,-3.615221739984432,-4.6899983198643405,104.64083783902281,26.716913400346446,113.28800074288509,415.3443620103598,195.16428152703008,24.236516376893366,35.7712314280315,-165.52218085751753,433.7174268705854,214.91806825377768,-274.36535463392727,1065.3258909397236,296.28740949236465,299.0657092040715,0.7624532216634688,0.24460859698101825,0.35031062492994497,0.8431167893458651,50.65689442502897,50.38817717555402,264.29990808393296,246.69583822067113,25.915709204071504,23.137409492364668,59.44728638014959,203.10908857168116,-1.6068018098832368
2011-01-01,11.680107763014504,11.680134924614832,-3.3233273976161923,-7.382352179853623,96.19196583364108,19.685521161702148,85.1377746923931,415.1146633604676,169.46581625754771,21.428689378851647,29.718109371270668,-143.7913985126039,438.36869662704464,203.1005201563612,-253.6843866343118,779.0113751889808,296.0135377350308,298.0832060775683,0.8222453728726529,0.3356907580534501,0.49047258453168935,0.9102860218105174,52.91370164232047,52.520686772294845,362.0833406534496,337.96686703167916,24.933206077568343,22.86353773503083,50.58386647795061,294.1629655299987,-1.8041978540099848
2011-02-01,13.156941207353984,13.156920515432262,-3.3326324002212013,-8.926021788336108,96.46117463097376,21.542012009857643,81.75998928448757,415.727535135182,171.87273971433007,22.022995959955026,29.119076557321634,-146.12165961675814,443.9433395319225,193.14626050813206,-257.664318483953,766.7749830054133,296.04246010818605,298.0432985251964,0.8482636795701548,0.36101915291093406,0.4768649491151977,0.928770535591797,53.71357565348289,53.283655185077706,368.3943538059116,380.6979315807946,24.89329852519643,22.89246010818607,64.51805797582097,349.7554185070367,-1.0006035813948984
2011-03-01,11.733278224780774,11.733321432233453,-3.4770975464062412,-7.305219822483108,100.64229908284202,23.09688489538504,93.5642651353098,415.626273013131,180.76617681913413,22.887409659225654,30.900998707491894,-154.37706357384332,436.40995635958603,202.42111897408563,-264.1695730956461,834.7436902243603,296.16045190020645,298.3429944627954,0.8352905105261007,0.33251881357524843,0.41095901795027195,0.9109595797085881,53.17982540935286,52.81357631413472,363.731624968204,339.50582847897726,25.19299446279541,23.010451900206476,61.748454121560485,300.87510262957136,-0.26311911187562487
2011-04-01,12.116550062558675,12.116519475796077,-3.185185575054395,-7.490206938966509,92.1933647309006,18.336555119063252,82.0075935255613,416.131404314562,160.74712387183726,20.369531848911414,28.670579742625122,-138.3975090395785,411.3556448328892,208.66658827068207,-242.36422106672856,671.5951191606648,296.3599240369725,298.2422978201189,0.7868451915389972,0.3994044109803774,0.4460900480011896,0.8958557263106233,53.52488733048308,53.10668019129395,363.49650187676025,350.5937348320624,25.092297820118915,23.209924036972495,33.69763279604649,292.9009934502188,-0.8029905530104742
2011-05-01,6.12071318564346,6.120739441568941,-3.4287137094006614,-1.4117989409261986,99.24221868427398,17.281860888469105,106.78231275030043,412.15964539988397,175.31154153213797,21.416797011973827,35.64826711846515,-152.04212074383133,380.3618868718152,233.27846980824896,-248.98281398748168,1176.6760632478245,296.16466072390074,298.8714265358574,0.669079959224636,0.27479255012392423,0.355710781472867,0.7899409857662963,49.941102883137034,49.69626324386625,189.74210875494725,177.10472921206426,25.721426535857404,23.01466072390076,15.70434417923272,93.69708065439991,-0.13022594737691406
2011-06-01,1.8779015887675763,1.8779035307694802,-3.4538194624752125,2.2366770207687696,99.96901209836146,26.43315208012131,144.62940771191091,402.62474078308895,202.2050325019992,23.60841325699407,48.77347168938144,-175.90289145101028,362.36966319277997,271.4505429811662,-268.6659050857755,1723.2413949277216,294.66446055489695,299.5151082524858,0.2924292931778009,0.129034996708728,0.2296677919493327,0.48717520194255587,41.27082305683002,41.17540145806855,56.33704766302729,54.33748642272801,26.36510825248581,21.51446055489697,-2.7846378953907447,-49.14341915417025,0.7272555831460608
2011-07-01,1.3329749567967435,1.3329217775354192,-3.242604576044142,2.623393075748803,93.85511577579436,36.28864983596082,161.72099022567232,394.2727968854707,217.77029539913832,25.19661579887264,57.787738649210276,-189.4376643456778,368.9944149457639,278.1560821118122,-281.60600308376763,1863.8618216181044,292.95891163658086,299.54415455268025,0.1721551669499348,0.0947687185489099,0.1880717345112835,0.3489712981502196,36.86561182926607,36.79146862224454,41.322223660699045,38.56833847035357,26.394154552680277,19.808911636580888,3.4499209719554074,-53.343016418197735,1.5061600847123486
2011-08-01,0.8814654261160231,0.8814101182909643,-3.0720101742677635,2.8926729932967064,88.91761802860194,52.33861737757441,179.97078438716525,399.21925576320933,238.33647662110974,27.501614193431074,61.89588581888506,-206.37027136845333,394.9761932071382,284.14533819630896,-304.82843412340367,2244.031105175178,292.8776422598658,300.79643518175254,0.1334798591157257,0.06616031932388333,0.1774272393645422,0.3080024049890274,36.02326400137927,35.95208435464305,27.325428209596716,25.50376499684503,27.646435181752565,19.72764225986583,20.683095927094712,-45.94890724805411,3.2181501433919237
2011-09-01,0.7917424018421941,0.7917310267705948,-3.1590634719651045,2.942423876268363,91.43737935319834,62.87634845947711,198.14569116468266,404.1900093433417,258.64565102832046,30.269290624187644,63.4164222793125,-221.24118132090445,422.51396314818714,277.2888219676937,-324.23458240104446,2672.9653979943537,293.0244822764813,301.49602253339907,0.27022347201822106,0.051883332659683125,0.17874499182205533,0.41345694656449,37.28505595183313,37.2093222742415,23.752272055265824,22.90888387646397,28.346022533399093,19.87448227648133,46.945760433350756,-25.093766272300126,3.511031228916522
2011-10-01,6.511957933899148,6.512016376408418,-3.7478107081680037,-2.5326500619453847,108.47815132173385,41.05037071763727,149.44129420908368,414.91710146355814,226.3089180806103,27.55521895136878,43.02779104842685,-192.32923179751882,437.2377858883209,232.89676549910865,-302.69675839023563,1362.5096786622112,295.77030196102345,299.9635433401181,0.631487711895339,0.19405666984654768,0.24166668012958303,0.7241120246381338,47.71862722675063,47.503918796511854,201.8706959508736,188.42639978033617,26.813543340118144,22.620301961023472,69.79999289112698,149.97532264000844,-0.2270812902791448
2011-11-01,7.105693625810984,7.105744606932503,-3.7736302447637486,-2.7766342296575246,109.2256736270803,31.506811710471077,130.34619474178555,414.55204592673823,211.70871314036896,26.09604871482561,38.232881016612374,-179.6135018412751,437.17551421780485,220.55494533520923,-289.86173618022974,1188.1157149688663,296.034408063092,299.2207926140677,0.7391387634178352,0.2215168148652677,0.3092919219400279,0.8240995156724814,50.175517889089576,49.94433568718908,213.17080877432952,205.60603608022288,26.070792614067727,22.884408063091996,69.30679084502052,165.03901781105174,0.6481354871113609
2011-12-01,5.951794988354315,5.951782969934073,-3.6248065669348706,-2.1094103510024045,104.91767288142019,38.233371480120574,142.98401932569988,415.1135644059535,217.53990460667202,26.682152435838695,40.65254057782296,-184.71317137582975,433.82938918337896,233.81146813320254,-292.5053407184552,1237.813250425645,295.9034693072718,299.64542220677265,0.609434684561573,0.20468955917460702,0.33389905954027793,0.743059836362167,48.685757978243515,48.481668209281544,184.50564463898377,172.21594241707388,26.495422206772673,22.753469307271814,58.69387258525268,125.08255568444034,0.9095864364660287
2012-01-01,12.119638681544043,12.11965464738521,-3.2300059554124987,-8.183754213600912,93.49066908729002,22.08416056424789,83.87834441150403,416.2739076752593,169.0511469975682,21.5196633963787,29.74591309346226,-143.5922819153536,438.4006545087548,200.67955064566542,-253.21463721566857,827.9905579777355,295.9334588076555,298.14813228411185,0.8143572591228047,0.3206886302283402,0.5221055145332674,0.9122343831653079,53.122629659192114,52.739061151136475,375.70879912786535,350.68445160258125,24.998132284111875,22.783458807655506,52.53508657000316,311.45732991494094,-1.728460829646579
2012-02-01,11.220433559483906,11.220465001817535,-3.4225001979667677,-7.053243854248825,99.06217480149168,23.382987570311634,91.06382013311777,413.3713745670908,179.52840440360646,22.793646554581414,31.575072882282175,-152.5883283437368,444.00680663957456,200.45068469084356,-263.2868060745914,894.9763150097361,295.61242972989487,297.978752437833,0.8197779200808457,0.33077568701195625,0.44520838184637546,0.9086566945856738,51.18988303842133,50.8195225505207,325.3925732250333,324.6662326914796,24.82875243783303,22.462429729894893,62.836121383747866,289.8720861840845,-1.4319069103486726
2012-03-01,11.078126668936616,11.078115770228125,-3.5678237834896414,-6.706650544708571,103.26863784124502,24.121161251258545,100.35042122160041,414.8407624342408,186.0187308023323,23.438214665961812,31.49064857422341,-158.8723947732292,436.07512350472604,211.52744023208595,-268.703820800612,731.0883160806164,296.0613860684628,298.27055207957295,0.7275251437979946,0.3551691205902409,0.37157748498906246,0.857148618543325,51.92898062932387,51.59977056968031,343.4219267370351,320.5473313144712,25.120552079572974,22.911386068462832,57.17638056852604,274.46312693525,-0.008052893497790592
2012-04-01,7.054738801851238,7.054715451088994,-3.73561091736994,-2.4558395550604906,108.12507363978207,25.707044935052775,120.00589172628565,414.9990556339207,196.42508900725147,24.396933047239614,34.76713738873214,-169.2444602880972,410.66944896578445,229.79328105948386,-272.6475386359108,760.8191913942337,296.4946559351946,298.9543825914112,0.6985722277759097,0.31425782876480324,0.2681767229241632,0.813695602520938,50.532814380399124,50.31143110516464,211.64216405553714,204.12949800604727,25.80438259141124,23.344655935194623,42.85425757642693,138.21347761816193,0.6452043245301979
2012-05-01,3.935427888945342,3.9354262025619953,-3.714955655298556,0.8372329441947299,107.52715793486252,23.57468039171783,132.20884502795366,409.28628931725956,197.1596975818061,23.81457625528563,40.05633258459121,-171.17891511184777,379.7641248048763,249.30454852982092,-268.13633418805,1107.4824198896824,295.99645807520227,299.0238694286154,0.498019944592643,0.22640816261986046,0.25398459947082175,0.6662198577589232,47.395876560395365,47.2426403832956,121.9982645573056,113.87228595376143,25.87386942861542,22.846458075202293,18.83178565822908,25.156169476451794,0.020744200676205082
2012-06-01,2.6183999642091065,2.618405508302342,-3.5304855836552957,1.5812821502424494,102.1876318066113,24.328090160526628,138.98170104591065,402.71850247626725,197.61767876045778,23.184237648706635,45.517155343186104,-171.92611296605637,362.29843902252134,268.3753441346417,-265.87924532216095,1269.9951895442546,295.2939322413911,298.8955564074261,0.2305956416993789,0.18223422658731517,0.19123167631891225,0.4408193260997982,42.53890139452461,42.428625240361775,78.5519989262732,75.76404827263721,25.745556407426136,22.1439322413911,-2.4960988124807386,-28.812918002187175,-0.1067643442676598
2012-07-01,1.7311678711530605,1.7311188570540075,-3.2681867981309294,2.537959332685332,94.59561319155821,33.89520962878088,154.83160388987187,395.68052376248477,212.7632936379764,24.701938319423935,55.014043237497944,-184.99063473342508,369.5320200680232,273.5642595365993,-277.6505188893591,1839.2306264405486,293.3526302125254,299.2592178151443,0.2587096046876568,0.14042535342146095,0.19802356320381753,0.4398435573633974,37.40377094111319,37.307363914317555,53.66620400574487,50.09024470642383,26.109217815144348,20.202630212525435,4.086259352759782,-41.90487780796265,1.485768675588048
2012-08-01,0.5967022291725036,0.5966483600099147,-3.156706258387131,2.5619388844585096,91.36921796020744,50.36314834425346,187.49486602257608,390.0490036093639,245.42197257738,28.12224886826959,67.74982769735027,-212.34441188835373,395.7931196843232,284.96962135613524,-309.05693623699796,2532.0206756353145,291.1312544750513,300.31887654220066,0.14419321601605165,0.051035586707861416,0.1704553067923978,0.3044032500080737,32.621051384556814,32.560758747713514,18.49776910434761,17.26413078732392,27.168876542200678,17.981254475051344,24.08731488086272,-52.87999017856336,2.8622178865425667
2012-09-01,1.0506605248619587,1.0506761979441066,-3.2643078163425785,2.876912381176459,94.48364490052666,61.734987447768496,195.20458156588035,404.0780328134384,257.23884047881785,30.228169517581467,60.66523789424038,-220.15425322846914,423.1608188229603,269.80900061914076,-324.17713507381603,2449.6863655702427,293.4703097631556,300.9885572877938,0.35872807512395954,0.07300329633196465,0.16379178601203548,0.4801370758559824,38.40958616520043,38.32203734903524,31.51981574585876,30.40151035717901,27.838557287793833,20.32030976315565,54.36813445467527,-12.984383074606004,3.2703829859336224
2012-10-01,2.7436896105413644,2.7436979462161593,-3.690306788759168,1.388023828328757,106.81364926145393,54.91839834284725,186.15355199326032,413.19760856806766,252.9924293806308,30.400608094825245,50.590066260767315,-215.16095433656238,437.47857510227186,257.83475387203185,-323.3602748759862,1917.6991297308894,295.2695461738057,300.6541625260172,0.5625414119622979,0.12409488091107633,0.20297687454034727,0.6645730207437802,44.20580556867299,44.08460101647531,85.0543779267823,79.38940816597683,27.50416252601724,22.119546173805702,65.52552100395434,35.26243943698335,2.8388404714938957
2012-11-01,4.836744971928464,4.836726036444675,-3.4207337964970246,-1.7202348614307368,99.0114615169088,47.53414658948052,151.72003510625714,417.8475746934303,226.04801821366368,27.6321870197741,44.09084653068317,-191.92962890295183,437.1530729821083,233.90420122817784,-300.46331831165276,1731.2775668561987,295.7084747097693,300.264700037927,0.6603024455406564,0.1375831827297664,0.34630062846455145,0.7623320229464258,49.02486148163369,48.834181494147316,145.10234915785392,139.95156355453344,27.114700037927037,22.558474709769314,66.55911708347492,106.2060448552202,1.2931742658793581
2012-12-01,7.293360232441316,7.2933565632880475,-3.6772085079037122,-2.7182964521931727,106.43459407808105,29.716228494405982,121.94766883653459,415.95466456363465,203.23540140563878,25.215542514997832,36.731931376190055,-172.42579061122217,433.91979651077025,218.67690208205616,-281.7745154759468,1148.2428611157068,296.1112563844413,299.1080974111405,0.7511551624210937,0.23422531448766704,0.3289994506732407,0.8391712300231595,51.32643324244536,51.0744487792095,226.09416720568078,211.03462278032546,25.9580974111405,22.9612563844413,63.09761339389067,168.15460543359,-0.4569633374549227
2013-01-01,11.65799797366168,11.658032630640985,-3.3244651799713463,-7.364434181354838,96.2247949087948,19.10972395722796,87.10055680250443,420.0413061659,167.86236141037227,21.359790356138312,28.4828110580281,-142.5344340913409,438.68557211891687,208.69996501627446,-253.2935491358525,782.4644881825078,296.40548753903767,298.6981703593936,0.7735853303658102,0.34395467791200446,0.5059251635855508,0.8948119373454795,55.10970398866616,54.7067584682722,361.39793718351206,337.3273330625285,25.548170359393623,23.255487539037688,44.593584119578026,286.9790181060217,-1.2828958327099684
2013-02-01,11.300292307570668,11.300235468074057,-3.42969146597076,-6.777038613679131,99.27041929198334,22.616566569110887,94.23870022247331,418.207754288095,178.01986686779472,22.600550853249633,30.021824033057616,-151.40113910179826,444.15220212070847,206.69031064486407,-262.679007887253,826.3180212105534,296.31676982809046,298.60923419456805,0.7672015498998096,0.3307450459690702,0.47709392532302936,0.8828728798951472,54.26070996182203,53.86983228318108,316.4081846119787,326.9744059049206,25.45923419456807,23.16676982809048,55.98869724238895,284.2003546476798,-0.5076707923535793
2013-03-01,11.755179636295663,11.755178724744974,-3.502392212824629,-7.221153402266053,101.37494581478303,22.86208216004025,99.19803982657236,419.89702059274504,179.50815917283762,22.673911554060727,30.19807380915584,-153.47138934032557,436.31197916118407,211.57331684849308,-263.2048318216347,818.7540402897203,296.6963799848153,299.04961154287486,0.754479223854269,0.3410385409587802,0.45378445575854126,0.8628272804142045,55.17704087671208,54.7504180393961,364.41056872516555,340.1382732854449,25.89961154287488,23.546379984815303,51.631514973141606,291.358554887457,-0.9637124436535487
2013-04-01,9.064245114678293,9.064269500746663,-3.5581376995669283,-4.575602187284794,102.98841739375469,21.72935261677013,103.88349565244934,417.4291691548508,181.10338949750516,22.67500084966812,31.751417727381305,-156.02927238892673,411.01000654947984,221.34630162217104,-260.2728645412879,744.5457856392969,296.64350056823565,299.01669577732173,0.7327973406700651,0.329062376040956,0.35568702470806113,0.8479880053659357,53.091716132739975,52.77900725577438,271.9273534403488,262.2763165725308,25.866695777321752,23.493500568235675,38.92656291911686,198.65437744687236,-0.43991534897939744
2013-05-01,5.839273629383209,5.839262791597578,-3.571566535397761,-1.2089641557633906,103.37719605502609,20.104884117654827,116.36127684148902,412.6162251038735,183.9300064354128,22.275311792199485,36.5566026828911,-159.5911128144315,380.06494111374053,239.9421332460469,-257.0492747025181,978.9892280067431,296.4767032199281,299.1221765524305,0.6229506240377509,0.2636420034968036,0.28902796888756693,0.752870251160187,49.668107275782354,49.458772020804396,181.0174825108795,168.96015021983735,25.97217655243054,23.326703219928106,17.107141456471226,83.13766566242299,-0.4475700411405086
2013-06-01,2.336555022744638,2.3365109831947617,-3.531784151309724,1.443462351525255,102.22545325401249,24.94221348720841,141.09312854232894,405.0845642944166,198.90756560713677,23.285442222908692,45.77098969433029,-173.0721221768577,362.42407077528577,268.59598430327765,-266.7575218578992,1365.6966400209344,295.5969428725608,299.42782228490546,0.35303607973387013,0.14620176450084016,0.20322185190549952,0.5237368657593884,42.857900208322896,42.74854022748735,70.09665068233913,67.60737798595953,26.277822284905483,22.44694287256084,-1.8384624453784681,-36.59000345473794,0.1334657413065088
2013-07-01,2.678824046316911,2.678807029682364,-3.1722994177362245,1.1993496180505256,91.82083431340311,33.73340176888788,142.13590013437567,401.1971395517656,202.38117375811694,23.738067371186563,50.00155445391155,-176.00267643123877,369.46358687826944,267.7444127716115,-270.30955537617024,1534.9468585638826,294.0870599810192,299.37665516631614,0.25768492501426,0.16192218687897567,0.2256760733582343,0.4677973555957059,40.34573672220514,40.22923491451349,83.04354543582424,77.51177747923508,26.226655166316164,20.937059981019218,2.56514260455873,-12.19080012464552,0.44688589503621756
2013-08-01,1.567312702731803,1.567318362044102,-3.161005306254059,1.321006255838866,91.49358410934515,47.13416564419884,167.05582570860395,401.53781504920255,229.05900269893425,26.59008974002189,57.33150600995387,-198.2454603892736,395.64221113471,275.8040282756973,-298.5296628028894,2025.416849560444,293.33552504378264,300.5298015853292,0.27422603600156786,0.11709277448580326,0.1870573207281269,0.4500751886538842,38.034716754925974,37.9414513713349,48.58669378468589,45.35064704988721,27.379801585329233,20.18552504378266,22.725634527192085,-25.703507158041596,2.2862046257757385
2013-09-01,2.4805746969413693,2.480603222646302,-3.616928799952723,1.4680363480645484,104.69016954808444,48.322449473264,172.18229350142406,410.0557667741476,239.97650657945,28.479472631327543,50.39383365898676,-205.28223297279257,423.0712919909517,262.53474157610515,-312.2304990071115,1696.0515603100846,295.2712691793414,300.5968102275521,0.354777705123044,0.14068421490080124,0.20137227022494178,0.5171919900539247,42.32977231227667,42.20404538563124,74.41724090824108,71.7767136182379,27.446810227552135,22.121269179341425,49.69575743100637,14.906521208702458,1.875780292457378
2013-10-01,3.840234432805548,3.84026056335738,-3.6722845043864756,-0.5243455180023877,106.29215064402905,50.14272020252473,172.24888078935666,412.62948205886346,241.77727060050313,29.169587972358432,48.30411277171475,-205.60447684468429,437.5231330579236,253.9911495713023,-314.1216390050105,1603.8368060966575,295.4891941487204,300.4569621803831,0.5147234881092358,0.14359451890401875,0.23725478860948557,0.6437709352233746,44.41638317388355,44.27503707479917,119.04726741697199,111.11865056010939,27.306962180383096,22.339194148720424,60.13048943370819,64.09149612337278,0.8654932264157509
2013-11-01,7.614603050481553,7.6145675257060015,-3.612289879767548,-3.405686169535605,104.55557162066997,32.0683201954944,122.47529534817672,415.1191972578108,204.69740003612247,25.383575003416933,37.30578027575219,-173.5919217328535,437.2808732309224,215.19553363411129,-283.96197655975095,1196.785508854171,296.066205146657,299.2936424497993,0.763605143981012,0.2272918711708406,0.3508512054816078,0.8523625638266813,51.060183673107204,50.80024777864067,228.4380915144466,220.3289214614005,26.1436424497993,22.916205146657035,68.76644292563967,184.87754312543328,-0.3377503590630653
2013-12-01,7.101257469668097,7.101222453983191,-3.610426615693838,-2.6989811482757324,104.50193128104658,32.21856725842015,131.44818871275612,415.85860429327664,206.31200872056365,25.438254916982572,37.90801865222511,-175.17799703816868,434.0132948765587,229.12128336622547,-283.6019781777737,1104.5072648042835,296.11443203731716,299.5537009687407,0.6568364662659739,0.22584122663181544,0.3658260432742204,0.7657672760297376,50.15219843070014,49.88721560769689,220.138981559711,205.47518674719882,26.403700968740736,22.96443203731718,54.480694811548204,154.90447043122361,0.5494798464768422
2014-01-01,8.573157116207804,8.573190281640127,-3.646670648769191,-4.66912204695523,105.55079605433549,27.173099664049275,116.68401285348095,413.8075706961466,196.20469727174654,24.613225760620537,34.84484715531869,-166.66227812777376,438.59945187764924,221.0095059195877,-275.5851017486749,1036.9278811769648,295.7912335843971,298.64752942036114,0.6870783992835684,0.2594806803928405,0.4535362668590924,0.8262797776393139,50.6254924217067,50.337226699389255,265.7678706024419,248.06684842708702,25.49752942036116,22.641233584397128,54.575595829087206,197.99811294776845,-0.9064647459296964
2014-02-01,12.573940655582684,12.573957418878328,-3.315378026822154,-8.597115410662132,95.96187116158235,20.13877446519303,81.43045219592915,417.77155350123223,168.5016671536447,21.596478344927455,27.903645300234622,-143.22571391665585,444.12168338623593,198.80604896674322,-255.34568349129742,759.7143051882551,296.1301745951787,298.2234194880254,0.8098288910255725,0.3788282439488567,0.5025083344988258,0.9170266256420952,54.6290970634831,54.211653815292536,352.0703383563151,363.82978642587756,25.073419488025422,22.98017459517871,56.5396345245542,325.1861267992036,-0.778577010354141
2014-03-01,11.683754129872655,11.683733190495268,-3.427181028149102,-7.35701911134234,99.19799937345057,20.9578853718189,89.42326406547542,417.25444376153354,174.08903904524107,22.077731172603844,29.283959543926763,-148.7933382655565,436.42595385152146,207.28802356275705,-259.3558027861081,730.7782310041355,296.301989495539,298.4704584206072,0.8004464848772272,0.3555660782567884,0.44651612213749176,0.9003128198993768,54.3042416632068,53.915280809935936,362.1963780260523,338.07098352127514,25.320458420607224,23.151989495539,52.06777922335104,291.58726939481534,-0.6465060236397164
2014-04-01,9.828635287433453,9.828656851413516,-3.5780566526855457,-5.435674204219938,103.56474300930371,20.891421621704275,102.63543107591309,416.58090058445663,180.500107717762,22.611860517063633,31.366668709623013,-155.4801608368924,411.23639399443,220.63045907560823,-260.5133580773989,717.5442661233333,296.5115395736723,298.82243741543897,0.7058926507794148,0.3414665429139188,0.33640560800357644,0.8337261091312754,53.444486468206335,53.13476223499814,294.8590586230036,284.3940061172892,25.672437415438992,23.361539573672303,39.88289900179066,221.05483461351477,-0.3426725037385978
2014-05-01,6.945271959758896,6.945267570825227,-3.4984044435271153,-2.7936164667433028,101.25934631335535,18.905862622007746,110.21661111423688,414.1303483162702,177.60883976719435,21.702333485855934,34.282643617885,-154.06682171232003,380.26114797690235,240.6711764281183,-252.40635829555197,856.4726681138468,296.49187712465334,299.0360966513444,0.5720418984710403,0.2874422786184248,0.3262977120930089,0.7399017009920387,50.958806804136174,50.72244188323073,215.3034307525258,200.9626033224892,25.886096651344417,23.341877124653365,11.735181867433681,111.8194697174956,-0.3810308409280623
2014-06-01,2.660729697846609,2.6606862195884093,-3.430803536987443,1.4632697211919643,99.30252444297071,22.079077230283666,133.46738093284688,404.9405229879808,192.88894782379012,22.621622554495815,45.76281233261514,-167.72711057595063,362.45013016187943,271.3873912192781,-260.9103360206254,1531.1481291495684,294.97391350259323,299.467065426861,0.2755165602415422,0.16620844804677165,0.26240151455477795,0.4996200428504408,41.890560469781704,41.764906589373595,79.82189093539827,76.98744848346092,26.317065426861006,21.823913502593257,-10.477055198652693,-33.37482772824359,0.5826965700811115
2014-07-01,1.3198348242693574,1.3197599976309635,-3.1549171143701886,2.1840145607792687,91.3171736427904,36.75583462723287,152.97205613380714,400.67880288628936,210.46134826227097,24.460515628283947,53.28919859590452,-183.08873285166212,369.2937479263799,276.68617353367534,-276.3628174842066,1748.9981398155646,293.710680227438,299.8974558266737,0.1617402796073125,0.11054713076855473,0.21766300450941772,0.38975375257753414,38.60026454851647,38.512933477931796,40.91487955235008,38.18749993145149,26.74745582667373,20.560680227438013,-0.32335604946877083,-55.179555746541986,1.7265259857343125
2014-08-01,0.7847677758592102,0.7846555412693945,-3.06788475580484,2.255070832611514,88.79800424093693,51.263637028327004,175.90700841475066,398.42810330589344,235.46770016301582,27.18004446576107,61.59019366853601,-203.87807903879332,395.3816368126796,279.67750758576136,-302.48832403170667,2145.665943101113,292.7586446823123,300.6765806020135,0.14036756452824767,0.07759382327327469,0.18529884193943105,0.3288600214086332,35.9682962807575,35.88871668461585,24.327801051635518,22.704153393211644,27.526580602013496,19.60864468231233,22.810816445945306,-45.509278502773356,2.2262441009933696
2014-09-01,0.9322659150584461,0.9322489472755732,-3.2881508814482814,2.980900471560972,95.17357003701166,61.23425467472141,192.81261526697907,406.9015368104397,253.2965411176698,29.826239075046885,57.651560121845044,-216.82543193628814,422.8631931303299,279.36626862092527,-321.43730081392977,1992.2805549592981,294.3490271468196,300.98153061008003,0.2092252888536045,0.08720158153972063,0.18510837082341355,0.3849941582578989,39.283443141477015,39.1951062213091,27.967977451753384,26.97479592811265,27.83153061008005,21.199027146819617,42.0710321930045,-28.89378901860453,2.7660471027100186
2014-10-01,3.6818505203234513,3.681844236800302,-3.6132710370572747,0.4886980754499208,104.58415333598268,50.27708233729517,167.7967157250957,413.46371356098393,239.76153132695393,29.025075607835593,47.87384046934323,-203.85133901890413,437.4451174923703,244.51736240725,-312.7531698407893,1749.1813048482495,295.4800004115389,300.38144119167873,0.5634394946951501,0.1379756540484513,0.2377993027201018,0.6735655080594528,46.07041245902386,45.910460403151774,114.13736613002699,106.53484481482356,27.231441191678755,22.330000411538947,68.23580743353932,69.07023603609716,1.116262876283045
2014-11-01,4.719477579509079,4.719463192508251,-3.8152738988676544,-0.3100785940742629,110.43107942611634,41.527957476943776,158.9566557650571,414.47409363872015,232.88766337833812,28.415140643960896,44.26693756223991,-197.70415491549002,437.2869787711323,238.38268811544776,-306.8736972567107,1557.81255057793,295.9720064784402,300.11010164393105,0.6380339837368536,0.16200989460051604,0.2608900815201189,0.7376070621431098,48.18335962883638,48.014322346946884,141.5843273852724,136.55854144989152,26.96010164393107,22.822006478440244,68.49100914126296,93.14029071484816,1.4781804501899813
2014-12-01,6.050322117408246,6.05032723067783,-3.667012739766402,-2.216486828887686,106.13968724992822,36.94426239628959,140.99348484953572,415.3085197437593,216.63339352239592,26.586074349110863,40.52819845226761,-183.9798223489106,433.9858202223848,232.0206541586532,-292.09250713612744,1292.0815797566765,295.96981748788215,299.7381122358097,0.6153211906677291,0.18494486905884722,0.3277115194398516,0.7447398774878307,49.58176369822013,49.38459029843804,187.55998563965562,175.06733885063164,26.588112235809717,22.819817487882176,60.07185297747424,128.63183032775248,0.367674250425182
2015-01-01,7.861654356754641,7.861640798362692,-3.731008781825792,-3.5053216699562415,107.99181249855822,31.058994317270823,127.75744698475906,413.374758106899,206.4437608239888,25.666791953621818,36.863936699822865,-175.41936145576437,438.5657476046712,224.65348486238463,-284.26075955484464,1032.1817119994353,295.8804643088652,298.8102153258459,0.6045369979423235,0.23750591854730538,0.3682630506326007,0.7527985772353154,49.95329109585088,49.70296774524404,243.71128505939387,227.4780323600316,25.66021532584591,22.730464308865237,59.60727469246001,179.5888766138209,-0.49538205988751827
2015-02-01,9.845172409068505,9.845164648417391,-3.5507876784465364,-5.535014194199241,102.77547586584447,24.56311575270763,99.84914325545896,416.4415004395403,185.8742132729534,23.551724488130453,31.904309919901408,-158.1664041474942,444.1427968468613,208.41322136913564,-269.59074279601174,944.7023018673933,296.0639225219118,298.57348831977185,0.8129913455842253,0.29591216803194137,0.43681669131482537,0.9006176197069993,52.6998695574063,52.35828997072141,275.6648274539181,284.87166228059584,25.423488319771877,22.913922521911843,61.1775214268761,244.35020523258677,-1.0764973909593039
2015-03-01,11.9137657041681,11.913756428021486,-3.3915110850186188,-7.81660727454336,98.16532948355183,21.04642020691332,87.89713847383253,418.02165296509946,173.1827120984711,22.109968544439155,29.212506532192897,-147.93103844120972,436.590650913665,206.08036901675172,-258.32927184498556,755.838202545483,296.3813992290387,298.49334210844546,0.7884494201187262,0.3575196851583355,0.4429368981212426,0.8959275266032419,54.41731281745252,54.0634389656514,369.3267368292111,344.72674849599207,25.343342108445484,23.231399229038743,52.24890282823384,299.3035396221224,-0.4932177814483225
2015-04-01,8.36921242934907,8.369219146650414,-3.6271715056229454,-4.347807381957008,104.98654337313901,22.210306260039907,107.9598690001494,415.9551146469307,184.74246943844997,23.096947474530513,32.57850066977555,-159.1554834386039,411.5108727271135,227.70683633234032,-263.95797451370106,711.9072962682073,296.5583113811784,298.9346196400302,0.6731974810282342,0.32795255963570885,0.30689122920586814,0.8151055677472624,52.30585283591958,52.04781905194418,251.0763728804721,242.16490586372723,25.7846196400302,23.408311381178407,36.251138181360744,174.0493675362995,-0.6198668643505556
2015-05-01,5.768796525398544,5.768748615554301,-3.538506732554382,-1.129399796922002,102.42017570943692,18.552683694029497,111.10484903715393,414.0524496484472,179.31312089820577,21.822890856433144,34.469247015327404,-155.5835346120357,380.50300502385335,239.86384384079224,-254.18223365918917,825.229939324767,296.53923814387184,299.08863964776464,0.5719357550674217,0.27836070302821947,0.30316427939691143,0.7325432346157054,50.34139880697729,50.13974970200468,178.83269228735486,166.91980947784438,25.93863964776466,23.389238143871864,14.318389818396923,78.67659539356251,0.14142819324187883
2015-06-01,2.2239076121673325,2.223871501049268,-3.4974522237334837,1.900001422050137,101.23185155019588,24.313424191300253,138.22703677092434,403.92586385956776,198.51837762151484,23.29747578086195,46.99207268356822,-172.66026428051674,362.52043236200973,267.37786500205164,-266.03780817082037,1598.9563724059276,295.04215037642103,299.5670908918672,0.285316812246395,0.13951590768894936,0.22090984465378477,0.4802491364172163,42.05323748606247,41.946964711803254,66.71722836501998,64.34813371091631,26.417090891867247,21.892150376421057,-1.3400568312312657,-38.346690525963226,0.12291585545239059
2015-07-01,1.9927598028203435,1.992820130298753,-3.333253204033604,1.9568888042828518,96.47910212956337,30.475492929529103,147.14676256549873,402.0958105381182,205.79207875854064,24.074965926042633,50.89622843095107,-178.99933233647184,369.1687489776561,275.9737161257326,-272.4994494237882,1618.8737225375323,294.13407114030764,299.80677278300755,0.1682819657026496,0.12251918192196354,0.2537886262980701,0.416872960728444,39.54343037850754,39.4467731046466,61.77555388743065,57.66261951095929,26.65677278300757,20.984071140307663,-3.4742667019444298,-43.439258166976785,1.1485088464282711
2015-08-01,0.34187799788513795,0.3418176008633412,-3.165410724045236,3.506225773380056,91.62092174471756,51.05530582305902,186.03534053917957,397.56843817955473,243.57603765919418,28.028771215954126,64.98559103825892,-210.88720866994166,395.1669492374215,286.3601564828704,-308.72316724982414,2374.009216079173,292.66591308603716,301.17015103455714,0.13302969407480936,0.05217545478963271,0.1569674646446452,0.2900984364144635,34.64169735558404,34.58645980162987,10.598217934439276,9.890555580536493,28.02015103455716,19.515913086037187,22.36301076695372,-62.5927454611335,3.225390063906147
2015-09-01,0.2393547911345817,0.23930309122198898,-3.073974444353553,3.1596491569642526,88.97447124252658,68.39557724099095,204.22961836071005,407.8458681498808,262.5898658325399,30.704885347125238,63.842867931375025,-224.77232659172452,422.7046830941909,286.5853684414894,-327.8115206005667,2470.967730630848,293.7586462338727,302.16937381205696,0.15079735214993154,0.05823520264706123,0.15675727456796026,0.31514954703728687,36.726974345854416,36.661086170722264,7.180643734037451,6.924279259895514,29.019373812056983,20.60864623387272,41.226152159077344,-44.38345000038569,3.5594101768319746
2015-10-01,1.5947601044131143,1.594737626305389,-3.4224335024048145,1.8348427409857115,99.06034701090486,67.29801840212053,203.36697189593312,415.3840164138776,265.0798038889458,31.640526181061468,56.84975983511799,-225.51666792289151,437.41607767822904,270.81438388923493,-332.10419780190404,2233.8472010528917,294.9786344642903,302.0221535483256,0.3738679707123204,0.09097484615268348,0.17736478930523336,0.5001113154977926,42.108653072039935,42.00519983202212,49.43756323680655,46.14402853892908,28.872153548325628,21.828634464290303,61.2898139126691,6.064952765945193,2.308542674748125
2015-11-01,2.4398551611686785,2.439890279453893,-3.6861562088113655,2.0161208622894393,106.69339679178194,55.84684575219147,186.042035793086,416.34650120771084,252.76411259277006,30.571154237338337,50.412549975360854,-214.6195866718095,437.3458524443572,254.62964557617704,-322.2418352374402,1799.667419186356,295.729243728901,301.2695400181079,0.5391165452704791,0.11462885941715033,0.19363414983937033,0.645713319631677,45.45986784814164,45.34357328987548,73.19565483506035,70.59867706753163,28.119540018107898,22.57924372890102,67.61218966126319,29.850675784537657,1.6667941524752194
2015-12-01,3.453681024909795,3.4536720968885715,-3.601728926963762,0.02981540211314326,104.249634674411,51.7250823737255,172.75544632183627,418.2817128536138,237.94251637355697,28.964529573723063,45.972521030344204,-202.1218936178134,434.0099717454464,255.73234387226248,-309.94428584937043,1446.2481725544571,295.8369412805257,300.9034683246501,0.42495487520306385,0.14964252097788555,0.2463220730950477,0.5938742256465901,48.31360399146084,48.175559933139716,107.06411177220365,99.93264169237766,27.7534683246501,22.68694128052573,54.211941977107955,49.72029345574191,0.17465553933270428
2016-01-01,8.381794233959775,8.381785515811869,-3.2829367823071434,-4.434332375910951,95.02288724617323,29.946318360988837,104.65421265385059,424.2265438207666,181.91674702048076,23.056971958675987,31.447738029388578,-154.73583981164415,438.3604407962231,223.2257684833664,-265.6332637727778,1051.5293482137954,296.44810536104177,299.7679094303747,0.6768577633510596,0.27088380176902394,0.5067903510490263,0.8460293848339691,55.934431392915414,55.60477026032104,259.835621252753,242.52851608251933,26.61790943037471,23.29810536104179,42.4074952894114,191.594227950664,-1.6811038249064865
2016-02-01,6.729604237235043,6.729612404969554,-3.985149901324302,-2.089963544945538,115.34725553570175,30.67222653520813,139.59605322686082,420.2061240007915,214.0113505564247,26.668910941701927,35.696720504435035,-182.14041777253615,443.96565257445206,240.19539838599903,-293.7125420779671,992.4831932706456,296.7196024060147,300.01401382202346,0.5258060006464939,0.2468181979608213,0.3362164936214956,0.7076088456016785,53.13607273323785,52.93035685659228,195.15852287981625,194.7225811623135,26.86401382202348,23.569602406014724,53.51714369196807,132.46825412138858,0.4242151971912449
2016-03-01,12.731193232768664,12.731315324684385,-3.451979837404526,-8.462300413859221,99.9156334492813,20.232239108135573,87.99789173130979,424.9210230990498,171.82267657934415,21.968204642497852,27.53645070969284,-146.80256882330625,436.0213701338847,203.46091512698777,-257.8346333839192,743.246907578407,297.1461079139186,299.3673723679573,0.816183446361207,0.3583856827949206,0.4575934790231412,0.9088340125973112,58.63023728670994,58.213631079844475,394.6669902158286,368.38296657072874,26.217372367957296,23.99610791391865,54.373718256931426,323.72280582218235,-0.881754443803473
2016-04-01,8.268172899931988,8.268142345088926,-3.67274308786275,-3.797968539202967,106.30554785152559,21.82740023277383,111.7023393130743,421.16135038937495,186.06051240262485,23.26217091319677,32.72555473899993,-160.3943161521513,410.6030625560214,225.53701291378655,-264.4622637982078,975.0463476107795,297.06557003506856,299.76912723180953,0.6827287792016067,0.2904257828194617,0.3309217358516762,0.7961325009023021,54.736376615823566,54.451182668054614,248.04518699795966,239.24022989261937,26.619127231809557,23.915570035068583,38.925250884421246,172.32411959666308,-0.4641866711480418
2016-05-01,4.72353432836533,4.723507047986541,-3.612665055363896,-0.04610105924003149,104.56681207130111,23.327075253922846,124.00680176076001,416.10499759139907,191.63021700043794,23.2109391862911,38.048353606192755,-166.35214343402458,379.7013558471692,241.4525345125628,-264.1593247747717,1128.0060030497366,296.7803846959018,299.88479266522967,0.5803166920952331,0.23272223333846342,0.22655606464673037,0.7044090919902752,49.934021355470435,49.76085659415843,146.42956417932524,136.67555115701794,26.73479266522969,23.630384695901796,22.70679026220887,54.405626845317826,0.40990250260786354
2016-06-01,2.3207064416022773,2.3206908811099947,-3.4921769720294065,2.1275564148945447,101.07877308803485,25.049402688434984,138.2543839198848,404.58038422987164,197.7188045472417,23.18790010297712,46.411770433998484,-171.994818498103,362.25511593903605,269.2307550161549,-265.8069761930926,1354.8103798841057,295.2382405068417,299.5182521079132,0.272011216593639,0.18564092356928993,0.18918256622203347,0.47667169058091924,41.918142680240315,41.81353679173006,69.62119324806832,67.14962040248827,26.368252107913236,22.088240506841714,-3.423778823062264,-36.80780379624352,-0.5451277123653142
2016-07-01,1.0902855672071146,1.0902217283935707,-3.148699985880217,2.4357794708788116,91.13734535594536,39.77863489951541,168.42284178481162,394.6961518753707,222.99398227538524,25.716600472936285,61.48003715138784,-193.92813321997997,369.50812331742077,284.2305721556884,-284.9096187497101,2140.578228594653,292.67120899091486,300.3228040962028,0.12078172303696451,0.07365107814949248,0.18533147408189432,0.3081318287502936,35.20369332108083,35.137466979240294,33.798852583420555,31.545767603980632,27.17280409620281,19.521208990914886,0.6790465940217132,-60.44464697107436,1.5321158131313553
2016-08-01,0.9778633334866511,0.9778096880270172,-3.097191732290704,2.547510522129894,89.64666166030995,53.67387733736503,181.05372731070517,402.1218890824495,239.93218041560456,27.783183877592386,62.13646957772283,-207.81124171059864,395.7710768986309,277.8830117173786,-307.0417110728929,2477.6166295262738,293.2689508150845,301.3553985833679,0.25811158507619775,0.05994991965335224,0.15698995588158243,0.38907717791628277,37.31957950376767,37.24858062636176,30.313763338086183,28.293104398929895,28.205398583367923,20.11895081508453,29.158699355514273,-34.5490910410666,2.354233135200829
2016-09-01,4.275667296167866,4.275691194961471,-3.531621521868193,-1.0948505581233159,102.22090776313699,46.506923666752776,158.21865887330506,414.2735812111931,229.74725485442718,27.41485439180853,47.13206450136862,-196.5963461641317,423.1235099069324,253.08864173145415,-304.7459126094281,1532.0624485778008,295.5699595265577,300.5432254074751,0.4657491821382587,0.16567057914553274,0.2121579637505033,0.6112970765611128,44.754307734295416,44.61679173892878,128.27001888503597,123.71791652087589,27.393225407475143,22.419959526557705,51.65727087797396,72.41782940283954,0.7364502328733096
2016-10-01,3.944822328224148,3.9447898580054566,-3.880138003858601,0.7327228135011113,112.30866449415944,42.45498678470532,165.8994976062432,414.6370494992177,238.25380375615032,28.861429682598054,46.28482648154336,-202.54177844547206,437.42065664718365,246.3829175844907,-311.74950529744996,1727.4501633113748,295.9776853143268,300.562531239834,0.5523949791558684,0.15616739142746605,0.22136922604441636,0.6612625377167669,46.00597320979388,45.85798391301847,122.28949217494859,114.14322505802826,27.41253123983404,22.8276853143268,65.36658771295924,65.70784759176411,1.4933006850639572
2016-11-01,4.899900819743058,4.8999381649737295,-3.8825612941156145,-0.5390497063029638,112.37816036964843,39.58002005996361,155.3933848072521,418.0369474227346,231.25154042705591,28.21991965933003,42.34595139750039,-196.2315425394123,437.0881733217235,236.83580686950523,-305.980840993165,1436.2200055518792,296.5171053033738,300.4803611001735,0.6805375207862864,0.18943876631450235,0.21898586387408306,0.7636551272099688,48.81753772222323,48.64658942451874,146.99702459229175,141.78061819947135,27.330361100173548,23.36710530337382,69.14503412365974,96.62008124118279,1.9274107122998743
2016-12-01,9.25349487455632,9.253482206510787,-3.585243942259098,-5.574633322844419,103.77281475825733,29.122165634896014,113.53703975712217,418.2654690800668,196.679637361315,24.491370329432534,35.15849887803735,-166.78897152706628,433.8665370961075,211.2126308130138,-276.0520309388437,1064.3677831559207,296.37144936982816,299.29745097285905,0.7942186798892358,0.24608421022402477,0.35109574006876987,0.8729754517911774,52.39378944752819,52.11598050212532,286.8583411112459,267.75122125320564,26.147450972859076,23.22144936982818,64.83940012582991,230.08231436490263,-1.2645077441244013
2017-01-01,11.305236408097691,11.305230712953877,-3.6327333276298654,-7.272457034735447,105.1473194277919,23.001906723778347,98.71366260483703,416.51214684361184,187.2190661426972,23.630098659651146,32.041407749646744,-158.85895948633657,438.4935730963389,202.1742459609619,-269.55508963982777,836.1216724017864,296.273598164983,298.62643796161166,0.8089595615122286,0.3235696152933163,0.33609104709161175,0.8916483754398536,52.68296300499838,52.34437573055809,350.46232865102843,327.11894424056356,25.47643796161168,23.123598164983036,67.38084367886586,290.68414290651793,-1.3316744148804105
2017-02-01,13.801861540343864,13.801861216016668,-3.2413112503135513,-9.631566459822423,93.81786819692638,18.5323626105008,74.2136300830812,419.0175573452491,162.30859063294704,20.863720959228928,27.237715390198943,-137.97562065156197,443.9562019798067,193.2742353080451,-250.2298164973176,811.1688836045291,296.3141758645997,298.3847810056332,0.8703897241492617,0.3690596427103505,0.502779433446783,0.9448941966812475,55.489954169922875,55.021336217739695,386.4521231296282,399.3594101856675,25.234781005633238,23.164175864599713,56.95558118927249,364.10944872407777,-1.612325546064156
2017-03-01,11.417130210724592,11.417072702988234,-3.573263594114959,-7.353720442221821,103.42584442239622,23.812841213781805,99.81915739438826,418.25643613075243,185.49548632247374,23.494819047481567,31.07143152801705,-158.45295409710965,436.1046746039389,205.57640857199812,-268.5283009620267,781.524828941332,296.5012747085856,298.775825314899,0.8223486860651934,0.33346740805110586,0.3696563825830573,0.8993158733640484,54.23229293067992,53.90216780376648,353.9310365324624,330.35511293368734,25.625825314899032,23.351274708585606,62.951892390028604,289.73832396840515,0.14283693291456245
2017-04-01,10.144362903617317,10.144244517699232,-3.58812136694962,-5.955763396924251,103.85591154419845,20.772814859638032,101.22613305598117,418.6831799156234,180.5693841645385,22.719330207908857,31.380237362380456,-155.556045875539,410.7996000883571,216.98104579811448,-260.2254401803287,738.5576076446354,296.78556922726443,299.07256826657,0.7334170884139005,0.3271414902304698,0.3048287542965344,0.8421028783657489,53.55013547804815,53.27143594152925,304.3308871085195,293.52559368342685,25.92256826657001,23.635569227264455,43.24439438221421,233.36699441212053,-0.45291789067792365
2017-05-01,4.229889788579344,4.229767546202965,-3.6918496440233945,-0.30903336122513264,106.85853340631549,23.67860515341297,133.54150360785692,414.4493663719025,196.57643865080004,23.771378426510374,39.335414745673965,-170.70299072210048,379.8681513039312,252.49259323408157,-267.7287639087571,1065.865273663982,296.74844031860675,299.89731584924004,0.47740796568450145,0.2006970216285998,0.2304816626375469,0.624812813697297,48.484480584946766,48.31938023191739,131.12658344595965,122.38910723966913,26.747315849240067,23.598440318606777,15.236170674675549,29.936307091331145,0.8304374166980466
2017-06-01,1.9655736804156319,1.9655012994780003,-3.3849800620302637,2.032953422754135,97.9763836670651,26.725946887227913,144.87557099965213,402.1742617264673,202.7240199764961,23.66462038057586,51.04649703204634,-176.28041477877764,362.2528551852171,272.5002374664714,-268.30527735407526,1662.2538782620466,294.3461684256969,299.83982379788813,0.2673978406808166,0.11441442382020697,0.23184612997882395,0.450909725329181,40.49551207132113,40.40509799603915,58.96721041246896,56.87214408211807,26.689823797888153,21.196168425696897,-4.1949601123961315,-45.83078688978145,0.5315871924382947
2017-07-01,1.1097064619339911,1.109635473202931,-2.9999356504697565,2.538106559484739,86.83122920068843,42.02329254830018,169.16997921227687,392.78158334373893,223.2431330074833,25.705502722517924,63.39314803248203,-194.17004049357686,369.3097144952834,279.1621050921053,-284.9452333906787,2206.6144827987155,291.479149364031,300.153280977517,0.14041272798931034,0.05015932158772085,0.2112959083494536,0.32402927982593666,35.19168470519101,35.12440426150719,34.40090031995373,32.1075079051774,27.003280977517022,18.329149364031025,5.783128298573388,-50.86296370904387,1.922370712106229
2017-08-01,0.44044870913935547,0.44039569974719145,-2.903567764618368,2.576703429399098,84.04184703792554,57.75201269730332,184.48358883890623,403.12600925170784,241.3691043812244,27.923838081249585,63.6901333290907,-209.07406246310214,395.48131620842736,285.46160462605815,-307.5018612142997,2373.300945340822,292.91966623092003,301.61014688753164,0.11098918394195158,0.051628145712023864,0.16879380879853514,0.2835010270862237,35.965668181169015,35.89835933263475,13.65390998332002,12.742931126944196,28.460146887531664,19.769666230920052,22.04025658824156,-52.84872872152238,3.590069398782603
2017-09-01,1.0717471999999169,1.071712849808484,-3.0695703854543233,1.9412226938371198,88.84669430704483,64.63995596353783,192.5268832522429,408.1893914160754,255.2034509823063,29.995166427501474,62.48465166681287,-218.3167301987298,422.88510974430864,274.6285795786376,-322.3506662162036,2417.7122058897385,293.0727964215459,301.98750258554304,0.3087980873765885,0.06428985934480705,0.1847311806838325,0.45069899988395984,38.922211412554475,38.840187541801626,32.15241599999751,31.010209774551043,28.837502585543064,19.92279642154591,47.72208663756601,-12.45982615626204,2.3454282613342627
2017-10-01,3.132702781049786,3.13262972856341,-3.4437353685263172,0.441912993969356,99.6767807984727,57.31388083670075,175.03913308893624,416.13901319470386,244.91056222318926,29.45488324883342,50.37258695298609,-208.19215890817568,437.31188267959305,251.95316077504515,-316.93438025006253,1798.1538717049912,295.4670232848719,301.20979107807597,0.6089302332526887,0.13842157716130293,0.20168373867092126,0.7003173606755478,45.01440820311014,44.857739937819986,97.11378621254336,90.64322131259867,28.05979107807599,22.317023284871937,64.98121947501738,55.11874966912721,0.828910320016135
2017-11-01,4.261773145941656,4.261650501944828,-3.680556618472531,-0.4581767978873528,106.53143684975637,45.541436583321804,156.29736005854357,416.96503395905063,231.47352911553955,28.266331297569916,43.96565186586025,-196.5400662210681,437.06267059802957,235.30451491470782,-305.7237378699699,1615.9152675536911,296.09406975059983,300.43064915711483,0.684003876949205,0.15841029653297772,0.27160020932396134,0.775230922852004,49.057515528677875,48.890079559303416,127.85319437824968,123.31164646831101,27.28064915711485,22.94406975059985,70.41922295526209,86.69789165168706,0.5015409221296636
2017-12-01,8.209200547180034,8.209125233989804,-3.550327961578505,-4.13019689325983,102.76178716740904,31.675630938595493,121.45515178205052,417.64306742289665,199.93255233194884,24.77720637794178,36.75267813068236,-169.62178560819726,433.8058763506988,222.55449957077042,-278.4366785566199,1136.5831666827758,296.19288645879817,299.35467550479103,0.7192567564242487,0.2194464821082606,0.3810940758891358,0.8317607239965252,51.814910885740844,51.55021537269575,254.48521696258103,237.53255885387165,26.204675504791055,23.042886458798193,55.882178985849464,192.2212613008017,-1.568310628489641
2018-01-01,8.584075505579213,8.584030214317787,-3.8083848683367876,-4.8051642259747185,110.23145353529716,26.279076520739366,115.8162138452106,414.4239055150566,200.34196492186268,25.086206079966054,35.012962729032644,-170.07206443246596,438.3707042576263,217.45819213268473,-279.81371440656403,904.7239646286378,296.0991646444068,298.72221111438455,0.7496656654603336,0.25870018050565197,0.3491611990820785,0.8568164004057146,50.876703485348465,50.63325426146965,266.1063406729556,248.38050388651004,25.572211114384572,22.949164644406835,62.3555222738793,201.9560009776954,-1.4514283526032017
2018-02-01,13.496141280554584,13.496063001261852,-3.3475592089238493,-9.386002969610008,96.89279262315561,19.91380761519756,84.39420796542944,417.7382389106029,169.58812813117672,21.62287259597357,28.90514700555657,-144.176310155953,443.88924378825305,199.95347098937617,-255.86368416266464,847.1638958690878,296.1737401606841,298.25465546413307,0.8088801180346504,0.34097273616558305,0.49075699303685955,0.9077747501263504,54.43115159766222,53.97282148781966,377.89195585552835,390.5110822124378,25.10465546413309,23.0237401606841,55.91021317328847,351.06393985052745,-1.5354370879567512
2018-03-01,9.447115668898327,9.447085099755064,-3.689197593332943,-5.27336975215135,106.78155690900783,25.072938048232306,110.31826496980626,417.8376371042502,191.8959640866167,24.095674769219777,32.39482654586402,-164.09389534263397,436.18330041135687,214.81581949064372,-274.06424944082204,845.7920720958726,296.4780140612367,298.9454125482112,0.7495295643138965,0.31155473831455766,0.3555055235261439,0.8516749125751584,53.23375493924811,52.93116607822547,292.86058573584813,273.35315682161644,25.79541254821123,23.32801406123673,59.24842995017832,225.9754560232571,-0.15542616047018498
2018-04-01,10.091746141169782,10.091670305789771,-3.4930159074186875,-6.252553007987325,101.10341963217773,20.043507134471014,95.63417265073656,415.50603466222594,177.0821059745621,22.14322995415787,32.00963674840756,-152.47345737418715,410.9921340523449,208.76853305943825,-255.95542870577736,814.1220525177463,296.34667998233505,298.57512796327813,0.8361486210746449,0.29081715564956867,0.3600824206941461,0.9025824949001755,52.3176735441147,51.996782918779175,302.7523842350935,292.0043491258614,25.425127963278157,23.19667998233507,47.18689564633911,238.77093128089192,-0.6831061408691568
2018-05-01,5.936198585513137,5.936184059437126,-3.5731039525204062,-1.835741404864027,103.42137445897394,20.022955580090002,119.17229211054922,411.26811683915395,185.99806798388516,22.54962307214486,38.200919134823664,-161.30945095270621,380.0330723463673,239.56524233374563,-258.5205087038777,1081.0437344713434,296.1095338990281,299.0718814347123,0.6128471935569415,0.2266079307012474,0.28868155990406563,0.7366093983488352,48.89281829096846,48.69929660468329,184.02215615090725,171.7645850531576,25.921881434712304,22.959533899028145,18.95526637013205,87.63427518549709,-0.3357982211813919
2018-06-01,2.0540725564284115,2.0539766369444856,-3.4928878541030985,1.521676154028052,101.09939207626515,25.566905455848353,150.0443756083201,398.40258090415364,206.60369149193681,24.043094591426666,52.23933470160386,-179.67177755323365,362.2495303251709,277.93415008794716,-271.43789175321217,1531.4791717558285,294.2663344677583,299.39757248314015,0.1835128165457985,0.11833315743590712,0.20222633046814723,0.3782917655413733,38.61345546476165,38.52849992825907,61.62217669285234,59.432194356032575,26.247572483140175,21.11633446775835,-6.496258334734989,-48.929601374483845,0.7661453195162835
2018-07-01,1.5755626791992716,1.5755068763342936,-3.070818709736067,1.3621923217430474,88.88312523658254,38.4679169991816,157.90291890404555,397.6645833781298,215.0075185304948,24.98361234291774,57.57139119334869,-186.99819923452543,369.10955263523334,278.6669208526195,-279.07475344796865,1926.3514419876308,292.91167097622093,299.9836304946557,0.20154563297628014,0.0934481880968957,0.20405166869338673,0.38546097184801587,36.77859237887513,36.69931147916773,48.84244305517742,45.58758322726544,26.833630494655722,19.761670976220955,0.4078325953491344,-44.96347521938057,2.075765805412601
2018-08-01,1.1592851177231718,1.1592695428905728,-3.1984754388278644,1.73946792197636,92.57808367277056,48.01852027933375,169.91276972294597,403.1772349049997,231.1156378589342,26.882148167450946,57.02586192572712,-200.15243455393278,395.1881530166217,272.9559919869392,-299.88042914238406,2118.2880704457502,294.01876251015887,300.5926224208956,0.2847592615565807,0.07710349927341965,0.18678948913031082,0.4416207004785092,38.073397492192676,37.98806173884752,35.937838649418325,33.54367890308371,27.442622420895646,20.868762510158888,26.924437155444878,-34.63993629034331,2.5299686761013334
2018-09-01,1.9983723135450229,1.9983088035127161,-3.5045752422540546,1.4483153614252369,101.4378501682191,52.69381600126758,180.0293856413129,410.367467678734,245.4683074394859,29.047230471576636,53.35120631782135,-210.06485178988203,422.64325229284555,265.17984943665084,-315.97329022219026,1838.3488446955441,294.98261771411694,300.8527803145867,0.37130557645558276,0.10930407023032819,0.1864519996779904,0.5140450341723085,41.72244592990316,41.61858654014781,59.95116940635069,57.82143528682628,27.702780314586732,21.832617714116964,50.79344078553942,4.595046601572598,2.5819793025739983
2018-10-01,2.744605361825579,2.7444919865324464,-3.7766340557678912,0.9125626062091015,109.31238813200613,54.366172403078416,187.2792162287848,416.1929375368036,253.9940894178314,30.47698209812149,49.80576485660019,-216.07178864278768,437.1978183479881,260.3254116421489,-324.5547795231076,1752.1088696130719,295.99149236838053,301.0498484101483,0.49137978935862775,0.12603525864144413,0.18494349158476608,0.6072420262436891,44.67536327763499,44.561832574418105,85.08276621659294,79.4123838695731,27.89984841014831,22.841492368380557,64.2293678809587,31.74190036742275,2.5874632511029176
2018-11-01,7.451599259885672,7.4514665629836925,-3.6545634620605583,-3.732223995368761,105.77902281631448,36.464489372771695,134.60432988685645,420.12052986294236,212.36390580258487,26.1672743787919,38.80916561536735,-180.2170625304068,437.03324073112395,224.96144375858995,-290.602433104729,1286.418090605248,296.4211813562965,300.06690621575297,0.7472711695614038,0.19393921641255257,0.321210324122594,0.8266002774425728,51.96057386374658,51.71780271495679,223.54797779657017,215.6095649011485,26.916906215752988,23.271181356296495,65.64098934613907,176.30714670501982,-0.8356152740467451
2018-12-01,9.750972004549407,9.750876319213171,-3.558573902925788,-5.59212897228985,103.00053294670845,20.963564321458048,99.52386017039105,416.40420167740837,181.48626694767776,22.83659502595279,31.634033782913942,-153.73013929807922,433.7429295695393,212.7284954147736,-263.895088261145,865.1024207790515,296.16557139661575,298.53087031123965,0.7257554147122501,0.27774902005441615,0.4520448586998499,0.850066876384557,53.16724886679556,52.860993838443605,302.28013214103163,282.14341201427,25.380870311239676,23.01557139661577,51.16659284637143,232.1774636669342,-1.8679917530012204
2019-01-01,8.986603921583463,8.986433231487295,-3.6736999160854036,-4.669044886004201,106.33323609096921,23.022197872418932,108.01489293658479,416.77489536621613,189.88279122999663,23.900418361111335,32.2314496788018,-161.21357574648366,438.2967424116157,220.59039742915724,-271.4188188218828,900.4294680314506,296.2507616303694,298.61593335414,0.6928899818759477,0.2850599656484911,0.4131560288332188,0.8397437165685712,52.74770446678214,52.47374791660532,278.5847215690873,260.02410970738697,25.46593335414002,23.100761630369448,50.828421392725545,204.89260290484958,-0.37330789570627587
2019-02-01,11.520597678028816,11.52048147094869,-3.4742421297228896,-7.568643652318997,100.55968365407865,20.9748952827929,91.4158824829129,420.15872632764064,175.9433233778813,22.40204058428657,29.397948483776457,-149.50700098240466,443.86980265738646,210.02107086836878,-262.0710272033886,848.8691550342295,296.46813828080434,298.674092906163,0.7882079452743154,0.33689492939039134,0.4697996718399319,0.8987881770615713,55.0786941669396,54.699596134194294,322.5767349848068,333.34726478439495,25.524092906163048,23.318138280804362,52.04995633501983,286.26306390357945,-1.4255264382433523
2019-03-01,9.548732777274628,9.548651620331173,-3.5682271135804826,-5.093248488113749,103.28010965601383,23.648851324215066,103.29083816270031,418.5175169655069,185.21564599607945,23.45978438901152,31.436824868968547,-158.40639374432087,436.3083465890077,216.07835532991575,-268.65338957988314,914.6411869339116,296.4514015245218,298.7955982060931,0.7659190445659546,0.29766723719522037,0.4203527263605424,0.8751205386095399,54.559378992014864,54.22503429006097,296.0107160955135,276.29200290310104,25.645598206093098,23.30140152452185,52.57503424996739,225.54631960193117,0.040607895123415005
2019-04-01,9.650019256966761,9.649829100937861,-3.588176519424119,-5.460500998262181,103.85748761908773,20.408972995216576,103.86705429008889,419.4023512491639,180.37179708128707,22.606760299973846,31.298555955265744,-155.45652333445594,411.22920653607343,221.94945437362563,-260.39837267277437,824.7019350711648,296.82705909196835,299.02083856178166,0.7236836795071213,0.2937560620040233,0.36128574598503854,0.8359742883036743,55.06363113259177,54.757887789703034,289.5005777090028,279.2195920410261,25.87083856178168,23.677059091968374,38.448918299148744,213.91951595620122,-0.10849323511411058
2019-05-01,6.181127052202561,6.181028002012202,-3.598462667033491,-1.8131948164452525,104.1553948074785,19.383897661166902,118.73086961281858,414.8625747444147,184.47060173609682,22.40292418364845,36.637861834903404,-160.09129218514028,380.2406393534777,244.7692981725876,-257.71660136266075,998.2199334497163,296.6762298188814,299.3146661799337,0.5999083270351214,0.24156027941805386,0.27388949532633433,0.718762048711066,49.659311297786125,49.459913607095984,191.6149386182794,178.84918987303828,26.164666179933704,23.526229818881404,12.947303190073143,87.72696037404145,-0.08586211840852798
2019-06-01,1.6686350868375512,1.6685846086944256,-3.588173973966972,2.8687184838076796,103.8572895836648,24.289193528550538,147.29679103078053,404.52552121613724,205.01085034090988,23.933031808530632,49.24321541156027,-178.33015533550895,362.2874123769073,270.60903345597666,-271.0725698743281,1787.4724695201094,294.84088864068923,299.8236600933616,0.33621310440826213,0.10172525015137672,0.22455834021746138,0.5070014741568253,41.34033256746011,41.24908521635261,50.05905260512654,48.28080464972296,26.673660093361605,21.690888640689252,0.46353641835145254,-56.05340532732372,0.9404568117333412
2019-07-01,1.4207018622133116,1.420589261853788,-3.3070575734686867,2.4720411378932923,95.72052230797867,32.63103532058682,154.21220018988436,400.1641910189092,211.17905800042143,24.561958746872477,54.19451080507713,-183.72907023372883,368.9512521933898,275.94619114875195,-276.25138742769633,1851.5650216444683,293.54767296472073,299.81978183227545,0.1516193582091851,0.08089346021760681,0.25095863538529084,0.3733377137609661,38.434044250103014,38.34926985757336,44.04175772861266,41.10501336382488,26.669781832275476,20.397672964720755,0.3051962789443792,-55.493314465295626,1.1830018000862168
2019-08-01,0.8696527877578445,0.8695880755319926,-3.2972723194889366,2.840907972443324,95.43749946954516,47.596446715878194,181.35155515816206,398.6764253838401,240.31622985340675,27.75351988333239,62.51407462746814,-208.0699970606823,394.93833296172505,278.84446513313287,-306.43524677150623,2477.348039963405,292.7977310999436,300.83122608417966,0.217327017640234,0.05981755295185013,0.17252585204418225,0.37331292475276673,35.82265197844346,35.7554322435776,26.95923642049318,25.161692000347006,27.681226084179684,19.6477310999436,27.590781638373358,-45.207002078615616,2.5219762477908176
2019-09-01,1.1777848147160417,1.1776733571859832,-3.350975517700984,2.758033701695533,96.99182742636157,61.501206462984605,195.06367956448324,410.8399672871261,256.2233573629132,30.18771943831734,57.99075845394646,-219.35648103336317,422.4463951608328,277.19654070293785,-324.2264051030499,2262.9061759486535,294.7446270496695,301.6620681469695,0.30166335304469855,0.08866845446997075,0.16731869555412737,0.4487051278523531,40.35512914597815,40.26665041482136,35.33354444148125,34.07619667783516,28.51206814696951,21.594627049669498,47.02986440011205,-18.758455038484897,2.8726886900705324
2019-10-01,4.4818031799775415,4.48185969472609,-3.851732881861089,-0.308271299650295,111.48607356117488,44.181784631454725,161.59682613174124,414.5613920669151,236.10401317740653,28.64449690143065,44.58926568337078,-200.67513880914572,437.1306594869936,243.4022387453255,-310.7729737409235,1436.7937704581461,296.09420165470766,300.00140056475453,0.5997602624157278,0.17911542919190138,0.20312328682283307,0.7114165243415967,46.421563060461786,46.26722778635874,138.9358985793038,129.68344024091698,26.851400564754556,22.944201654707683,67.37073499559799,85.15008674219476,0.41801493314532934
2019-11-01,5.276293168219139,5.276204337956049,-3.770187381766795,-1.0018723871869397,109.12574034936507,37.422671512133725,146.25644269542963,418.06160917324263,222.34987099059967,27.280377373320068,40.47772860492956,-188.64889601174485,437.05176612448184,232.16949517978372,-298.7289058492577,1399.1296383868905,295.93382597716953,299.6886490339755,0.6884700502035751,0.19593392912000496,0.271044149736539,0.7763020676001053,49.93899370173679,49.74224344379831,158.28879504657417,152.66794959363568,26.538649033975503,22.783825977169556,66.559410669474,108.4788643684281,1.6227555453165081
2019-12-01,7.19240933745687,7.192358742947714,-3.7992124298053547,-3.3590634530313292,109.96606320619992,31.17318414725608,132.22037966928957,418.9656958930828,209.7743528226021,25.939680075043285,37.101757697560764,-177.92332921192357,433.72906276081267,228.90899670137338,-287.7480052861287,1062.5124541226342,296.1737057415593,299.4595897603514,0.6499158510329404,0.2368827839360832,0.27318019471989535,0.7602965776104436,51.61019163468987,51.39335863982793,222.96468946116298,208.1122321454778,26.3095897603514,23.023705741559297,58.839008584755334,157.30285336312642,-0.31767583909319796
2020-01-01,9.224038299127514,9.223889559540373,-3.6195474172975177,-4.901075727732407,104.76567325044844,22.623322110817412,104.73860499921308,419.5176251658072,186.78366849656356,23.541328898447123,31.631502513521564,-158.59683205757347,438.2092574389559,216.34497731181204,-269.2015063765532,958.5900298356788,296.1294189109054,298.86778688411204,0.7338111552867665,0.27405819461049097,0.41210870243765346,0.8544193667264965,54.27660781861044,53.97390313250959,285.9451872729529,266.8949525329969,25.71778688411206,22.979418910905395,52.85652906474115,215.4094741645036,-0.42366581721395846
2020-02-01,10.835891965227718,10.835824212889824,-3.4847609241555637,-6.93616943575691,100.86409040017278,21.692254284272565,97.41587474994292,420.98633291160303,178.3735987042848,22.726599594927038,29.798277908956372,-151.72215525805655,443.8128815824699,217.59377596793368,-264.16930105388576,918.4718844245838,296.16111561809566,298.7515563444192,0.725583544406528,0.32865499786708646,0.4651055858168098,0.8583340082076203,55.464940807043874,55.10520435281246,314.2408669916038,313.5365802340806,25.601556344419237,23.011115618095687,46.57552508595208,259.88048225520504,-0.6324673353451828
2020-03-01,11.954387314354719,11.954303914158952,-3.5368150995859593,-7.798164352178546,102.37093275341493,22.992704765356613,100.72739084211219,420.98135955519143,182.14747749729204,23.096328718823393,30.64734852646719,-155.8232362763234,435.85562832538744,208.11627387591787,-265.69707081207974,1024.6285137772268,296.32926709026935,298.97864197851976,0.7944212682771981,0.269644903386183,0.4437649624118157,0.8856655863596723,56.22894253811198,55.82126100214574,370.58600674499627,345.89999751617336,25.828641978519784,23.179267090269377,57.580796936161875,301.2976114678356,-0.1877497689153529
2020-04-01,12.080788789537776,12.080712360265933,-3.434278654852591,-7.654280678607909,99.40295004398185,17.635562244361175,93.61294616641418,419.85742703312354,169.889816706027,21.424644980324523,30.026781173704762,-146.30379164795642,410.43138274144843,207.23541181182947,-250.0363597171772,932.0508820019246,296.4507403364801,298.83530205404753,0.8070096879024868,0.2870339171377658,0.41877659027951325,0.8839388393853149,56.196340532617825,55.76756479874246,362.4236636861333,349.55764931325035,25.685302054047554,23.300740336480146,42.800947905347726,293.7171489887076,-0.7615018140913747
2020-05-01,6.167265307189224,6.166969099915374,-3.6184965053072693,-2.2130183789980427,104.73525396599364,19.741859144962024,119.55489411166974,416.5780242626274,184.77777375365042,22.519403578753458,35.670392955799464,-160.385027234169,379.54069291005527,239.69217581360095,-258.4218021502802,1093.2503886817772,296.34338938677183,299.3155385474596,0.619110415893147,0.22089758408751012,0.3123725121131484,0.753874944244082,52.14782318125639,51.93407718071975,191.18522452286595,178.44239293736615,26.16553854745962,23.193389386771855,18.729626336679246,92.19924414063787,0.23752116741388818
2020-06-01,2.6725947057220196,2.672416397018585,-3.5854419748258985,1.4253234729997148,103.77851130183795,22.800333064926328,144.1658763759427,403.66204571467466,201.38854985281776,23.523258484902126,47.672334531261534,-175.19390966419505,362.1186983472844,270.3947856387682,-268.24336186633315,1530.0588712534977,294.72568323958495,299.4200018132318,0.3048895581716994,0.11972123948838773,0.23389785771451588,0.4788935782004254,42.021901889427724,41.912486866283786,80.17784117166059,77.32686333965812,26.27000181323183,21.575683239584976,-2.1514237724350664,-29.54580250078415,0.9427307661692481
2020-07-01,0.49814995642973514,0.49812697742186157,-3.3802435713459453,4.010521593706007,97.83914917395923,36.76089000725159,175.6348813016653,392.90578979603805,228.13831805655929,26.232979994318026,61.595821792961594,-198.48911235569275,369.38915062112005,284.9682138341033,-289.1742606819223,2100.8174933589144,292.49961774649586,299.8138267234188,0.11523682254899602,0.04168994873247713,0.18154185950369892,0.2847929369379263,34.768815511342396,34.716628771639314,15.44264864932179,14.413396337438124,26.663826723418822,19.34961774649588,4.206046847818982,-81.51295737022245,2.293251381520335
2020-08-01,0.6714176845849641,0.6714286891704393,-3.242544608787119,3.016050450508847,93.85320392648158,49.684503461844876,187.93632045067824,395.39766361164726,245.48099058526404,28.195578032925287,65.4539764069568,-212.55039183171917,395.64822662618593,285.6691733143905,-310.02070764324867,2741.0624936115673,292.29332275683225,300.6322394207697,0.20729268360668912,0.04399656059883618,0.15872446767749507,0.3447433753094336,34.14973514377437,34.090381970085886,20.813948222133888,19.4279134597928,27.4822394207697,19.143322756832276,24.35153432885818,-53.6324641742665,3.5587080364359025
2020-09-01,0.9514398059574269,0.9513499953561678,-3.4072623579627463,2.6697403195526506,98.62073333223407,57.874286825228616,198.71191980196258,403.4634485188598,260.4962205452364,30.482692205109597,62.5810309301194,-222.8683004284804,422.9771248790212,278.9696190709609,-326.28399098523744,2357.239194620023,293.2236234373575,301.111668846493,0.2547267170786281,0.06821794860146589,0.15165711177800467,0.3832534740418314,37.01312096832751,36.93928942715589,28.543194178722807,27.527488291555784,27.961668846493012,20.073623437357526,47.314371914276535,-27.57112246730008,3.792249340898337
2020-10-01,1.5836751463932144,1.5836163430761794,-3.5564076424415916,1.947692396068849,102.93817803335232,61.19715813725255,196.2783030824315,413.23955420317805,261.1358011604474,31.33162985086716,54.3734962173354,-222.08472553436567,437.2516856900001,260.87183911340907,-329.11071678517266,2212.22741305342,295.00413114542437,300.84709609976096,0.4973616346992672,0.08303536281767807,0.18649763280218967,0.5969146576363887,43.08376138965736,42.97499886877961,49.09392953818965,45.822232149195,27.697096099760984,21.85413114542439,68.23887767176359,7.547038641180869,3.5758931464254005
2020-11-01,7.266354331380463,7.266306829693266,-3.872700714196186,-2.667234171413677,112.0928884521244,29.699376895873844,133.01326628269527,416.59163657364826,211.46119245026472,26.104998639146114,38.50760548958741,-179.322383898762,436.9111884440983,224.5186672999108,-289.4723190150565,1316.2371133691056,296.0373197364254,299.45317740684885,0.7160937294918209,0.16477052842011491,0.32904478357249806,0.8026169661417052,51.130724181171786,50.861625542950165,217.99062994141389,210.25193372955053,26.303177406848874,22.88731973642541,64.9536517151457,164.09018393139547,-0.9774869388236311
2020-12-01,6.357920850905029,6.357888385872128,-3.820439754805633,-2.145666941208459,110.57992102442246,28.65976732303823,130.4892399275545,414.6137982662834,209.50595230442082,25.942176768150766,38.44968343225136,-177.76257865432427,433.70174041677967,221.9549701888335,-286.2178688988048,1213.7413181035633,295.9694468054336,299.1223119683767,0.7653625473598552,0.1830822671903523,0.3244232469720807,0.8399093920319112,50.31441696084011,50.08824851491663,197.0955463780559,183.96667783194815,25.972311968376744,22.819446805433643,64.2628987099713,137.57644864288477,0.07320687461221098
