time,tp (mm day**-1) (Total precipitation),avg_tprate (kg m**-2 day**-1) (Time-mean total precipitation rate),avg_ie (kg m**-2 day**-1) (Time-mean moisture flux),avg_vimdf (kg m**-2 day**-1) (Time-mean total column vertically-integrated moisture divergence flux),avg_slhtf (W m**-2) (Time-mean surface latent heat flux),avg_ishf (W m**-2) (Time-mean surface sensible heat flux),avg_sdirswrf (W m**-2) (Time-mean surface direct short-wave radiation flux),avg_sdlwrf (W m**-2) (Time-mean surface downward long-wave radiation flux),avg_sdswrf (W m**-2) (Time-mean surface downward short-wave radiation flux),avg_sduvrf (W m**-2) (Time-mean surface downward UV radiation flux),avg_snlwrf (W m**-2) (Time-mean surface net long-wave radiation flux),avg_snswrf (W m**-2) (Time-mean surface net short-wave radiation flux),avg_tdswrf (W m**-2) (Time mean top downward short-wave radiation flux),avg_tnlwrf (W m**-2) (Time-mean top net long-wave radiation flux),avg_tnswrf (W m**-2) (Time-mean top net short-wave radiation flux),cbh (m) (Cloud base height),d2m (K) (2 metre dewpoint temperature),t2m (K) (2 metre temperature),hcc ((0 - 1)) (High cloud cover),lcc ((0 - 1)) (Low cloud cover),mcc ((0 - 1)) (Medium cloud cover),tcc ((0 - 1)) (Total cloud cover),tcw (kg m**-2) (Total column water),tcwv (kg m**-2) (Total column vertically-integrated water vapour),tp_mm (mm) (Total precipitation),avg_tprate_W (W m**-2) (Time-mean total precipitation rate),t2m (°C) (2 metre temperature),d2m (°C) (2 metre dewpoint temperature),balanc_earth (W m**-2) (earth_balance),balanc_atmos (W m**-2) (atmospheric_balance),balanc_surface (W m**-2) (surface_balance)
1991-01-01,9.693456867990186,9.693440377893793,-3.7618499907543446,-6.754773467492519,108.88451481771895,30.911238419894442,135.59662561214185,396.4213745771003,221.77186552405317,27.288235883429802,43.60223010215111,-184.46752279172398,484.2524756719454,232.5859456724416,-301.9968485181585,1027.6698882608607,292.7433999262913,296.7553263164864,0.5307373478896287,0.3579234615325428,0.32981346274344164,0.7400418139603102,39.97067277353881,39.66093124372897,300.4971629076958,280.4814924159084,23.605326316486412,19.59339992629134,69.41090284571692,239.93834099194692,1.0695394519594714
1991-02-01,6.78194052077564,6.78194477370481,-4.145746354480595,-2.7822158750006674,119.99607845502095,31.30451798747575,159.69001833560586,390.3119739672186,241.0514555250646,29.313965675261827,49.90344416908492,-201.91505553296983,460.2355776588037,242.06995238417045,-312.0211779645827,1325.3201354630687,292.6853041072606,296.80626575679617,0.4530815342402917,0.262184598462128,0.23807288687143638,0.6490225834492352,37.97523458616384,37.78231169283526,189.8943345817179,196.2368279428475,23.656265756796188,19.53530410726063,69.95122558041226,145.48096014685058,0.7110149213882266
1991-03-01,8.604196694606316,8.60416411290004,-3.25605393971487,-5.1344934864211895,94.24436078569099,21.10392421619356,109.48411368378784,393.66331968558603,182.42596893045175,22.44354316853005,40.630932114666955,-154.07286575771786,414.23636998274606,228.37491837695316,-255.23350771323953,1093.3980149321121,292.68538017706294,296.01486723153397,0.5684483834474829,0.3365064637759329,0.37386916500692163,0.7554524459417281,40.67884505330605,40.35797772241823,266.73009753279575,248.96308197048725,22.864867231533992,19.53538017706296,26.85858933628637,183.48366187991627,-1.9063513588336463
1991-04-01,3.9381345231502736,3.9380026902001752,-3.0844752269302815,-0.2474158476693301,89.27833808990175,23.964982060188866,134.00054577781978,376.3215552988941,192.9894601694886,22.829775820356602,52.584092153042114,-163.8527433550477,353.1155377991952,251.82608627013346,-248.6900604943877,1412.90072546999,291.1709435709011,295.15120025560634,0.4109163489675805,0.24590231325960402,0.17817329823889919,0.5938482655383172,33.562170539963994,33.41952974772106,118.1440356945082,113.94683710069953,22.001200255606363,18.020943570901125,-3.1360257757457646,23.507142183137063,-1.9746689480850534
1991-05-01,1.7386088230505405,1.738583284888026,-2.3308856180065707,0.418833844289242,67.46607525108587,17.25557446678191,118.93106511016033,352.48537229084883,168.30373401613977,19.062965471978274,61.73048866811673,-143.23606267718793,298.0427858113751,270.883406145436,-213.73970671385263,1750.3095191427271,288.3614659686578,293.05822065883973,0.2257113631947767,0.2253663405474696,0.1329717165248299,0.42892221208477327,23.608227539790064,23.511047777244453,53.89687351456676,50.3062293081026,19.908220658839753,15.21146596865782,-57.1436994315834,-71.0874696657701,-3.2160757087965663
1991-06-01,2.3715363945973684,2.3715203012968704,-1.7514697747660894,-0.7686882075495167,50.69493208547093,15.833149254733575,102.78045625338757,348.0807288070858,148.5595265862341,16.48428064187536,62.57868772729377,-126.41847469729703,270.39393885448493,260.5401965358055,-192.23700745942614,2311.1535552810897,286.90702865462885,292.31562914890344,0.2965656118737219,0.18806351408964023,0.17039775840964932,0.4626299385812486,23.534060667774927,23.417141800376026,71.14609183792105,68.62037908845112,19.165629148903463,13.757028654628868,-68.30318907637934,-47.68944770319793,-2.6882943702012483
1991-07-01,0.929839713679213,0.9297822570808775,-1.8149705798860007,0.5216044644386068,52.53328994825983,19.3556473893483,117.56076728479707,333.87765714534754,165.80271357718127,18.098413770641276,70.43658279880238,-140.80689274591967,281.6598998413478,271.8840897275334,-207.31238819995642,1783.0526231058261,284.6940797531964,291.22959528722726,0.1434172194755587,0.14220830809009655,0.1415070968768599,0.32855925428015254,18.696246988436048,18.637133674887973,28.825031124055602,26.903421790534647,18.079595287227278,11.5440797531964,-64.571701527577,-88.68294229481137,-1.5186273904908347
1991-08-01,1.2731548505034027,1.2730112091458365,-1.8283953666379789,0.44783683491734755,52.9216913579016,31.878872870134956,129.5898174874889,346.2055090068152,187.531140387531,20.944461236618203,71.31117935535349,-158.88313063172163,326.71750249968596,269.08472892377966,-234.72050526996995,2264.308220064186,284.71064586583196,293.33379402792133,0.19840856259196052,0.12779129844925305,0.22462085437694332,0.4305156988527011,20.65657890881304,20.5789580331806,39.467800365605484,36.83481507945129,20.18379402792135,11.560645865831987,-34.36422365380972,-53.22248698059161,2.771387048331583
1991-09-01,2.691980185714136,2.69190210994217,-2.2974323831692427,-0.9692299620692588,66.49779379483512,44.10583970540432,145.50507908774512,359.31407317180174,215.92668081274851,24.84202254253517,69.84917453670563,-182.95105184528876,385.8189666975946,255.50005766229577,-273.69337779776396,2319.7214939740834,286.5809968087098,294.6795853233323,0.33463971296506695,0.16336485070355578,0.1934957314064342,0.5030304227561098,25.744149271328194,25.612632052548467,80.75940557142408,77.89068605156741,21.5295853233323,13.430996808709835,18.193320135468184,27.087968583856792,2.4982438083436875
1991-10-01,4.464566108983453,4.464490604207325,-3.536984304942173,-0.901730468322708,102.37600038604513,35.38597557662576,158.16008953705676,375.62652913158036,234.45410355510904,27.913325556969767,57.564407903916155,-198.53256007750483,439.2561737569904,249.35970162349122,-301.3145102865587,1593.6239659873456,289.73735755312447,295.7803359155908,0.3860819866209409,0.2563298506104077,0.22972678179869083,0.5779456360342213,31.25998979683572,31.08295551009228,138.40154937848703,129.18086239025826,22.63033591559082,16.58735755312449,51.95480866306747,75.55349445636281,3.206176210917775
1991-11-01,4.649017238670289,4.648974353196005,-3.8325094279403307,-1.301229641811033,110.92970029669061,43.31610461929996,166.01844946064884,382.6147542766307,254.87209275103095,30.61181437114133,57.800858884618144,-214.20219119274395,474.20799195052166,244.4748688716829,-325.11582039465867,1499.2605489073314,290.99997828974324,296.81817860620833,0.4857885367996494,0.24213626738420393,0.21048987694035196,0.6474445113688093,32.979227650660086,32.81686456481117,139.47051716010867,134.5189338309029,23.668178606208357,17.849978289743262,80.64095152297577,102.07465766505284,2.1555273921352267
1991-12-01,7.841415164654026,7.841407016084427,-4.03859138471198,-3.5996074422752975,116.89436907997519,32.775412419397526,145.431224804616,393.99110188776444,240.18659149265636,29.387115234977454,48.599766369204296,-200.23926582691016,488.5040488822245,226.04833374068912,-317.08635174024676,1392.6375056855304,292.8968196949343,297.0390276468529,0.6109930121547585,0.2498778734963077,0.26232744686907944,0.7388977003780599,39.49819689506508,39.24357526812391,243.0838701042748,226.8925641228133,23.889027646852924,19.746819694934345,91.03801799955764,199.0664950840626,1.9697179583331348
1992-01-01,8.85494243726209,8.854850414937244,-3.827876531945114,-5.2508955178311485,110.79533948747391,28.62238617299167,133.14839019118216,395.90104844845376,220.66881099218375,27.08543029909445,43.67549350525199,-183.42525901842058,484.3139968382734,229.0419600896781,-299.93116098161613,1198.2345264477437,293.0076019572897,296.8851737624065,0.6512108190097688,0.342752234663821,0.33509550201924576,0.7916258635615284,40.04238424359409,39.723657066554786,274.5032155551248,256.21673654332307,23.735173762406532,19.857601957289717,70.88920089193803,215.97855809508417,0.3320398527030193
1992-02-01,6.908603159017261,6.908495019498948,-3.9923077546061485,-2.155249651223892,115.55479941485704,29.303866494065847,155.06271987998105,389.3531379853217,233.093976609904,28.23316848881888,49.56261537966042,-195.26902532574607,459.8182784581736,239.47160177745639,-304.2443731395278,1344.0343269772352,292.4192018849306,296.51909396538724,0.46029443051675095,0.2700065347876066,0.2793023308960975,0.6299469759428801,38.22945959773179,37.9668685080759,200.34949161150058,199.8985827401316,23.369093965387265,19.269201884930624,64.77277136207141,148.26881065018318,0.8477440371627551
1992-03-01,6.172092118759909,6.17211040721986,-3.6467305739142595,-2.314107376908837,105.55221687588619,25.440186274255048,134.24527450942324,387.2661053558139,212.84429358099962,25.756721193278388,48.78748045588657,-179.67703252786734,412.78261173909465,229.69706164197913,-277.7965891049837,1594.7697073050317,292.49363440975765,296.00373599879606,0.5967410822855261,0.21456003618846545,0.2575293666305434,0.7331997438407405,37.7924462418,37.578296360212896,191.33485568155717,178.5911576163154,22.853735998796083,19.34363440975767,48.09952746300456,121.24131928159423,-0.10285107816045524
1992-04-01,3.9503842869014134,3.950252338422763,-2.9431704684948645,-1.5472862717461457,85.18848903755014,21.28228842833407,114.94805842833304,378.70386982186733,182.31013333582518,21.59427727421865,50.1477871734425,-154.546568057902,351.5412666427576,243.02399927126973,-238.6791144207493,1520.2924894792661,291.3130940362522,295.0020890808514,0.4760323499171548,0.2611282495178337,0.17477844566591394,0.6550257155526951,33.61742360462281,33.4596230852352,118.51152860704241,114.30128294047346,21.852089080851442,18.163094036252232,-4.34488485052043,26.839905633827613,-2.0719965814247274
1992-05-01,4.5166768956761265,4.516666453703959,-2.3399248391706333,-2.4493058747007943,67.72770347504215,13.428969054755965,100.13121882975896,366.4634566317777,154.96469106146705,17.689316784521697,53.633923112141034,-131.7463506253016,296.91852671014414,252.04214956138085,-203.26402737515937,2155.5797368050753,289.95712386744015,293.772739722855,0.4005831526554104,0.23547494804235053,0.1709702934632169,0.5714994528023568,29.16589309313158,28.97375402991252,140.01698376595994,130.6905802576377,20.622739722855044,16.80712386744017,-48.77812218622148,17.22899961301161,-3.0442450166375465
1992-06-01,1.1999453574025014,1.1998624340524808,-1.930320884940883,0.8639571339560456,55.871851303239346,13.194624766947019,106.20879123673794,346.45853696524995,156.2721848078397,17.135573990143364,66.07170747727017,-132.83264034554534,270.16236974585473,264.4349820994467,-197.3687564303594,2855.241329033363,287.5727659146436,292.8717423779868,0.31130019749816035,0.12925074575237716,0.14017860312611619,0.4489222488782354,22.92211722373915,22.8502768873252,35.99836072207504,34.71824172605558,19.7217423779868,14.422765914643605,-67.06622566908729,-85.91429204435987,-2.305543201911185
1992-07-01,1.7346558289486185,1.7346781914610765,-1.672842328644872,0.008816596615684682,48.41905231985232,19.78290260579393,94.10629624856068,343.48395492311477,147.13402589472517,16.315339708928487,59.8469503584087,-124.79719813763634,282.38481923781677,260.59208634820044,-192.7896016618832,1883.0960843370563,285.33929514394197,290.8742198896762,0.26138801224785674,0.2318247506856605,0.22244694226093276,0.5008758052578427,21.972112473928988,21.858508709303543,53.77433069740717,50.193234706628374,17.72421988967625,12.18929514394199,-67.80248468631723,-62.77659515312257,-3.251707146418596
1992-08-01,1.8048485522422297,1.804864288441139,-1.9288070313167756,-0.4773694761575408,55.82785234505455,29.01951315967227,115.27168455720934,348.1746656126062,178.10948864081666,20.074312258905167,64.4671002291669,-150.7685143670489,328.06203436042057,255.65021096616962,-228.79330081404427,2094.0070661639393,285.8730875134319,292.2825483039721,0.3330764068707024,0.19216121929661442,0.2122294776137416,0.5297089293602455,22.878975156813798,22.764319121481183,55.950305119509125,52.22408242017185,19.1325483039721,12.723087513431949,-26.85691015212535,-31.91472871016324,1.4540486331551818
1992-09-01,4.851770915329,4.851819817019975,-2.676499810019722,-2.0520010210536843,77.46974835784673,25.027335503813873,105.7291705489938,368.45045547086113,180.2349842091395,21.339535360634695,49.59624733657462,-152.60025565776098,387.2471320439861,238.6116836267592,-247.26103441286853,1421.1305951795948,288.73045136246634,293.0247683078098,0.45514757774288295,0.3097490350909342,0.3230146121090391,0.6705766616216763,29.736161255655563,29.497812306633975,145.55312745987,140.38830489062428,19.874768307809802,15.580451362466363,8.649350786109324,71.06098285936112,0.5069244595257629
1992-10-01,6.017850635761514,6.017774363813071,-3.495371492212923,-3.585870553880299,101.17134771355236,29.561156506485464,129.2761700973722,382.7935490727194,214.31681333553024,25.941496413303863,47.660346653300735,-181.43648866912793,440.32810552235605,236.6340393714042,-288.4606670384177,1301.7264416875823,291.22527244100877,295.35771842289927,0.5305328827077501,0.3266382572940485,0.23050116754689556,0.7295125747265474,34.263470073179086,34.04991547018131,186.55336970860694,174.1254156195912,22.20771842289929,18.075272441008792,51.82662766701347,121.73705777726293,3.0436377957893654
1992-11-01,6.770621082313127,6.770548913018006,-3.797737153030643,-3.008312859311479,109.92306163502958,30.51979542584228,135.0860428312946,385.3102811418661,223.84449910334627,27.32591984696224,46.82270714337523,-188.14003436066832,474.74941798421304,234.39960291384423,-302.3866339203946,1210.9680064641432,291.3135540217662,295.6353689209049,0.5457245867874178,0.35022908385182605,0.30672078294971433,0.7366132554895949,35.32786053519327,35.06148480796971,203.11863246939382,195.90708660353025,22.485368920904932,18.16355402176623,67.98703100655038,153.09658581862982,0.8744701564212392
1992-12-01,5.010120636332565,5.010090477664145,-4.227687161976488,-0.15567699565498122,122.3678718853629,36.4609561179533,172.71715926936693,385.7150477414691,257.4980957455365,31.21866126347456,52.68579447544262,-214.82556032236636,488.5744992812951,253.5614876353254,-329.8816518657688,1309.9218066017834,292.04544470921167,296.5770470571569,0.48094524520609216,0.3039952972852833,0.24131989349080307,0.6771021898605736,34.484422526074574,34.300538808185,155.3137397263095,144.9678957657449,23.427047057156926,18.895444709211688,76.3201642304434,95.60925026721786,3.3109378436075474
1993-01-01,6.190094550454714,6.190044338808396,-4.282351180993167,-2.0226440352198756,123.94996715426231,31.625391872270438,165.9804999396128,390.95561136725536,253.42135232646075,30.84631219874834,52.9156187922673,-210.84472358971405,483.86693571454805,231.13122928170662,-324.3148123904023,1927.6398423684743,292.6892934983812,297.3219532951204,0.6116005099219052,0.18146794394723603,0.2657240723087425,0.7231589951560614,37.37570838962856,37.153237456451215,191.89293106409613,179.11007924792813,24.17195329512043,19.5392934983812,93.1835831086957,145.98994943144754,2.3537457709139886
1993-02-01,9.70498577381986,9.704973504349221,-3.6045869197616116,-6.1428446852088054,104.3323710854503,23.269997480432163,111.22845630122225,392.5520143069566,200.35536505073657,24.743628282398948,40.96276140307838,-167.59477654597933,459.4797452168434,215.18691221666995,-278.62752933113865,1083.2225941874392,292.73427449952413,295.69627454067415,0.6635059861865613,0.30244198119267895,0.3823373293671779,0.817334627362568,39.70477090713392,39.387574685800985,271.7396016669561,280.8152055656603,22.546274540674176,19.584274499524156,63.440617114468694,240.8938050176602,-0.9703534229815318
1993-03-01,4.32286736120955,4.322816384906492,-3.8680271379195634,-0.5822135622298341,111.95790226491884,29.70022560582011,165.28870073618333,387.08684290400424,233.20222622172395,28.000101672641062,54.29793430619758,-197.0920632920809,413.1561868404433,246.30430600493486,-293.9850978409072,1733.370067437906,292.63540390263245,297.00231465616264,0.44074943380974224,0.18403860097704694,0.20639158368861654,0.5919248073924591,36.21913445444099,36.07002647247409,134.00888819749605,125.08149261882211,23.852314656162662,19.48540390263247,47.68079183597234,59.66838107473126,1.136001115144353
1993-04-01,2.8884915732779293,2.8884485318918074,-3.136652564683033,0.7132975502761393,90.78835172181716,23.46346230993453,139.45374835670472,376.9505646416313,197.1747370429347,23.187106553915825,54.936959542658,-167.37145448631918,351.9648557831515,265.1627396267509,-251.55276663727955,1326.5769433602766,291.8134981833802,295.8703966601923,0.25438225121249414,0.22480077025796352,0.15857264081648623,0.4570646490339572,32.54268752139635,32.435096149574434,86.65474719833787,83.57779316816573,22.720396660192307,18.663498183380227,-13.609972989471373,-19.003212455032298,-1.817319088090514
1993-05-01,2.383595568610648,2.383556069903118,-2.2687843594841035,-0.3037869387762511,65.66865272322202,18.881447453451738,118.37248503280252,350.08869308556655,168.57266319327667,19.027576922644602,63.772739756423135,-143.3705283806094,297.2079849009199,265.09564375241195,-212.54225500261703,1943.2541643794104,287.82985955662116,292.79959027128876,0.2436003326318515,0.19364894432441693,0.15129105805195642,0.4269307207752465,23.27422377791684,23.153635603745606,73.89146262693009,68.96863628191892,19.649590271288787,14.679859556621182,-52.55338874979492,-44.30109363861051,-4.952311552487515
1993-06-01,2.2372808117133305,2.2372620989467813,-1.8226669693668733,-0.4436543912871415,52.75565249365704,13.175035552436823,96.783676540571,341.13231806886165,144.97378358155802,15.956477261343302,61.21598946245215,-123.21323555764957,270.17055208276344,262.23259991439187,-187.93399376725648,1827.233448770821,286.4150918377967,290.99676560434705,0.2747518725923966,0.23495182800542153,0.16491202803019864,0.4729212771151626,21.173872712906693,21.044660285070265,67.11842435139991,64.73559314082121,17.84676560434707,13.265091837796717,-74.29860614713539,-58.38522354907478,-3.9334419508964444
1993-07-01,1.296655846448004,1.2966109602330314,-1.714815620504626,0.66877312520856,49.63445031179899,21.252518787678543,110.75123472924714,338.34207022480786,159.61558515644708,17.584063018669227,66.91577643739,-135.55459762147888,282.0849044190509,265.5993429744859,-202.86156747884982,2577.8857979967115,284.98879032890414,291.49006849613016,0.25458835007423575,0.15351145599939983,0.18493980830351578,0.43082598258844235,21.17389347397569,21.08004810717045,40.196331239888124,37.51767824748355,18.340068496130186,11.838790328904167,-62.7377754956361,-72.60639964456288,-2.2481479153886497
1993-08-01,1.4812325244252589,1.4811059188865192,-2.067320907686811,-0.2247638615306861,59.837082498103065,28.64375089800339,131.77410539221472,341.76513993318713,188.95045602283608,21.100951209880968,69.20606134854387,-160.19489249854126,327.5531533546729,259.2342396426374,-237.82771960338775,2682.7957169046945,285.2782260657787,292.2933101548173,0.30480541143059986,0.1466677171121272,0.16275568866879647,0.44276454653191155,21.892829234065996,21.797146972639805,45.918208257183025,42.8560740418553,19.1433101548173,12.128226065778733,-21.40652003924967,-40.895526249388375,2.5079977538909404
1993-09-01,5.259480802272601,5.259418011536559,-2.621916188759289,-3.131899159045472,75.8897517013136,32.541169159245925,126.18928990089755,371.92241363586896,195.72485699665168,23.079263534938942,54.74765487618147,-165.78559140783108,386.69731612995054,240.36700505285273,-261.2401824874243,1967.039301450442,288.8445571261638,294.3306796246635,0.4630871965132415,0.2670647288219291,0.2306331598717964,0.6282345423361518,31.578764864951996,31.375126674319926,157.78442406817803,152.18223413010878,21.180679624663526,15.69455712616383,20.873177434571573,94.55864419227667,2.607015671090082
1993-10-01,3.6241387585643556,3.624108254876854,-3.600601074383756,0.04039564275152918,104.21727678629814,38.791709531372156,165.35680238323846,377.7563218843061,242.96929555456322,29.016218107791644,59.00828069549191,-205.95844120814567,439.8792356262297,242.8120196368344,-309.0351694503446,1963.4102182414056,290.447605568177,296.2748392563986,0.5158347807357199,0.21472767678352592,0.18551162880519156,0.6505695845275968,31.930652637589887,31.77759878633247,112.34830151549502,104.86424348602007,23.124839256398616,17.297605568177005,66.22314981351019,62.928942318248666,3.9411741949834465
1993-11-01,4.234234921723345,4.234202672933915,-4.072191494780324,-0.6026109798684798,117.8673806395802,44.192932421104906,193.91366950731882,381.4329546549652,272.05020397884255,32.56866339272994,63.57279150143257,-229.08297695276525,474.462848254479,251.7314455651613,-338.2423794568271,1923.2659905029946,291.1469405994882,297.6420251775365,0.42999993911578704,0.149692349083906,0.18996034715976304,0.562085345480846,32.42746488637087,32.27459206619475,127.02704765170034,122.51743845294892,24.492025177536505,17.996940599488198,86.51093389166581,87.71111931438696,3.4498723906475846
1993-12-01,8.25405264192363,8.253988271832828,-3.863687140031653,-4.249858578411506,111.83188435647037,31.14968445764799,135.0442147875429,396.38024093527105,223.49808552790552,27.58716518810517,43.794992782222494,-186.51062174872206,488.4367134120699,230.1534800636186,-305.01849553011135,1139.0837430530487,292.9290302634039,296.8021514109998,0.5869764111729907,0.33912967539358607,0.32378199599068047,0.7694481252398669,40.091361491723525,39.78961925092796,255.87563189963254,238.83067916182952,23.652151410999807,19.77903026340391,74.86501546649276,202.1297501194707,-0.26593984761879597
1994-01-01,9.028112734956766,9.028076818909193,-3.81231038796961,-5.099235597270155,110.34482811561062,27.90114078287197,126.57609719981173,394.8497342088534,219.53957778977556,27.117402253447995,42.768852926122364,-182.49992354628804,483.89961662411986,220.2121142331816,-299.7773945491871,1106.1768509912495,293.0307721048956,296.54955765071287,0.6336817685186757,0.3362854426021995,0.3172762824288659,0.8028478168330737,40.08781256464082,39.783461976656845,279.8714947836597,261.2290746212151,23.399557650712893,19.88077210489564,79.56528031600547,228.96442509992687,1.4851017216830655
1994-02-01,5.657340945264328,5.657316229506636,-4.44411164474903,-1.1996591992297454,128.63223559183913,33.574840686908445,181.18887101241643,396.7327537133949,257.6785824009602,31.246065768902962,51.673271399632945,-216.07653581977394,459.6977232451261,238.9015769379035,-325.6034369388151,1454.3311047372954,293.92441894855705,298.12531666602683,0.5390209666255114,0.20197814212440726,0.17672650823924863,0.6639942987505548,39.957816978755126,39.794394189393905,158.40554646740117,163.69549275192813,24.975316666026856,20.77441894855707,86.70186000091158,119.56892901960715,2.196188141393435
1994-03-01,6.494638305400369,6.494621675323107,-3.500099104647897,-2.783088776729113,101.3080902179116,23.309319858326806,121.44996524602752,388.32752944268515,197.47954216872373,23.98415961954123,44.77014140781313,-166.68162672502748,413.540901873581,238.79099270312665,-266.80837179182873,1084.6159498457164,292.67132481628335,296.0944804020788,0.4975181263262825,0.3356040862680041,0.2627364693952748,0.7108267389444156,37.10661116727653,36.88613261414697,201.33378746741144,187.92308088319174,22.944480402078796,19.521324816283368,28.017379088702086,117.33829451300628,-2.705924759024043
1994-04-01,3.1036223940491947,3.1035582479576993,-3.0696786940675937,0.5787855239483981,88.8498057394868,21.747343343304458,127.97359003670957,377.5244546092535,187.60505445066394,22.214398971492546,50.74667944731962,-159.17327207253592,352.3998833209959,259.2934187432149,-243.95727317092758,1215.3176367902063,291.47366084356986,295.4433446882787,0.31464549214876625,0.28868455222320866,0.18204346446564487,0.5474915699676264,32.67967451520227,32.54856492942057,93.10867182147584,89.80203263766491,22.29334468827875,18.323660843569883,-15.336145572287307,-12.213362216534236,-2.1705564575749605
1994-05-01,3.113562957504273,3.1135399274413644,-2.2601702046969407,-1.036246280916425,65.41907616621168,18.847413177912795,112.25812679125264,363.64968220812585,161.19493250691244,18.42388726745905,56.47834413411537,-137.21491472804723,297.50842952133155,261.228441460981,-208.6614199549651,1684.4624596521162,289.70378673689316,294.0374110815382,0.28927208909185365,0.23185065990352483,0.17050387604001643,0.489437934872467,27.173143515567777,27.031296776148807,96.52045168263247,90.09085438198393,20.887411081538232,16.553786736893187,-52.56702150601589,-24.365324540051034,-3.529918750192607
1994-06-01,2.148416972617924,2.1484132979818003,-1.9229827177671974,0.09002556702587472,55.65946869159847,15.699567539000228,109.11762271986757,336.67665988100384,155.39855575516842,16.990413684378428,67.34575259594254,-132.1467996586903,270.19090791115804,261.6189432298658,-196.12699962924876,2418.7906042058084,286.04968315814574,291.2285919045612,0.2987462497931935,0.15931261319571013,0.12695920647335615,0.4342668264895119,20.659624485739144,20.549600576869476,64.45250917853772,62.164736631417824,18.078591904561222,12.899683158145763,-65.49194360061705,-52.42868649294675,-6.557989167850941
1994-07-01,1.6545002265716175,1.6544469944412847,-1.8607922841957967,0.4524588684174802,53.85955937309515,18.21727172119972,121.41297878478048,333.39150380941487,167.72289339644573,18.286017907542206,70.64853379074057,-142.45012081005976,281.79604293113306,268.64133873185637,-208.7820594623911,2137.3329157952808,285.0393232589992,291.6734236656236,0.1863637418601343,0.1396572926729049,0.13353519799102215,0.3375400235261568,19.097797417336075,19.012728986286692,51.28950702372014,47.87173016323162,18.523423665623625,11.88932325899924,-59.859279269465276,-65.57186440435312,-0.2752440749756886
1994-08-01,0.2821432936004018,0.28217459452728666,-1.958007287896414,1.5466036939504666,56.67314955686955,36.77464092599934,160.15899302610657,335.9291361198756,210.89668325343465,23.19349406159725,82.321419947594,-178.83759293792906,327.05568386505877,277.7698311393529,-253.73653365276175,3105.618988436087,284.3033566670465,293.43956215824596,0.2054903568715734,0.08341234457602767,0.09130643008721394,0.31506827483243394,18.596005551661726,18.562119151690634,8.746442101612455,8.164774147201582,20.289562158245985,11.153356667046523,-24.033297486591152,-75.6100554037253,3.0683825074661755
1994-09-01,1.023935255220326,1.0239299454680093,-2.3712519503465948,1.2115349117833554,68.63450843341718,52.12543300443686,181.99264743855565,357.5543950131229,240.83503164195295,27.494986503992475,80.07737125582788,-204.28898184626888,386.15920698288244,271.8854039172486,-293.09979760241424,2711.9013505229796,286.23962283349726,296.2246301201804,0.2143393366676133,0.11374359952141024,0.12702461453402933,0.35674740835485697,23.61463098115943,23.5323887274329,30.71805765660978,29.627602588773417,23.074630120180416,13.089622833497288,21.214393685165646,-21.244181312065077,3.451669152586959
1994-10-01,4.784849750452596,4.784818391617534,-3.1711451993574524,-1.876078268214078,91.78684908824651,46.49720722595159,162.86463446496197,383.05942316872256,237.11001937113798,28.536597090361465,60.45045714112571,-200.97931266833632,439.44293295464263,239.6131478291265,-305.4831063509072,2055.456915946818,290.3090379056677,297.09009230275984,0.49924857928929645,0.19847542589101483,0.23743005541336992,0.6331705859994522,34.534017415744394,34.34250288220895,148.3303422640305,138.44960623893328,23.940092302759865,17.15903790566773,65.86995852178069,110.28791645945495,2.244799213012513
1994-11-01,6.672506664902838,6.67245590298237,-3.8576882150005214,-2.64337371737755,111.65842959593738,35.52055446014465,156.56188026567384,385.81728566952944,238.20650380854156,28.822568635080835,52.810539577849134,-200.56433104970293,474.1894050361138,235.83761730834604,-312.9490384626606,1707.1544983147858,291.4114453539806,296.7330505733851,0.5539858947864263,0.27784213632986454,0.2773799839319888,0.7096677832400733,35.044547444710574,34.78717676923228,200.17519994708513,193.0687471927769,23.58305057338515,18.261445353980605,77.11142115431457,157.94693133538232,0.5748074157717582
1994-12-01,7.770486894741538,7.770443396396053,-4.167115730735497,-3.985988501225614,120.61452086586233,30.127060003966918,153.31619236739743,395.17102230126585,240.32461341967584,29.477764168385455,47.54656858228341,-200.6317229227699,488.3135212773159,228.5259329369038,-317.10707152169584,1431.5774013477014,293.290193825403,297.5137696137132,0.6474432541008588,0.24005116507786373,0.3015049300415993,0.7599192676423588,39.46368065547424,39.18537325891804,240.88509373698767,224.83921864571914,24.363769613713202,20.140193825403003,88.58113858479203,190.46226289399158,2.3435734706572475
1995-01-01,8.329624182348432,8.32961429346949,-4.19140865820521,-3.959498721990607,121.31777364525644,28.044398991020056,148.0842404674373,399.8079464119211,235.4426913952185,28.99143037058246,45.29607376474426,-195.94157967910743,483.9783307482552,220.44980254908012,-312.5237300883801,1316.7361312050716,293.9309228091782,297.67241472022505,0.681016777148451,0.254838630189373,0.2983970646881627,0.787198015717873,42.02888818280038,41.755323924869145,258.2183496528014,241.01893210270512,24.522414720225072,20.780922809178207,92.07392753929997,210.49175271866196,1.2833332780866868
1995-02-01,10.655634083776098,10.655584182212785,-3.737783182786514,-6.180608219715639,108.18776095742743,21.944784375994974,122.89333762064723,398.8533490575787,203.2039066309703,25.16241688580146,40.007352871072385,-170.31497953893563,459.95829058768595,221.70327891046742,-282.27328681224407,1119.9883783409005,293.6467185814843,296.7886933317879,0.6019800061972768,0.3539801198448936,0.36672265546317956,0.749489503484826,42.16375412824197,41.7703732304252,298.35775434573077,308.32130156865696,23.63869333178792,20.496718581484345,60.57000790177665,260.52846717856534,0.17508133444084706
1995-03-01,6.070180375073084,6.070186225124108,-3.78717898840605,-2.6908751340121158,109.61767984597451,27.055977905241853,148.3453428510589,389.0889059584223,217.95883170710994,26.387352331397498,49.35735555559764,-184.1427889279446,413.965936092903,241.18978573102564,-283.1431568449799,1427.023102755864,292.72691074886615,296.7394297402844,0.4611375813119393,0.25961035151446554,0.22260508379292715,0.6514226567273865,37.93094588265803,37.73438536777611,188.17559162726562,175.6419625325263,23.5894297402844,19.57691074886617,41.95337111395426,109.86587817937547,-1.888224378869424
1995-04-01,2.978903870659537,2.978846467117882,-3.1017053036278073,0.891136462239887,89.77695783398568,23.66477955454845,138.76595651536962,368.31933545515926,196.50465930435809,23.006904208493758,56.43379368718203,-166.77283342635664,352.869513440613,260.35949470911345,-249.73441723574115,1419.5292930912547,290.4821244489982,294.6861725683083,0.26296239645613884,0.24130768410189674,0.17051679419483382,0.4771905128044057,30.517697703799758,30.386195955105713,89.36711611978612,86.19347416429056,21.536172568308302,17.33212444899823,-10.6250774733723,-11.1058634937079,-3.102697649359513
1995-05-01,1.5987772230944364,1.5986961794769858,-2.2118771706204674,0.714762310671498,64.02135888767724,20.558586212134596,110.20955856860768,357.3538920221365,162.0390925343581,18.480653824894727,58.25900650029546,-137.84972852550175,297.83992226766793,261.193388831874,-209.01771844312012,1759.5264967080566,288.6354227301999,292.9136701784543,0.3377240344679684,0.2601891656670012,0.15859722213352953,0.5370756441790694,25.352754001237628,25.24502727681098,49.56209391592753,46.25857000801464,19.763670178454333,15.4854227301999,-52.1756703887539,-64.94923619381095,-4.989223074605562
1995-06-01,1.434394414136133,1.434370924026108,-1.801692168747245,0.2689980977958031,52.14872131703466,16.338478547757575,108.8608527262347,343.48497314246214,153.83822756001865,16.947896927569847,65.05332066425456,-130.87113924045596,270.2391842005575,268.58600249269557,-195.7701313036176,1928.4621760328434,286.62267660527436,292.0734860490525,0.19079885482274248,0.1787382959429284,0.15142878507110355,0.3913369841925891,21.448119967629783,21.36497943099713,43.03183242408399,41.50378831094062,18.923486049052542,13.472676605274387,-72.81587118907797,-80.79142290658118,-2.6693812885908343
1995-07-01,1.4017773806908285,1.4017961666970813,-1.8820301748995978,0.8467816606952324,54.47401457950338,16.58131042069208,112.75378403075966,348.5100810226135,160.2202931373032,17.72596436546854,65.60527165144819,-136.1544497965295,281.53703855331526,273.98274239358864,-203.3907104003657,1985.9444568664705,286.78571214430116,293.1833937833292,0.14046069641242767,0.12596951723493635,0.22539936088464235,0.3823298745011753,21.33773007648766,21.254784591781554,43.45509880141568,40.56123167526277,20.033393783329245,13.63571214430118,-70.59203199322295,-83.99866804234941,-0.5061468551141601
1995-08-01,0.5650027669222994,0.5650600025109612,-2.152156612387919,2.0206727666641875,62.292791094541286,31.092330673160063,156.38552227702272,346.57084978983596,204.80286952060675,22.630616609917293,78.27559832255868,-173.703462081661,326.59156352808753,286.1514009236694,-248.92477588570557,2592.965062570408,285.72533171420184,294.93269344943826,0.10398400780566237,0.104338766694989,0.1557060851504629,0.29568292252728257,19.572518836618013,19.513315838161912,17.515085774591284,16.35011581339587,21.782693449438284,12.575331714201866,-37.226625037963856,-85.21204231051023,2.0427419914009732
1995-09-01,3.0820841885427317,3.0819507945845936,-2.4533839064831566,-0.9267699051324654,71.01185333172988,44.64519419327787,160.64681389477565,360.830564329018,222.40542189528094,25.593072178591648,71.25971311353756,-188.47883216742912,385.6585807790888,260.4115942780296,-279.08613049299015,2307.652396385437,286.4349274292884,295.1994170398822,0.2856576406593222,0.17866064215753058,0.19529453194202456,0.4596224306944234,26.447116863494436,26.29979992972968,92.46252565628195,89.17681697293385,22.0494170398822,13.284927429288416,18.67453621496054,35.277428327280695,1.5620715288838056
1995-10-01,6.78534639718364,6.78538840914243,-3.493424462664692,-3.5607178040525596,101.11506091830793,34.152755474889666,154.4278302317098,372.63214351031996,227.93944552405804,27.219130809815525,58.31554414728922,-193.0640568249306,439.0485520335708,235.77581202770176,-295.1991386035407,1886.3718711144627,289.435088124584,294.99880089836574,0.47815861562446993,0.24565343724983268,0.23306528318378614,0.6143065410771129,30.14372404507082,29.852773751848986,210.34573831269284,196.3364701719453,21.848800898365766,16.285088124584036,59.42332657583893,155.16403954503252,-0.5193037155562195
1995-11-01,5.13983387907392,5.139641944216594,-3.9783707653012836,-1.6171764204789272,115.15156346944846,34.7451633274237,165.07764905828228,378.8293615258837,246.96595400349534,29.840415156768444,54.71586091249272,-207.7797755576981,473.96131579220116,248.38775951854683,-319.39236073878817,1477.926518398163,290.7470798447439,295.77306928269616,0.4095716374792055,0.2556955498910315,0.25110883257200806,0.6124323773134164,32.127994070144574,31.924405273811573,154.1950163722176,148.71649144145238,22.62306928269618,17.597079844743917,71.00460122024134,101.40234134391206,3.1671878483331994
1995-12-01,7.308116167239941,7.30806206044432,-4.010809774875098,-3.539653812284762,116.09045710573838,35.868673777811495,157.33370526305328,390.4058990030159,244.29793712981595,29.849555917408516,50.071558100310945,-203.81878959830763,488.2376113560878,232.89274714163216,-320.17682727119114,1400.3448150411655,292.1645240478336,296.70780162425314,0.5686500693407744,0.2973954138345016,0.27341482109353626,0.7315351676380349,37.2543978295175,37.012953886422785,226.55160118443817,211.4601290637824,23.55780162425316,19.014524047833618,87.28408012955899,180.8656514731562,1.7881006144468188
1996-01-01,7.347877666669167,7.3478168862949405,-4.235349243744724,-2.6989501610705418,122.58961714808369,29.522273475670808,160.43308860111262,395.2029958627888,244.3768595966788,29.964333180752803,48.28869736695926,-203.5179483579026,484.05939006440053,228.6872447191107,-318.8261852685185,1413.0305786204433,293.363590305129,297.3273017273488,0.5923668337936481,0.22405116438410572,0.28359976182297,0.7203126388574251,39.40299581099535,39.14770244788305,227.78420766674418,212.6104423117749,24.177301727348834,20.213590305129003,90.13894054940778,177.04240534591014,3.1173603671888515
1996-02-01,6.959722810704896,6.95965513094565,-4.262511289307427,-2.332883023035144,123.37572452024926,30.614076591401954,158.90490285732648,396.68781694547306,242.05852452743343,29.609288894052458,48.39649870418226,-202.79518856596366,459.5600736939539,222.65837518536637,-312.9669266377265,1545.9607958485753,293.4933507614336,297.42421370750986,0.6692280508751588,0.24103778046404145,0.23277948046832653,0.7860518138515885,40.92052899264053,40.70251351501195,201.831961510442,201.37891003893662,24.274213707509887,20.343350761433612,90.30855145236012,167.9028482209173,0.4088887501301883
1996-03-01,6.927907749554115,6.927797929659017,-3.6119975503290993,-3.3310166041552987,104.54696734344061,24.872419818916047,129.60562820253503,394.3107332509694,204.519714669627,24.925880252470463,44.019047835314296,-172.79602147223036,412.5291120628634,230.32866824959743,-273.63576044075097,1156.5245442628018,293.23562657403727,296.5738387513459,0.5633955363765405,0.2989893232241027,0.25729061795808006,0.7330121876665566,40.392285812737256,40.165155339391426,214.76514023617756,200.4571160202262,23.423838751345897,20.085626574037292,43.307092191153544,139.85965439337974,-0.6424135254405883
1996-04-01,2.8558075077612783,2.8557793771653825,-3.2629793170247026,1.1856706256124767,94.44513805032229,22.496307889751698,145.2871583043879,372.6796771184973,200.31761280695545,23.454451686140196,57.40635550876933,-170.05679937657925,351.3104693253552,262.3708526361757,-252.46729846201228,1552.7840076000348,290.8294374661418,295.53745795785284,0.2713998363832727,0.2122658982025639,0.187242195848096,0.47312631269554206,31.05441078329962,30.932001185153723,85.67422523283835,82.63250512631315,22.38745795785286,17.67943746614185,-9.903554174163418,-17.425185025908476,-4.291002072264078
1996-05-01,2.195818449512084,2.195787281478595,-2.1844717619954084,-0.005172556349834929,63.22825062964554,19.500571627874628,106.12966437857946,359.0557573909592,157.65850035465724,18.05215987244507,55.897023951346654,-134.16420463437524,296.72910315918136,260.8826368748366,-205.12674865170447,1376.7286774406766,288.5591793505269,292.840653111935,0.283211437674421,0.2574653893202599,0.20742717111789383,0.5309984328583044,25.927729771694526,25.819563193008396,68.0703719348746,63.535511616857484,19.690653111935035,15.409179350526927,-55.755888223132104,-50.986985661428584,-4.46164157449158
1996-06-01,1.358998591953896,1.3589503617364134,-1.765376846742654,0.6467047207280935,51.097689844648244,19.218231608643936,109.25337915092778,334.72171544231395,153.98088647160492,16.83028682589515,66.92789618258531,-130.90256582571547,270.02069060219486,265.21119716109183,-194.78219676785815,2596.735480291674,285.21970668969203,290.59426409402414,0.2823807690650559,0.20419378598708438,0.15462572365174188,0.4548918781529823,19.39688989988016,19.303189382008025,40.76995775861688,39.32148037431752,17.444264094024163,12.069706689692055,-70.42900039323368,-75.8639580534024,-6.341251810162021
1996-07-01,0.5739938184421799,0.573893860934005,-1.6177898693944417,0.8540327471458244,46.82564802354121,26.010579202225518,123.98287681165934,329.51722557788275,170.18613065393538,18.530548334978914,72.97262518077746,-144.4957820304986,282.27365665019124,270.5810213580074,-210.6342708645256,2292.7334534757674,283.9285169332106,290.7024060498592,0.10748825036516661,0.12590546898637112,0.13724449934678826,0.3126886128271563,18.136783333855377,18.086947982957305,17.793808371707577,16.60572514276635,17.5524060498592,10.778516933210597,-59.94675049348177,-88.85360299821106,-1.3130703760455944
1996-08-01,1.3864891703104918,1.3864284388621597,-2.025608275800851,0.37094044465081666,58.63000836903329,32.964843424639504,149.1242682781038,343.90924697250347,200.94418380723258,22.334337529893983,75.64007182671597,-170.44033607193444,327.94897419140216,270.61718561547104,-247.48945007712263,2688.0047443316616,285.5120086383723,293.56656981927586,0.2011904110986041,0.13249296794429788,0.10765864092339958,0.35303315049260353,21.83880638431695,21.75845203513412,42.98116427962525,40.11656362448379,20.416569819275878,12.362008638372345,-23.127735538348418,-44.846592734443604,3.2054124515456763
1996-09-01,4.739416006521867,4.73932357981749,-2.809395476006355,-2.212303530847453,81.31619026405231,32.707979752043805,141.1985172005884,361.3967583794795,208.14029042566855,24.20145448512452,60.79565422898743,-176.36475002026725,387.10206174045186,249.2586143947373,-268.55927394545824,1846.5061483519548,288.0862085335269,293.8429345740852,0.3475809950973166,0.22634664919427058,0.2218438223174209,0.5441774905362564,26.47125170613085,26.231547322090595,142.182480195656,137.13320543453383,20.6929345740852,14.936208533526894,19.30065955072095,73.57274894601878,1.5449257751836996
1996-10-01,5.7755418466761705,5.775501260333807,-3.315245948973827,-3.0318900849819386,95.95764219604906,36.269975543770784,138.7640856014561,383.3975703789228,220.68309267350895,26.718255227278004,52.106993526895344,-186.88994243314582,440.13736186582486,232.39583286446182,-292.4905191662217,1551.230754935777,290.89915309935105,295.89557893768125,0.5610423892755413,0.27316127733903284,0.22678678772644853,0.7219480388097046,33.78144555041544,33.537237428502564,179.0417972469613,167.11519850502916,22.745578937681273,17.749153099351076,60.09468630175988,128.69691144430934,2.5553311664306335
1996-11-01,6.943959362739949,6.943829876739752,-3.7701860253926,-2.6524220891644976,109.125643055576,31.582154398841638,140.99118449828356,384.8054451516438,225.67338370895783,27.506725065701232,49.12710393003535,-189.82021346893995,474.52161452144134,233.73871379047043,-303.1290249370664,1350.267753334569,291.46231673304266,295.9508709561952,0.5479521940673361,0.3193347774575165,0.3187470723333174,0.7345551912822985,35.36676726189595,35.089399529936586,208.31878088219847,200.92100337788636,22.80087095619524,18.312316733042678,69.39031114659596,161.20035938441936,-0.014687915513050598
1996-12-01,9.248463267770529,9.248429185045984,-3.994793667228961,-5.83071853814136,115.62684032479918,29.39169689151881,137.35935965545661,396.1776912312544,230.28422042215442,28.536899911363065,44.10660577551211,-192.08131779843086,488.32752318078957,214.73986536152748,-310.5118135737477,1254.3931097021014,293.3734599118368,296.8035074034421,0.7062237120671451,0.29383316881769417,0.2699677519886791,0.8285327469379393,40.83712979873906,40.55557571661215,286.70236130088637,267.60501114137685,23.65350740344212,20.223459911836812,95.77194821222022,244.79394422219713,2.956174806600785
1997-01-01,11.690662056975368,11.690671330358727,-3.778033608541953,-7.459720313389279,109.35279936191066,22.823378423093185,114.56684687834513,398.65782582820356,205.83743268209042,25.749228395495468,38.73631801153489,-171.1941470357973,483.7546154047667,209.32607867237857,-289.3270489587241,1050.2629216221217,293.58936503059124,296.53888343161486,0.7136142769415694,0.3418538777262773,0.3934678693265221,0.8445793932507974,43.124445628178336,42.71945936298464,362.4105237662364,338.27173988306504,23.388883431614886,20.43936503059126,80.00097028634553,308.6382595682413,0.28165123925857927
1997-02-01,5.620831322208017,5.620734252342017,-4.32171555077395,-0.5178643465332753,125.08950172469169,30.807605139907533,172.7619189523515,392.1645578887634,249.1071668869676,30.309872669555446,50.8293144699393,-208.82517547348186,459.3562940179203,236.80865173155044,-317.2810710050404,1507.7574199768396,293.2010044119681,297.2528784143762,0.5496126476459756,0.20129089315890825,0.265551008629993,0.6880094809286307,38.75457684363977,38.55905201852654,157.38327702182445,162.63698646822968,24.10287841437622,20.05100441196811,80.47241927348998,115.92114987808463,2.0987541389433346
1997-03-01,4.7074117518470775,4.7073455307527166,-3.715922532890406,-1.2545656632771363,107.55507209451412,29.51732680774842,152.5733217709106,381.5508611450651,220.63987547802842,26.49498985789633,52.57524572933189,-186.44478820162792,413.023875256212,247.47668987567448,-283.8045569119911,1319.6178740769494,291.78676070577336,296.05898020522164,0.4186528831022605,0.2573936781117138,0.2559729890201348,0.6179294922890268,34.28063799075454,34.09096495011123,145.9297643072594,136.2079146629837,22.908980205221667,18.636760705773384,36.327867036316604,68.18356603475272,-3.2028564299665163
1997-04-01,2.491730324705776,2.49174478005492,-2.9250400334827957,0.9222551729335786,84.66338521750315,26.07205760359224,138.61426727782305,366.1307186032429,196.42020635995001,22.971508429452307,58.42027915794059,-166.67540282969287,351.8372168652461,259.6877618923269,-248.4761941681817,1408.0775314603802,289.93143263134516,294.59807856797636,0.3128483181851062,0.21682815373798317,0.2030943392300723,0.5235418679524833,28.205900008520455,28.089546881820443,74.75190974117328,72.09909664510764,21.44807856797638,16.781432631345183,-11.21156772414517,-21.295537147197564,-2.480319149343117
1997-05-01,2.3455714439201674,2.3455425026484686,-2.1657171082971165,0.08959855791051523,62.68529230345044,18.303122009708467,104.37041612049018,355.6106714934939,156.65511966596526,17.909692525303047,57.47791740460518,-133.2465858753973,297.10546528963744,259.46402924630763,-202.86756292662804,1516.9195695820179,287.6727176106932,292.6044205417752,0.2493630443070092,0.25007920818114354,0.25067989792259604,0.5325216091346862,23.366465585204914,23.23297894869302,72.71271476152519,67.86870667385615,19.45442054177522,14.522717610693235,-56.59646631967959,-46.19330610690709,-5.219745842366784
1997-06-01,4.475218138176508,4.475218352662608,-1.988511747198176,-2.478882006410294,57.55635351021858,9.623142389705759,102.2049767999458,342.35301595655096,145.7938918982443,16.101972709695005,60.00361056680585,-124.04811346497249,270.1076687887179,257.0273747985775,-189.2324286385519,1695.3345298700026,286.7481054305369,290.84811150944483,0.281228488801371,0.20543281731719917,0.18641959213345694,0.4423897621470638,23.51572982324164,23.328066495645118,134.25654414529527,129.49127177843195,17.698111509444857,13.598105430536918,-67.7949461600256,7.274965109945455,-3.1349930017576995
1997-07-01,0.7299291948495102,0.7299146361108929,-2.017395956898005,1.4692475379563725,58.39222861815593,17.139689605179697,126.44750100829812,334.4037453106876,173.12338722942854,18.792081381178672,72.87979623824879,-147.0324772658655,282.05666940535286,274.1476881961845,-212.79797125924475,2720.38079437443,286.0671305970726,292.0274858225602,0.16746791739106434,0.12709590111038202,0.11628829910332929,0.3359951038807372,17.38523796954178,17.32905329925981,22.627805040334817,21.120215165245742,18.87748582256023,12.917130597072628,-61.34971693693976,-97.24249319413104,-1.3792371957189076
1997-08-01,1.2224691409446111,1.222421904960386,-2.2043836144889575,1.369469646191687,63.80442473651938,29.75677543497598,158.3638656620782,333.68312352335624,208.75788353594905,22.901169643438934,82.08181161719268,-176.97818547581244,327.53640841543256,272.18681206956876,-251.29916688800725,3350.3221467601097,284.94085512656585,293.3050629044905,0.19912715253026653,0.1152698848455757,0.09537792795600529,0.30758878086040226,17.814096929776856,17.749502743292332,37.896543369282945,35.371004194455615,20.155062904490535,11.790855126565873,-20.88764518156151,-50.65623941074967,1.3351736871243958
1997-09-01,3.860019392313708,3.8600487847453278,-2.738926106046006,-2.2217627709578793,79.27646259791527,38.42327745645365,157.18551279811203,372.05013306232394,220.6891782687834,25.66096431000989,65.44149344154054,-187.1774037483731,386.6658315945792,257.1243619399366,-280.97111158811896,2083.006928542167,288.7426320591923,296.28570643691876,0.35350277772189664,0.16898202401309598,0.1636563850929398,0.4884146837190575,30.66619174778119,30.51892087822539,115.80058176941124,111.69122641045509,23.13570643691878,15.59263205919234,23.846749648182367,52.225343208258536,4.0361702524636485
1997-10-01,5.776356569259451,5.776277536767718,-3.5576877318792555,-2.450623313348236,102.9749721940138,34.923784007554964,160.33003564193834,383.94973720322145,232.75618954501377,27.91327744305996,56.10047169379324,-197.20097421084634,439.8179103124218,248.5558463824099,-302.03246219232517,2041.034372893816,290.58472612247533,296.5339414609516,0.44218019930450453,0.2665345896342989,0.21262790698790598,0.6258787702448779,33.524088763440396,33.30525915118504,179.06705364704297,167.13766020739922,23.383941460951633,17.434726122475354,53.47661580991527,114.43755750781636,3.2017463154843284
1997-11-01,7.88778299891041,7.8877320890553735,-3.837588103450592,-3.6432557114530875,111.0766214743799,32.987240541233575,142.83686143426613,398.72665382672363,228.39077942834118,28.130252429331353,46.29958239975492,-192.18595380147764,474.3747607456015,223.24685762501855,-307.7331532967759,1615.0992433927634,292.9494051411267,297.20037376182574,0.660494338466431,0.2802193613398691,0.3019881248942898,0.7957827552130261,40.93220136117678,40.640700990832215,236.6334899673123,228.23298868794484,24.050373761825767,19.799405141126726,84.48629567175738,199.82015349921306,1.822509386109246
1997-12-01,7.589486201707052,7.589512301038951,-4.33134642054722,-3.361934733751883,125.3682348150323,29.4234580368323,158.75020973507222,397.7120037582281,245.48589767969352,30.210856714786573,46.427307974275855,-204.92536680734645,488.3344705399489,229.600266445516,-322.7810803409135,1393.2997015510648,293.4683189919809,297.38192208903547,0.5837383091437541,0.2581515263717219,0.2603153581466605,0.7249869735880783,40.4304695475589,40.175352211250036,235.27407225291861,219.60394389580298,24.231922089035493,20.318318991980902,93.18081389539748,183.71015699496218,3.706365981205991
1998-01-01,6.594151802907958,6.5940573243974265,-4.489537911159506,-2.054907513462297,129.94680792644016,31.721261918018275,168.44406853214454,400.9805075294426,253.5903203242998,31.1526113965586,48.090289997470485,-211.16097005267687,483.99762363385264,233.7891047859567,-327.8215750797909,1583.8651418437998,294.0994085724927,298.04027989060074,0.5751561222878873,0.22392505341449143,0.22883516605254284,0.7232625791807937,41.416430040537406,41.20285390274859,204.4187058901467,190.8002698031663,24.890279890600766,20.9494085724927,94.03247029383417,153.48332195981232,1.4026102107479517
1998-02-01,8.864905591065817,8.864833285951669,-3.9218512826794565,-4.758772523244726,113.5154847516863,23.266883582578878,124.72491409001286,406.69666469837955,209.65497926710253,26.07962900862028,39.15229198935336,-175.56909487758148,459.77435112235594,219.05697465840294,-289.0699666247682,1306.261352042594,294.5896886549057,297.72632667525505,0.6737206651742377,0.3116130086404335,0.3198967330943947,0.8192053303401259,45.82886451832939,45.55143342330538,248.21735654984286,256.5055927648052,24.576326675255075,21.439688654905694,70.01299196636526,213.36866542552124,-0.365565446037067
1998-03-01,5.8435457015739365,5.843486907619719,-3.789002317412052,-2.0933208145723023,109.67061676705029,25.502579060337467,143.6662866778562,397.17623101668323,213.3159454186394,25.94628079621844,45.90160014720757,-180.27676878400743,413.58868451300197,235.5907072729369,-280.9565598680683,1468.873897242551,293.7270089206945,297.30182567431837,0.5309885048683639,0.25998361541490794,0.22046529884625693,0.6886045273816548,41.45272828419729,41.235739711140376,181.14991674879204,169.0823757991817,24.15182567431839,20.57700892069454,45.36585259513143,105.57563881785074,-0.7980271905879022
1998-04-01,3.7896730338620355,3.789607945902506,-3.1636207960326854,0.36285292030420674,91.56902427528658,23.6718739752065,135.94980232619923,383.39764521441595,192.8889026486901,22.83358249150568,51.29688244676093,-163.8121148412015,352.4251856606109,253.91966287444717,-248.7758215355233,1562.0169342159184,291.8977274383198,295.98590135860627,0.35753055804340855,0.2683273293174259,0.1801119723187327,0.5634022193914772,35.31629639687854,35.156882576752174,113.69019101586106,109.65300769393824,22.835901358606293,18.747727438319828,-5.143841338923863,15.665807935780308,-2.7256658560525153
1998-05-01,2.6456025870611564,2.645532985074552,-2.2966962386958083,-0.1956293730612891,66.47640511706997,17.688003132956116,110.22035226820574,353.9747214544038,161.03099882440685,18.28328032766883,58.82712494920164,-136.9881146134375,297.5350410024576,260.00257713929204,-207.02694942301775,1887.3839891739196,288.0795609331663,292.47119757885093,0.27984092226332186,0.2606433370364906,0.19251439542212664,0.5064910659222543,24.261404997723652,24.120439662189476,82.01368019889584,76.54898683664791,19.321197578850956,14.929560933166329,-52.97562771627429,-36.899627410906106,-6.003418585790243
1998-06-01,1.0578143714680712,1.0576931830407075,-1.8802696434136816,0.3055349231721122,54.422929213674315,15.737381325665993,106.9024453017533,341.8569413443892,152.24663335401232,16.78405021820029,63.3286682591333,-129.51230890354103,270.24421564842953,269.86612512025437,-194.72018638944178,2145.9215394492294,286.52274780851087,291.27615102885017,0.19059762179585618,0.192325688512637,0.1653015302866696,0.4260977630699419,21.716152750995004,21.639807465036768,31.734431144042137,30.604548120390838,18.126151028850188,13.372747808510894,-75.14593873081259,-94.98764992916347,-3.9766698949325914
1998-07-01,0.874868347663362,0.8748544113180902,-1.7998462446267205,0.9034810087011895,52.09526810786551,21.3900788803494,125.8593983706192,337.76744630663217,170.90950454685566,18.66782559578061,72.86366328914826,-145.16588835225485,281.8901240598156,273.838449249279,-212.23647617094974,2326.1878595964818,285.59475265749876,292.4013586660057,0.13245759225822673,0.12349207299679885,0.12626874480906666,0.30504767974312164,19.7083372445127,19.647512967037578,27.12091877756422,25.314074401565108,19.25135866600573,12.444752657498782,-61.60197307832925,-87.20004485952134,-1.183121925108317
1998-08-01,3.702690341696264,3.702568267609294,-2.3000492384173814,-1.3410740907783034,66.57346883328945,23.942496687744995,128.41959419035047,360.9913706188245,181.7295435521216,20.60872724970919,62.15694749910383,-154.09503508869327,327.18123139277657,260.77945198839825,-233.71165952556927,2266.1585914412426,288.06325743291075,294.1502260198499,0.30315856911804856,0.19077926393829694,0.20011041900096327,0.490532414888731,26.320701577612944,26.15800801870392,114.78340059258419,107.13449848406522,21.000226019849947,14.913257432910768,-27.067792462828976,12.071115119391806,1.4221220685549838
1998-09-01,4.560817595613408,4.560856738409645,-2.6315623448473864,-2.2765656349748737,76.16892439474088,35.543362794000764,144.1871274311169,369.2964962259306,208.64946042452578,24.359920926077915,62.358471804501164,-176.7777519185926,386.2956290744025,251.71999101686274,-269.59133933196335,2186.829068961789,288.21086421054116,295.01375961023666,0.3564699562738316,0.23281311077766642,0.22945173074107458,0.5374142926563483,28.686669016056875,28.458040719158483,136.82452786840224,131.96923432898276,21.863759610236684,15.060864210541183,17.87134831510062,70.9646653239927,2.7069929253497946
1998-10-01,5.936263603035765,5.93616037740981,-3.509870818346202,-2.329176440653474,101.59119821457101,32.918557647223345,140.2863957232539,382.84506428382247,219.6401714511162,26.620674308175428,50.28368199576773,-186.02125789802085,439.57299257776174,238.76020925485386,-291.5885205361686,1465.012491756459,290.8200420298304,295.46522788625634,0.46236690814550324,0.3058412539676909,0.26942172663637215,0.6834159484348372,33.38821383637355,33.14018470032079,184.0241716941087,171.76389980931162,22.315227886256366,17.670042029830427,52.82831128131471,121.77319283559655,1.2278200404587807
1998-11-01,4.535796809909093,4.535762633056188,-3.9325190195048236,-1.1936228079573947,113.82422447682315,36.34394171597606,156.27384841596535,384.4980858658338,242.00200245792118,29.358863040038116,50.94440470559309,-203.54746341736302,474.30752394921683,246.96867868674468,-317.1636707586049,1252.97351375691,291.30755653078086,295.96807160135904,0.45206684977866035,0.3376902907247924,0.23759784593703237,0.6728517137614956,33.075537222862295,32.88806371527796,136.0739042972728,131.24313174352395,22.818071601359065,18.15755653078088,70.19499207186021,85.17900681959028,2.4348925189707273
1998-12-01,7.849399134313486,7.849295843688907,-4.122070345221247,-3.8086140972278155,119.31079298071516,31.80391915898532,151.92131261543548,393.0182498514928,238.86731520768328,29.243601227727225,46.77096475565243,-199.3301338923043,488.4226446807164,232.35786190350606,-316.30809642622165,1159.6439114143461,292.81126472796035,296.707713396814,0.5390959351118818,0.30427767308035736,0.2931235429303769,0.7225678464801243,38.41233835966968,38.1311955610975,243.33137316371807,227.1208288104429,23.557713396813995,19.661264727960372,83.95023452271559,190.31581335549197,1.4444569969513736
1999-01-01,8.514229027124202,8.514144588299342,-4.193263346858134,-4.155035433568543,121.3716026437516,28.14358994237019,150.28336081429654,397.3618235267506,236.8000272904688,29.151520579282856,45.69522770903495,-197.00351277375086,484.2112103744463,223.973264327868,-314.0153291129971,1243.200847562317,293.5157876874399,297.26820747988353,0.6328190697565845,0.2917645220702914,0.2902788427895407,0.7464078410888266,40.83677774008059,40.558095762900095,263.94109984085026,246.35835035588372,24.11820747988355,20.365787687439934,90.0420647851291,213.2357200186671,1.7930924785941045
1999-02-01,6.938716609767716,6.938701232456196,-4.250023327751188,-2.430907391303848,123.01425535759203,30.057506955134723,160.58209053333263,395.7715508968412,241.64695686982137,29.56447719836456,48.958527614820035,-202.45715024368332,460.1633132092991,227.1585025616088,-312.48911070786994,1660.1362945772555,293.60260052450786,297.377540536635,0.6465390714942331,0.2309059115669381,0.22952582409054761,0.768518808324129,40.04005073466766,39.823564995328816,194.28406507349604,200.77260510579268,24.227540536635047,20.452600524507886,85.33060814626114,162.66209757832527,0.4268603161365121
1999-03-01,5.191261101298189,5.19121990917936,-3.7606420275578216,-0.907031054710881,108.84937401005001,26.78992589141765,148.17692607630184,391.9100143936848,216.94865372261702,26.32820408097249,47.64607865059309,-183.43430960381312,414.1288672965043,247.26361263777682,-283.22880352148087,1186.2269031007002,293.2786509175495,296.91267285708346,0.47738601980200757,0.27186371085095795,0.2423947271771605,0.6634280479302161,38.53743554482741,38.35540946201915,160.92909414024388,150.208909409125,23.762672857083487,20.12865091754952,35.965190883704054,77.17579523102668,0.14893105175235632
1999-04-01,2.3543701804038863,2.3543116125589485,-3.2001105825288305,1.4124715595678419,92.62523532976164,28.426318556207303,157.94028144381952,366.0310035734255,210.6591425930503,24.437827981650887,62.28187140611379,-178.82809364471618,352.9932242527068,264.0544020246636,-260.2024664213406,1844.228759642208,289.9927202550009,295.0371868321136,0.27090304488233097,0.18613640321436767,0.1546428963551648,0.4595066095356847,28.838251819853497,28.7332032662516,70.6311054121166,68.12244249302513,21.887186832113628,16.842720255000927,-3.8519356033229997,-23.849396792692943,-4.50533164736656
1999-05-01,1.0968887464564527,1.0968624343945454,-2.1936733517180307,1.6894920614145978,63.49441706432852,25.434837653266055,135.00125411777898,339.2427441441585,181.3350898212426,20.22918304342643,71.4672210111041,-154.28341069831683,297.94937103135254,269.704724572835,-221.79060704703576,1929.892299440425,286.3136507757461,292.0448762303766,0.17753617362376353,0.15434463987907815,0.12350476289471117,0.3540432609292728,20.684335126676324,20.610629444549758,34.00355114015004,31.737917661879205,18.89487623037661,13.163650775746135,-47.91411752579924,-73.5575518978667,-6.113065030381854
1999-06-01,1.812112865630608,1.8119716885116435,-1.6355332409800674,-0.5022028448098484,47.339371449989166,18.563123679921546,103.41089692371312,343.79616939650475,148.98821535243118,16.497553353441266,63.06793114636986,-126.71334721904299,270.36819932891336,262.98602942262175,-192.17683180851284,1977.7211348663702,286.2968316649752,291.49220652166326,0.24245361657263556,0.18583489205942458,0.19184844286562147,0.4492620338205961,22.31838762179029,22.207266380721034,54.36338596891824,52.4297363573971,18.342206521663286,13.146831664975196,-70.80919761410891,-63.4617536494634,-2.2570790572375827
1999-07-01,1.1732490754880591,1.1732213620580505,-1.681195234078311,0.8511882115183551,48.66101338114676,22.01665949525409,111.4830765710876,348.55471979770465,157.9917209570501,17.530251486483568,64.07406430140401,-134.22420700539527,281.7092124581302,270.9999646293181,-203.08840923680677,1821.9493574606229,286.4327356895412,292.5216375643047,0.1474938715541838,0.18091055271639803,0.205146610318115,0.4012854762222766,22.771008939078772,22.686254731685757,36.37072134012983,33.94737737436488,19.371637564304706,13.282735689541198,-67.9115553925113,-82.09766122688359,-0.527530172409584
1999-08-01,0.189346570285776,0.18928490513555238,-1.8979980823895135,1.9094789832749768,54.9363603581736,37.97838644844997,160.17066328055458,331.6731311992522,209.8417160493887,23.009828797052705,84.23681308965334,-177.94546820880288,326.807689608667,282.6426295864971,-251.84884205334473,2231.129282392025,283.4053157562016,293.09312341894855,0.043196756638869405,0.09816616300849715,0.11282637963315126,0.2159378111664775,16.589070056429208,16.556455747528954,5.869743678859056,5.476993782857418,19.943123418948574,10.25531575620164,-30.79378753315237,-81.04706242099452,0.7939083125259714
1999-09-01,2.3809936655753936,2.3809659846847393,-2.767183457513883,0.0760102137146935,80.09456659062973,41.61237617701467,174.25927848139705,354.6887116853492,234.79808412575628,26.79594558485158,75.65597381659394,-199.16349256449243,385.9023073583341,265.1732398990723,-287.9065820263871,2425.8794834629753,286.5224642564652,295.2481172037879,0.2903575641874491,0.14389834579549454,0.1511879498688589,0.43473387586761075,23.704818415694543,23.590737913760755,71.4298099672618,68.89369168647973,22.098117203787922,13.372464256465207,22.733342127314813,9.73189124291072,1.800575980254095
1999-10-01,2.853539616192184,2.8534275253167274,-3.0434246240933978,0.6311435830369998,88.08996486750377,50.20672582682306,163.50604776565578,373.6851261216614,237.89586325970055,28.39303846896994,61.49684567678759,-201.51112414884184,439.3010597395933,251.73182632045362,-304.5627745375109,1931.9464081292301,288.64234809549686,295.6053778871131,0.41941923935170533,0.2605937985323757,0.24564446499393877,0.6417490280274454,29.836645848978524,29.681884623910932,88.45972810195771,82.5644538575442,22.455377887113116,15.49234809549688,52.83094821705728,45.58784942937028,1.7175877777274309
1999-11-01,4.8056147742673705,4.805571728312563,-3.6523008004208495,-1.6384717720467759,105.71368791601405,41.96615389429535,164.71603099131553,374.2279009340368,244.87132558547754,29.56074326412563,56.7837153639277,-205.92603193236482,474.21168664973777,251.61441122165402,-316.38905541238057,1400.3077833444104,289.40497626195184,295.1949478920269,0.35658081737813185,0.2918010498661184,0.29773726600025674,0.599857472429472,30.308435034273053,30.10403708867157,144.16844322802112,139.05010787941444,22.044947892026926,16.254976261951867,64.77464419072655,96.64858939599921,1.4624747581277262
1999-12-01,6.848408066021296,6.848453764530775,-3.9906519724446707,-3.6622899692443847,115.50690635832596,37.152543892187474,165.1967603839366,388.8895473548125,247.9379110227515,30.266742203410363,52.09066671753215,-206.9170506691004,488.48379386648537,240.51924601961247,-322.6181175878541,1347.299797036535,291.9772511890469,296.9223551331011,0.46319552746587106,0.253841115286789,0.2996931547342735,0.651155101538521,36.21318224887798,35.984080062326086,212.30065004666017,198.16127790887657,23.772355133101144,18.827251189046933,82.09887156824163,162.58630941773743,2.166933701054816
2000-01-01,8.024092215105494,8.024017388293704,-4.159568147642265,-3.5668364266040746,120.39599888142587,32.81372139505042,160.13497847611157,394.5357614259481,243.84223684503945,29.84254069049391,48.7044339068038,-202.88314561264107,484.42922444398965,232.49600217946409,-318.4099897544877,1467.0990326268911,293.11408741719777,297.20156443716775,0.5885119061142174,0.2714490320010772,0.2807236009122279,0.75459272120979,39.130980987821964,38.86694666479338,248.7468586682703,232.1764290594243,24.05156443716777,19.96408741719779,85.91398757502361,196.72542632366105,0.9689914293609689
2000-02-01,7.69946475953027,7.699409260521837,-3.932295264197694,-3.271958788530303,113.81786969086284,26.87676449294737,138.77949753314394,394.3875820470458,221.775777724262,27.248290859738855,44.48111719905682,-185.77231869776605,459.8944862406283,227.25259432484023,-296.46984089799224,1113.8393265226778,293.1895733899343,296.6333831182059,0.6086183958761795,0.3092879502447455,0.29338067190899514,0.7718529844951776,39.69419549102536,39.42679733426653,223.28447802637783,222.7838327697291,23.48338311820595,20.039573389934333,69.21724657315201,177.58664233711926,0.5965673148990192
2000-03-01,6.0472982389939025,6.047257013156399,-3.549843916877554,-2.025258373746219,102.74809927158238,24.529388580047684,127.65532162677081,391.1075040137375,201.69535909672902,24.65570202546472,44.374483066490434,-170.3971345165337,412.80794964473745,235.65592952055232,-271.18851263460135,1107.2850613382657,292.77330144181707,296.1244007719973,0.5447832407370785,0.331439219191829,0.2766881918646224,0.7408421098277069,39.30263735221457,39.09456038133638,187.46624540881098,174.97850153809023,22.974400771997296,19.62330144181709,35.53258311404903,109.01782178214367,-1.254836401586786
2000-04-01,1.0985511501100558,1.0985263973126844,-3.1629534334143816,2.5393635124647314,91.54939845222275,30.261327636279457,169.29310473057996,361.64091709011916,219.3273741406451,25.362123396500706,67.40267261059293,-186.29713166251588,351.532744508631,273.1574124419836,-266.5354332763344,1758.5192270971665,289.9162945675917,295.36346240807586,0.19609344018338637,0.1556013348936864,0.11037487709267513,0.36547839352600275,26.93804574079997,26.87374945974927,32.956534503301675,31.786064737056844,22.213462408075884,16.76629456759173,-6.621979165649179,-63.46904584423582,-2.9162670365792565
2000-05-01,0.6698328748452821,0.6698007859178606,-2.0861207540435314,1.3796743025849043,60.38147266151667,28.188216549929116,134.30067685639457,344.50120162135073,180.0753782536885,20.187365341764608,69.89330528997738,-153.30584441942545,296.9224432527943,268.75334034876266,-222.27500432172548,2205.852863089505,286.8858699599344,292.6034705954459,0.20109014897769545,0.15606878688273357,0.11567064164095425,0.37190635255721965,22.773840903945118,22.7170665401055,20.764819120203743,19.380809777715875,19.453470595445935,13.735869959934405,-46.47833602703719,-82.32184882884027,-5.157150081997706
2000-06-01,1.2815927567939607,1.2816442152039353,-1.7353629573256486,0.660154811408468,50.228829133342515,18.393979632879226,118.77485317914268,338.2834908743779,162.1435230759241,17.717505600570878,71.92763197357692,-137.96281107691527,270.22659969182166,267.47907486666793,-202.4002042888802,3165.945455390744,286.0496313365446,292.48023887165044,0.263223931498844,0.1265013960876572,0.13368058115284795,0.3874233417769828,20.96591131766915,20.89434978385767,38.44778270381882,37.0846127084472,19.330238871650465,12.899631336544644,-65.07887057778774,-75.63545733979967,-2.587629662883387
2000-07-01,1.3142154023489925,1.3141303891968956,-1.7145855570804212,0.3966966812530682,49.62739600039933,24.83532781912683,118.35802089238325,325.5911883396235,167.0092952811673,18.197785140802406,72.39180122494906,-141.79046314428487,282.5269351473095,259.28355113127924,-207.67699596038187,3072.9106134127383,283.21009240534494,289.83744629353265,0.32843766365410515,0.13768148028227617,0.1466234515923367,0.45675535417846275,18.394264968938693,18.314093768131166,40.74067747281877,38.02460616889166,16.687446293532673,10.06009240534496,-51.606555170897366,-58.145283102214684,-5.064061900190353
2000-08-01,2.686254937969636,2.686262544757916,-2.029209771033307,-1.4519433878130716,58.73415075530928,28.509636246250274,131.26140996800328,347.9555455292068,186.2552372609399,20.946021887182383,68.66885208250137,-157.96665900828893,328.2588175466211,257.1993398345228,-235.83209292212968,2484.548561297368,285.58735117539,293.2039209017928,0.2888726426625286,0.13061317967068625,0.20649710189878445,0.44919222007691995,23.133817609864945,23.00130332630631,83.27390307705872,77.7275041885971,20.05392090179282,12.437351175390006,-21.367246912393114,-4.427913403333292,2.054019924228001
2000-09-01,5.389882469693751,5.389845915690167,-2.8539115896469953,-2.5636161931368977,82.60459893321469,25.148548797684132,119.15337325828361,370.736772271048,188.14971605105438,22.227437664872955,50.310601017909015,-159.37013291221874,387.45552265767316,242.21384962192514,-254.82580244727393,1527.9215028485312,288.84552924856814,293.76138637641986,0.41229454080847333,0.3283730296347036,0.25127357657734306,0.6610577367833973,30.274466785832743,30.04862370665923,161.69647409081253,155.956189690109,20.611386376419887,15.695529248568164,12.611952825348794,84.65715941883221,1.3063841634108968
2000-10-01,3.205726395716945,3.205695004949129,-3.569131388480432,0.47185546504917275,103.3061741328439,43.646031904447156,188.84878924135654,378.71916600587247,257.8537471076627,30.62062241636844,66.21412436166864,-218.67882425241447,440.514213705101,249.03872067933403,-320.27261753320613,2319.9519130525982,290.1079921372168,297.54079464177664,0.4674507858571623,0.14511858854002935,0.18992995729008358,0.5805568210312918,31.209959726599905,31.06624375737853,99.37751826722528,92.75737861542619,24.390794641776665,16.95799213721682,71.2338968538721,55.17260748299961,5.512493853454771
2000-11-01,7.832004406952114,7.831936098686085,-3.792283199444317,-4.722229092931641,109.7654684178407,34.074120234699045,139.58742723436131,388.5865837713222,228.52532002405533,28.049176346431214,47.17711002754403,-192.200105352207,474.9059773888648,226.09222459143058,-307.6860070411479,1261.3234952054847,291.83074339327464,296.03677528698717,0.6100096550790658,0.30335497573319425,0.2918006201274611,0.7678150484631631,36.76115360356765,36.485106359228695,234.96013220856344,226.61852137401866,22.886775286987188,18.680743393274668,81.59378244971731,197.26342873377203,1.1834066721232404
2000-12-01,7.549432542636902,7.54934033476841,-4.064287952221822,-3.7798399894081416,117.63842866961923,29.82368150592889,144.8611953447672,393.23691235146396,233.6028604523603,28.741297997305928,45.74646432751739,-194.9107125439876,488.7089037764669,226.47988232081278,-312.4580731674332,1294.316701159284,292.6971831022061,296.7096368015639,0.6558450159769291,0.30442650407097593,0.32867039118743774,0.7949755442300347,39.118078112783635,38.84466619065268,234.03240882174396,218.4415606125119,23.559636801563897,19.547183102206134,85.97819084662044,185.07918474859105,1.7021380409220654
2001-01-01,5.626771029067603,5.626703157699622,-4.545242737392113,-0.9018383742015923,131.55939844560285,33.87509298293762,180.64528117739317,391.6978511941433,264.54013634776436,32.205370799712675,52.84891355311318,-220.28235812328234,484.04974452287155,230.29294207837768,-334.601971763866,1618.8602116620652,293.0252581209098,297.4368574771432,0.6092004328196785,0.19141663464851374,0.2289199505457316,0.7237431855275744,38.205789336887534,38.017721898710555,174.4299019010957,162.8096978501048,24.2868574771432,19.875258120909848,104.30902968548833,133.56037594836158,1.9989531416287036
2001-02-01,5.842622731302092,5.842630572795853,-4.3009544097196715,-1.117545523330071,124.48855564600599,32.69518837380135,171.73469427164767,395.03151369065745,251.25623958928904,30.6078510312623,52.25455563048552,-210.70150722836374,459.62007579935783,228.28420413304434,-319.40421638198035,1753.5389666279466,293.45005647690374,297.75603956553937,0.6419686550446642,0.17171967681194844,0.2397492461234211,0.7460514143560057,39.64097338238365,39.4477628522164,163.59343647645858,169.0575975924726,24.60603956553939,20.300056476903762,91.120012248936,134.42584661733176,1.2632075780708618
2001-03-01,5.392444281082045,5.392391881192004,-3.8445575269846626,-1.4140833730464588,111.27846639457077,29.76967580880788,159.31126261320978,390.08589963913363,226.6065282239561,27.36258726285714,51.297572833085525,-191.6672974341496,413.2396138373819,244.58819796269913,-290.11125596489944,1411.4906093809316,293.0265150346511,297.1589397348666,0.4687384534288259,0.20296821161077155,0.23647257900840707,0.6378879739230057,37.79082945772914,37.620569060070636,167.1657727135434,156.02985767337975,24.0089397348666,19.876515034651106,45.523058002200315,90.95286688332388,-0.6784176023145818
2001-04-01,1.6939855577515066,1.6939061715700667,-3.1211702942213697,2.0860792024151666,90.34039874288298,28.470626042037235,160.10322301895812,374.36441824548893,211.85756714940163,24.721105246605344,62.736743101756666,-179.9790983968974,352.00603251244735,266.4699327858764,-261.63202975509176,1740.2948684152104,291.01789731257867,296.6859332072834,0.2744364615876832,0.13921476342820718,0.16338016620523305,0.4431328443680064,30.323598234085292,30.231643530301795,50.8195667325452,49.01348876070795,23.53593320728345,17.86789731257869,-4.8379030307846165,-44.59614352318015,-1.568669489779495
2001-05-01,2.757066673977036,2.7570738227036906,-2.093096208859584,-0.5586814896630488,60.58320086581328,22.55903409569762,110.8069955636871,354.0765220753844,161.15936920684217,18.350927092756063,59.80191065205776,-137.10291564572267,297.2535427472917,252.97128577298062,-207.34345464304863,2393.2798894185785,287.6382483783898,292.5118764932588,0.3657826099577222,0.24188358710195665,0.1951616065144972,0.5658549593354782,25.444636969744717,25.285713468306437,85.46906689328812,79.7764416291577,19.36187649325882,14.488248378389812,-45.62783112993199,-20.59336039874158,-5.841229967845983
2001-06-01,1.349536724650554,1.3494860205817973,-1.8216333420642754,0.6640229863792041,52.72582114379873,18.916006272775796,107.60409591203965,340.3992091472558,153.5398488246912,16.90355994816931,65.35208589286155,-130.61549442101574,270.27284641606684,260.9617736708252,-195.62440207554124,2421.45820917206,286.2296818935023,291.371025591634,0.28898486327385164,0.1752917355759966,0.15763816627592506,0.43612865309391474,21.841786573956934,21.755291255736292,40.48610173951662,39.04762791035293,18.22102559163403,13.079681893502311,-65.33737159528397,-72.63714594030941,-6.378418888420342
2001-07-01,1.204730493220614,1.2048141928843252,-1.764887732683168,0.4348241285766899,51.08362133884444,20.702096470484495,120.96403638002609,340.15736904175486,166.52102387779854,18.273556782999915,70.31172877632525,-141.50873144215993,282.26617594869276,268.1674292424483,-209.37453158282736,2615.426054553674,285.72031499795423,292.3247924534482,0.2293715625393847,0.13319308331589386,0.1350263227838557,0.38688426141170734,20.995718828013228,20.923803136811774,37.34664528983903,34.861521784847376,19.17479245344822,12.570314997954256,-58.792897659620934,-74.42628207012373,-0.5887151434942552
2001-08-01,1.2162392708925946,1.2161877455971113,-1.9988572346442748,0.591362200313151,57.85576623630659,34.33018704542383,151.40624177620413,341.1188899694121,204.82192244809215,22.683013337373087,79.20753481229104,-173.68193876532374,327.7957642185689,267.51917328746714,-250.24419221858528,2898.0960579088146,285.4994390699788,293.7884042654427,0.24439348938240188,0.09234159103317799,0.1019859187068232,0.35247612964447367,20.173286849918345,20.11064081695348,37.703417397670435,35.19061763880531,20.638404265442716,12.349439069978814,-17.274981068881857,-42.228580337685415,2.2884506713022716
2001-09-01,3.2257589302611303,3.2257588780545716,-2.705949461229522,-1.0967377607647557,78.32191803485816,37.229481994550675,149.4212927939371,363.2891590952341,214.60650921760447,24.917126283944942,65.20771099636949,-181.87900758232024,386.9598422367779,250.24837276002546,-274.0215527267419,2175.5208620923904,287.6397085910948,294.7721925497158,0.3702038240288061,0.17758554084643763,0.2068735103358369,0.5292390946757181,27.848323681467207,27.69606574933651,96.77276790783391,93.33793049926422,21.622192549715805,14.489708591094825,23.77317996671644,37.66929587458058,1.1198965565419314
2001-10-01,3.872957408761891,3.872901850904114,-3.7088287453627706,-0.3043059876304083,107.34965201917576,38.78329702038335,173.75951165822408,371.06300786584706,249.3088782157442,29.678796633708245,62.38015207372393,-211.32540816045932,440.1274626258602,244.95720413535545,-313.45193985692515,2017.7202085971394,289.6950572575608,295.6885307694856,0.5002109886316509,0.20354996448078666,0.18133165415497174,0.6303830409175678,29.501439618002827,29.330480105640483,120.06167967161862,112.063132259957,22.538530769485646,16.545057257560813,68.4947357215697,70.39590891517466,2.812307047176276
2001-11-01,7.15118683842893,7.151173199569089,-3.710299640855998,-3.8699440867923083,107.39222036138817,35.38996532534756,140.93473204045492,392.85932279882934,227.7855065268664,27.84984105834111,47.18414857863528,-191.6847843446575,474.68631977743934,231.27705092905953,-307.2497834258912,1257.1871199648551,292.31727577224575,296.62603569835693,0.571645210451507,0.29384588192001887,0.3014665811963798,0.7457550065129961,37.828076940612135,37.56655990590553,214.5356051528679,206.92052082086485,23.476035698356952,19.167275772245773,75.9727324968317,173.7825828770219,1.7184500792864839
2001-12-01,7.979899731941634,7.979826303195144,-3.9205293738424465,-4.019514637882789,113.47721686803143,27.882554500860074,134.28995983708285,390.1011266571689,224.70590343770317,27.6249636639328,45.608704093331866,-187.38625689979617,488.64265702342084,228.2853848699003,-304.07703709431735,1210.1856254833135,292.0804471067084,296.19993793503124,0.5867464312556785,0.3177443187514536,0.3675019343063118,0.7736170743179975,37.14023179528659,36.852024033296686,247.37689169019066,230.8977518285632,23.049937935031267,18.930447106708414,75.79165222441705,192.794405747376,0.4177814375728133
2002-01-01,7.368327671629929,7.368320671239514,-4.196078534291726,-3.3440189259728785,121.45288058386129,28.17371863487899,151.6270970441869,393.60430226230386,239.12243601098055,29.210751394162337,47.191959280991824,-198.97641231342996,484.1923856057931,226.28268836868872,-314.43111370888334,1425.526687995209,292.94193901073726,297.1097843651891,0.6068781401367838,0.24470610110188737,0.2986525329797945,0.7460528791924474,38.74140384877008,38.458738944137366,228.4181578205278,213.20372312614336,23.959784365189137,19.79193901073728,88.14842534019462,177.74141406877885,2.157853813697855
2002-02-01,8.092959045978848,8.0928731522394,-3.949690044801987,-4.001510274907567,114.32151874848051,25.903278039241904,135.19401176528942,391.47231324898206,220.3510498656219,26.99652837752589,45.329995388727305,-184.42762825356385,459.9428822314201,226.68046427803225,-294.6079747901834,1227.7606628023632,292.75533264291397,296.37749001097967,0.5766808864472197,0.2719186074368718,0.3302654480263112,0.7428005156003172,38.5098960388828,38.24319106307861,226.60285328740775,234.16878334026046,23.227490010979693,19.605332642913993,67.92751051215114,188.90193902681696,-1.1271639228858703
2002-03-01,3.8738372824368996,3.873748071163664,-4.041057326327181,0.7458181503518143,116.96596817160177,30.34951715594011,178.4769911115284,391.1580417720983,239.77592119540807,28.846251337335403,53.97269328835267,-202.94462031389375,413.7191651537341,255.14769975672655,-300.9950060871619,1573.7433132287726,293.2360006092901,297.9401028846859,0.3876783472467725,0.17119445608524125,0.19008286982960262,0.538363814348123,37.78489769382756,37.646439529004844,120.08895575554389,112.08761779987454,24.79010288468595,20.086000609290124,45.84730633043537,39.31251426070894,1.656441697999199
2002-04-01,0.9650370910515123,0.9650009658480433,-2.906145374079399,1.9819382883867613,84.11647549968318,33.47296764113871,166.03433063709224,377.18251243817315,214.65746916676724,25.01543519200369,65.2304026854732,-182.40779049000162,352.52101308376865,278.70943682320825,-264.132386106551,1946.7779467225043,290.79310713664796,297.6114757222379,0.15154228181584345,0.12304357367847003,0.17060501392418728,0.36261445364402917,29.59123574847009,29.522378589718322,28.95111273154537,27.922481650695698,24.461475722237935,17.643107136647984,-14.577050716657254,-70.35898922935127,-0.4120553362934629
2002-05-01,2.5722750405064985,2.5722153240482815,-2.214087985426455,-0.00342586639534175,64.08543364723553,22.759909350666824,121.16110630614295,362.27623826696765,168.9314875622977,19.21683473370785,62.38891122327935,-143.8277488844779,297.621122145767,260.8002334242203,-214.5546102480643,2044.27996281691,289.03437518449635,294.4069595620923,0.313304101831295,0.19618994278726073,0.1547299183799629,0.4839381150721909,26.924331494508344,26.786473931330534,79.74052625570145,74.42752673750815,21.256959562092334,15.884375184496378,-46.245623176156016,-30.497024749179587,-5.406505336703809
2002-06-01,0.481092601929947,0.48111591152290295,-1.7137107889535874,1.4437989324654452,49.60195864692982,20.78698727048518,120.16356068965624,344.65980558014246,163.47002091799922,17.88938329728285,71.162487255909,-139.07399325630513,270.35302570919055,275.02373918038137,-203.76173168486318,2759.3608003382064,286.5294683729207,293.4886591859477,0.2002283250878669,0.11069170593003101,0.14480297007207757,0.3783638259726058,20.709792454314055,20.6619040012669,14.43277805789841,13.921177995454368,20.338659185947733,13.379468372920712,-71.26200749551819,-104.46534822997478,-2.4774399170188772
2002-07-01,1.1722986168178966,1.1723549171627443,-1.5906215011504647,-0.15030878626910765,46.03936029397263,24.962010622267968,113.43760181630309,339.46001901775946,163.58061316537177,18.032159590256548,70.45310632878018,-138.9519680682111,282.0407327328338,256.3719588437398,-206.48318086075662,2981.0906086702994,285.35139544216065,291.9671363111631,0.38917585543273264,0.1250325338257374,0.13623332970750282,0.5072922068830308,20.908131906127615,20.82890829752108,36.34125712135479,33.922306630866444,18.817136311163097,12.201395442160674,-49.88877798298316,-59.50332246927967,-2.5025091768096743
2002-08-01,1.4212889640375528,1.4212746215921663,-1.978713629748041,0.8310467447029491,57.27247299086904,32.26168258553941,145.18512803157316,351.60127553521886,196.96253395615025,22.071906447117144,76.05172745243114,-167.12312950529326,327.3720669636925,269.20061263095135,-244.9453600837109,2744.7286989798404,286.0230483859474,295.14532989784504,0.1931651534372993,0.11373416396197757,0.15288181952125746,0.3563094976254959,22.79812647248547,22.722978028926278,44.05995788516414,41.12484437477333,21.995329897845068,12.873048385947413,-24.255252547240445,-41.94012763978982,1.5372464764536744
2002-09-01,2.799205203055012,2.7991282189807207,-2.7068508708744408,0.0563029778969112,78.34819641735773,41.08769325618837,159.1618423802083,355.9252761875148,224.40603533650884,25.8067028712606,69.53440649862931,-190.25158292071265,386.509117708843,254.08553195241367,-280.1528308015899,2588.651908621223,286.4651890193519,294.13851005200195,0.36450404762701993,0.1586117084380454,0.19574082122094802,0.5308789960372926,25.356240166139152,25.224670402082705,83.97615609165037,80.99329337328474,20.98851005200197,13.31518901935192,26.06729884917624,27.431109056566015,1.2812867485372408
2002-10-01,2.6950088004959554,2.695065541836758,-3.203951960668343,0.1968295541130303,92.73669165399751,53.84334992381908,195.29777454932437,384.3613825065147,261.50694331427945,31.138421296011508,69.9929725165847,-221.9427414307575,439.7911027953024,255.04270123371467,-323.9275088980251,2737.5511176771342,289.8145615067285,298.5089566797415,0.42376281673322325,0.13663737866478712,0.1924962335800723,0.561008370883006,32.522358771309776,32.396276831284595,83.54527281537462,77.98222053925805,25.35895667974154,16.664561506728546,68.88480766431044,48.76060921321477,5.369727336356206
2002-11-01,5.99747474112396,5.997299751473786,-3.9704319412981923,-2.19777993986569,114.92172159363905,36.05300943630483,157.67386004366824,390.29131505192214,242.6619067923686,29.58238868111556,51.45902633138457,-204.2032709757795,474.52091072583266,231.35175132468368,-317.08903374340883,1800.8767400963761,291.6926734346833,296.9158525495412,0.5992020424859024,0.24710470831761303,0.26791184478939684,0.7535692220225062,36.644706944360664,36.42551877216827,179.9242422337188,173.5329789199591,23.76585254954125,18.54267343468331,85.73728241872516,142.57902613059417,1.769513614451057
2002-12-01,7.182781711926483,7.182825299713392,-4.194422049092589,-3.1038154884888374,121.40466218066908,33.57045325965192,157.46465988626133,399.54109334530045,243.86426617877095,29.975129653341387,47.20700726995335,-203.54369221750582,488.6299007470136,230.0555658548192,-321.73176736618643,1426.0618655490289,293.3042967971207,297.7840627676267,0.6228954228468406,0.2770007551951119,0.2701059532833285,0.7608144376985916,40.474003534868814,40.23044050473629,222.666233069721,207.83638020004028,24.634062767626745,20.154296797120708,91.67620151136722,176.74635002350695,1.3615695072314793
2003-01-01,10.943513243451257,10.943462638396149,-3.7783580618160397,-6.873362079901988,109.36197208869106,23.343193570579327,114.67860348605016,403.36522233572,203.867039426348,25.548150498791014,37.942575087366905,-169.56504437484077,484.14622244086536,215.84151384849753,-288.98144981359525,1001.2520650571233,293.8962034336249,297.1106449691125,0.6770044312733616,0.35760071104896446,0.4045809777789334,0.8243258071993083,43.97380303036552,43.59890625737234,339.24891054698895,316.6511180091478,23.960644969112536,20.74620343362494,73.13993596509772,281.511778257351,-1.082696371796544
2003-02-01,5.21970680697751,5.21965891314884,-4.434177385899497,-0.3897803167234503,128.34472252393903,30.07785058653044,181.1401486984707,393.2582347100907,255.0957584693811,30.815768994772096,53.30604818741914,-213.98488743428675,460.0851714733891,242.2906736655791,-322.47680398878174,1720.2038142762608,293.3469714537168,298.01918550671223,0.47107767157384817,0.16756041580168327,0.2217850890797927,0.612496577423638,38.268100960284876,38.09264191182851,146.15179059537027,151.0317972554641,24.869185506712256,20.1969714537168,80.18613032320263,100.6169389183296,2.256266136398125
2003-03-01,5.432604838487404,5.432573266760797,-3.725033340926089,-1.7618490384310228,107.8190219236706,27.155913864814938,144.0831326499428,390.2581348933904,214.96818444158163,26.036761842590117,48.972292514073864,-181.6434688835017,414.03725166137855,241.22180019408222,-280.43847270987857,1365.5780079955846,292.5862425068021,296.64302817832913,0.4933360179162934,0.23028956223171998,0.27533659824436096,0.6596763423151831,37.44473363300175,37.24690618523128,168.41074999310953,157.1925135058101,23.493028178329155,19.436242506802103,39.21667251579635,90.89392351699355,-2.3037594190577124
2003-04-01,2.7356413033660263,2.735544328574091,-3.116427010539054,0.678953323505463,90.20314115911206,23.861717360412836,144.77816872790774,371.3191366757487,200.35667404395227,23.423789871779412,58.2174771565199,-170.16260438393368,352.8999498416816,257.04627476087825,-252.556678169035,1805.3312564182409,290.70641450744336,295.5734614570089,0.39802397013594165,0.20078515388016052,0.19662515479610218,0.5476886595085986,30.72759745955174,30.591183339703527,82.0692391009808,79.1534817295744,22.423461457008898,17.556414507443378,-4.489596591843252,-13.41952472926981,-2.119731292111112
2003-05-01,1.009313650249328,1.0093495013862728,-2.3072243482751755,1.4894441330743358,66.78113035302425,23.36536271791258,138.26849190549447,336.51068605685816,185.48086598867522,20.55285725179752,74.43588657124764,-157.758885969961,297.8753460961025,267.9313182276526,-224.19016137239953,3151.4565996118176,286.2507867077471,292.4490375990083,0.3297934653485626,0.13533483747022954,0.11424227964116186,0.4613594658765602,19.066548962280613,19.004203192626804,31.28872315772917,29.205714739186135,19.29903759900833,13.100786707747147,-43.74115685525305,-74.4930787968677,-6.823493672223464
2003-06-01,0.9336507525245246,0.9336707896296338,-1.7398955739020745,1.215677219015907,50.36000430777751,21.563804037730694,128.01050258490315,340.29465233954653,169.4008833523204,18.372880776035966,74.2708470356651,-144.13391713985664,270.3320141484918,277.9055102088354,-208.40476724367187,2429.8527424111026,286.87491997915214,293.3528564390742,0.15353801909934947,0.11266476923278078,0.07467669573148455,0.25775215801891926,19.998194652323956,19.939385792931855,28.009522575735737,27.015937199931532,20.202856439074196,13.724919979152162,-69.50074296516351,-90.78407183169283,-2.0607382413166633
2003-07-01,0.8396364808258912,0.8396179230362536,-1.603026884576448,0.6757521119036654,46.39889149256853,24.215939179856342,124.52902627306594,333.4758542862434,170.96928167319317,18.56782978966836,75.99567453951722,-145.16869998266034,281.70806236627743,267.7240912760214,-210.96284950892272,3249.7209319127646,284.4317550715146,292.33233830648817,0.27663487771972944,0.11794561332918743,0.13065026953423603,0.4106484019153792,17.895384352225065,17.840709744802215,26.028730905602625,24.29450008785456,19.18233830648819,11.281755071514624,-56.76124176709868,-77.4238279425309,-1.441805229281755
2003-08-01,0.9312026594954246,0.9311111126538814,-1.7938899684090857,0.8664380291314322,51.9229854888195,37.515703869435406,142.06839433146786,334.61874798368643,195.7762145399308,21.682311953637498,77.88514804182346,-165.91657687967228,326.8230264930769,266.9996885288518,-240.75854792319595,2594.3610223241376,283.5569352191426,292.03927332090274,0.21424271908414863,0.12969861925072854,0.16931345067170542,0.3849893622635341,18.85817733591496,18.777314124097792,28.86728244435816,26.941872472623885,18.88927332090276,10.40693521914261,-26.24114060565583,-49.81499310144537,-1.4072605204060835
2003-09-01,1.6112570544316174,1.6110650916091676,-2.2913658656577014,0.5618441021558147,66.32193635652884,48.53118708034279,167.0219020203074,357.4782113697878,229.25633203035815,26.32018101443554,74.64509156194418,-194.44817870913258,385.90857521626583,262.0007475250827,-283.9845580692781,2804.3967096658434,286.2886176915132,295.0961230456804,0.3191769532584431,0.14899865556972208,0.1759488064408466,0.4778538138527826,24.105494915248126,23.98844100624675,48.33771163294852,46.616466771098594,21.946123045680395,13.138617691513218,21.983810544195364,-2.671622751551645,4.949963710316766
2003-10-01,3.4918488339850584,3.4918069803126337,-3.197826884108966,-0.6661146329160873,92.55901584789282,46.841947963102726,169.76041664992928,372.5444202438336,245.60014670078078,29.091745446033055,66.0407976416828,-208.06889840015532,439.28343988352174,247.48860070356054,-308.7064290416414,2339.2245233537205,288.70159024570705,296.14508540164474,0.45761308102830317,0.18384434747243383,0.23047149396091743,0.6101184930635515,28.37623237046581,28.198238037543998,108.24731385353681,101.03608160626833,22.995085401644758,15.551590245707075,61.217828338080864,67.06775714897938,2.627136947476984
2003-11-01,4.701382359085415,4.701351413596329,-3.813173549990923,-1.2055538226695615,110.36988330097716,42.392155592399114,168.7948867587351,382.42439529834536,251.91344104735927,30.43132442541578,57.076033513511966,-211.95533100642652,474.1701678808367,240.3763962370471,-323.45222844025125,1734.2096160061703,290.6490372871367,296.37213015339387,0.49292237116149457,0.22974830710248947,0.26014444719818,0.6579909297930585,33.69970435440912,33.509278501459264,141.04147077256246,136.03447377304192,23.22213015339389,17.49903728713673,83.07583220320416,106.62316407573064,2.1172585995382747
2003-12-01,6.521908980649916,6.521811827930744,-4.227799759793155,-2.6354566171164704,122.37130870822372,34.98373444108927,164.16961308415844,395.49045643073333,250.36477030492023,30.782907193158422,49.366975200233426,-208.89191688478016,488.4271653342405,233.11090294415965,-326.1092169003375,1534.275136375898,292.6902822243334,297.3320633273434,0.6021536393508492,0.2579244607453625,0.2590121959683587,0.7467597378853358,39.29231492137848,39.054905304213776,202.17917840014738,188.70983298410715,24.18206332734343,19.540282224333396,92.99831395617787,157.16693969682757,2.1698985352337274
2004-01-01,7.318060148733508,7.317957996346967,-3.9461238265543352,-3.1486262884831357,114.21787430430768,29.939872250016577,140.8405565468113,395.38311189477395,227.34092745479495,27.994039056883555,44.7262891449527,-189.04020129060956,484.1939524847119,237.5876051403274,-305.7620007156223,1115.5487829701578,292.7706069038055,296.8647418418213,0.5140733955934131,0.32304870509903283,0.3409689294109469,0.730597536303118,38.81779500336787,38.55447155442106,226.85986461073875,211.74646980170624,23.714741841821308,19.620606903805538,68.17439557529491,165.54682548136088,0.1561655913325808
2004-02-01,7.766747742256496,7.766712144450066,-3.8059409766936487,-4.03907818647393,110.1605804657577,29.845211819832727,142.09952824186925,391.2661767600032,221.60122180474875,27.116824349901584,46.0519014209445,-185.59398089714782,459.6543897318709,238.25281451402716,-295.4920650512343,1080.3109743241644,292.48113809035533,296.45059854874785,0.47627805870658024,0.3039076489256044,0.3313170958549561,0.6797469838157107,37.42393914355534,37.15486766031398,225.2356845254384,224.73125417968942,23.30059854874787,19.331138090355353,57.23925053720714,172.27363706052597,-0.46371280938713255
2004-03-01,3.9511317051933013,3.9510624759133552,-3.6911043316242638,-0.5239562208957728,106.83659451222273,32.30666258381863,165.69374333222956,379.53237983771777,230.82744737359837,27.541566633150538,56.980790326543655,-195.07809603314266,412.5708777848904,260.0413361157328,-290.92774387373277,1328.0727174687459,291.56012563623625,296.39682134185546,0.3013366864837707,0.20682175580560458,0.2102512041285087,0.5055698209585288,32.0021647169378,31.853720458258028,122.48508286099234,114.3247244187892,23.24682134185548,18.410125636236273,30.88640775799996,39.42048905400878,-1.0459513894423509
2004-04-01,3.817840304183035,3.8177424510127267,-2.9023260330216405,-0.8380265188304296,84.00581187305144,25.09078179871986,126.22782161164527,382.2803607845238,184.52688673684196,21.930949480569332,50.143407214142705,-156.6651805347116,351.316023427569,253.82434255261788,-242.14044849926822,1294.8676972147027,291.88096468473304,295.9369762615379,0.35306420412613176,0.2678944858913716,0.22946188977219867,0.585707084640206,35.18996685554148,35.040588088634586,114.53520912549105,110.46708480939603,22.786976261537916,18.730964684733067,-11.683894053349661,17.352199234197343,-2.574820351202419
2004-05-01,3.692743634303358,3.6926311095780546,-2.1444362317860444,-1.9589779098143405,62.06953537570082,20.420778506131626,99.92816344742216,357.1063476071921,152.59858346055373,17.524851096216313,53.79054489335682,-129.8150467951142,296.74488242737704,246.83201201136987,-201.3333625737838,1910.8459846698936,288.1993759825415,292.0430926027509,0.4296118704041122,0.2900351500708414,0.227348874733887,0.6371684595253558,27.34247262733896,27.173011889683508,114.4750526634041,106.84696497621685,18.893092602750926,15.049375982541505,-45.49864943758607,5.744592143005022,-6.46581198007506
2004-06-01,1.3431031753714484,1.343063130172422,-1.8442949061994538,0.7481284779505517,53.38184910583853,15.881930570404696,108.33559073182587,337.6812722978626,155.03162472659645,17.050912163240586,66.20904451739204,-131.8693848178035,270.09601186183716,260.41933540708754,-196.42719335365834,2557.873555375659,286.41462580434876,291.4637681110763,0.2725264358592296,0.1547283230056281,0.1583310884056322,0.43225161167453485,21.439164082388228,21.35978495687678,40.29309526114345,38.86178038693351,18.313768111076342,13.264625804348782,-63.992142053429205,-74.90877139650246,-3.603439375831769
2004-07-01,1.9861192518421644,1.9860364561075707,-1.8497462339218305,-0.04042830297859686,53.5397293850708,19.046074947010307,110.7477786648766,336.14887682953605,158.49381941099745,17.381058174533273,66.92983849333552,-134.52156963689265,282.4270904860774,261.66517697491054,-201.78880632015463,2526.411785619321,285.61759164359387,291.1402911600291,0.24153713497810578,0.20984100332811675,0.1455081066332071,0.4364891421313859,20.236877028152396,20.125272802756427,61.5696968071071,57.46633264200147,17.99029116002913,12.467591643593892,-59.8763706547559,-50.95569420930125,-4.994073188523984
2004-08-01,0.31372977377020456,0.31367826876142085,-1.9242528151117977,1.5260342357841488,55.696391835694946,36.9179580501311,162.0425829608728,331.17422858722296,213.32517297721245,23.37073556198652,85.22250673564034,-180.81972499949927,328.1588117231423,272.92660240943775,-254.8520492025001,3734.608032381118,284.18047215885224,293.39914947427525,0.23802923151107777,0.07525716477421437,0.0944698979961542,0.33905573031882114,16.927939180285083,16.894154498116524,9.725622986876342,9.076338795180002,20.24914947427527,11.030472158852263,-18.07455320693765,-67.67747462548549,2.98286837803289
2004-09-01,1.0583097602572504,1.0582588642305537,-2.3719110015422356,0.7403559018292972,68.65341731342698,52.2974212736515,196.95600897310132,355.4454136335089,251.3221430890875,28.505607311515707,87.71892520371173,-213.26212542274266,387.3254314217512,281.9989437494311,-300.63948292697575,2745.5433629629147,285.5423125144981,297.28151977037555,0.12318843600933715,0.09290998443440375,0.1202712028695134,0.2558841164667942,21.70219161001847,21.63717941601151,31.749292807717513,30.620916210374816,24.131519770375576,12.392312514498144,18.640539177544667,-23.984323557459938,4.5923616319524285
2004-10-01,4.898782154893292,4.89870714990557,-3.251605187192057,-2.3041537795184195,94.11565772556456,43.52189463167449,159.63042718169632,373.25505742877857,236.24874072711665,28.128797125098963,61.97910949401357,-200.11916398764828,440.34099072705726,240.7418701786641,-302.25660991819615,2101.90836207552,289.29408952268204,295.70515908380463,0.5181334222493105,0.19752677716061878,0.2615107391677584,0.6514017345557284,30.910565820971957,30.69044999404807,151.86224680169204,141.74499855050837,22.555159083804654,16.144089522682066,61.51473973953205,108.64157842808021,0.5025021363956483
2004-11-01,5.4889633900516195,5.4889480762482545,-3.8980198273297826,-1.7614071420498214,112.82566866240879,38.59324871216926,166.73464631235566,382.3525078096103,247.79974122987122,29.919878368840276,55.94084735925506,-208.45366661865137,474.6969977059557,240.6460648828942,-320.0635188288289,1756.8122120972391,290.93835859388844,296.5548418568856,0.5201621864576964,0.23467085633209409,0.27932952170901454,0.6772348565168124,33.7082115968687,33.48931468330912,164.66890170154858,158.8237290581092,23.40484185688564,17.78835859388846,79.41745394593468,124.32161245681684,1.0939018848182513
2004-12-01,6.866590793289393,6.86651871503441,-4.137550122734519,-3.1869393152780883,119.75881262807559,33.8888386888834,157.7595475145946,389.2403881064439,245.09042818982056,29.95577624372864,49.64264432647008,-204.45060182810045,488.4834242413531,235.93913234240995,-320.8231795456147,1318.1078904727017,292.28454245001643,296.544654456042,0.5063966723717731,0.2860072414800895,0.2863597710793482,0.7008990876178548,36.442964398118576,36.20110158097033,212.86431459197118,198.68399059706047,23.39465445604202,19.134542450016454,84.88404720320477,162.64891898751827,1.1603061846713842
2005-01-01,10.381305717255596,10.381266062768919,-3.767466863174475,-6.273140293117933,109.04695516882518,23.282643005647387,113.56704893943905,402.84097332444907,203.91154713351608,25.538073312136934,37.347255571480595,-169.54293678172348,483.7745266462662,215.37955741468937,-288.9112809176547,968.6294985525477,293.854108157993,296.9608416122855,0.7067469010917775,0.3622091402104546,0.40006519491625003,0.8505219666819134,44.4360440277067,44.06851190670215,321.8204772349235,300.383855982897,23.810841612285515,20.704108157993005,73.53172350296535,265.0025412812668,-0.1339169642296696
2005-02-01,2.7273531172309684,2.72729566608725,-4.304778192172215,1.1691704841047426,124.59937208793383,37.766054741791706,197.41988320525266,383.3098434392995,268.4625717908432,32.16145340907674,60.8850475160916,-224.97694491836688,459.34235960922166,261.00679557975,-330.3632272134061,2009.4613681262879,291.8162290793691,297.65853054689114,0.4063047479736843,0.1676491891093826,0.2288883544510496,0.5999382166099186,32.9983930220103,32.88590565825149,76.36588728246711,78.91480515298755,24.508530546891166,18.666229079369145,69.35643163365609,21.945394126160082,1.7264705725497294
2005-03-01,5.1408783410482615,5.140835883079198,-3.410465885854636,-1.6863675938063885,98.71391599974493,31.976444813984617,145.66831570584125,391.0011570044929,213.33468272289812,25.861713737367765,50.63759813769684,-180.28439644382843,412.9685486797233,254.9227856052768,-278.6444654079953,1236.3075993204568,292.7326945162919,297.2803350810536,0.35945420653810634,0.2572581937676865,0.2821132343859147,0.5934163781076253,36.71663450941468,36.51784953682451,159.36722857249612,148.75103828354162,24.1303350810536,19.582694516291895,23.721679802718512,74.80236459411316,-1.0435625075979544
2005-04-01,2.367738557357272,2.3676713053202705,-2.9465529414159577,0.8497510522423287,85.28625593532057,29.383583327541864,147.0664861084489,380.58373237862116,199.54115509389493,23.556496497484265,57.559718042423526,-169.52854495377446,351.76020808404706,261.81454647207335,-252.92551337201607,1751.0568982103043,291.36956447611476,296.8208116066731,0.3257203478216209,0.21182342421056538,0.20409491220271567,0.5221350861168199,32.582654817829386,32.453001503052654,71.03215672071816,68.50900767709116,23.670811606673112,18.219564476114783,-8.889033100057276,-22.965269006775188,-2.701012351511494
2005-05-01,1.8857729857788936,1.8856688377849633,-2.2744513697172817,0.3261468094208566,65.83251808365738,21.953325376185305,134.77281211684107,349.8656343342761,180.32794018949605,20.23391994823691,69.95862618424418,-153.52204290349883,297.0512444501258,270.0827050571321,-221.68340383757993,2449.205794731427,288.0438255388375,294.14324991447006,0.2687312636403755,0.131097527816993,0.1555705299925792,0.4076025815206801,22.846065374098846,22.75444169449149,58.458962559145704,54.562177019240835,20.993249914470084,14.893825538837518,-48.39930121955217,-55.447215543380665,-4.222426740588034
2005-06-01,1.091683392449125,1.0915698535672786,-1.8255425860070738,1.1755595321678582,52.839166209438154,16.523048717804592,105.730620482043,349.0232799987461,152.74612603629438,16.938824539765392,64.53827972634168,-129.97697458770747,270.1186375616532,262.0685888066915,-195.62838522893136,2507.1140460403944,287.85446638287243,293.21836960771753,0.27380331316851264,0.160955573929129,0.16171080516963923,0.45295966550904987,23.062995694590263,22.97889396347285,32.75050177347375,31.58477585553468,20.068369607717557,14.704466382872454,-66.44020357776012,-83.77107386578666,-3.923520065876957
2005-07-01,1.0020149711775699,1.002059526104573,-1.7943815903998563,1.0590313270636043,51.93736746085342,22.281741192671447,120.020509206601,333.6459505628483,165.780704985133,18.13214827310217,70.92954663474602,-140.83901248134063,282.14309538513623,271.7838995753566,-207.64730809247908,2251.4715785023404,285.04444278106024,291.4336842109758,0.17366362221314938,0.1384690189989084,0.1668221986368126,0.3627639783821684,19.31708048203195,19.248273584328125,31.062464106504667,28.994777954414726,18.28368421097582,11.894442781060263,-64.13659148287752,-82.76953818238597,-4.309642806930256
2005-08-01,0.7554723253810465,0.7554503290448809,-2.002710331979998,0.8555574178117636,57.96698298410487,34.78108119780692,161.6019439759458,338.63078563485453,210.59797089883236,23.248190430417466,83.56986413399886,-178.66178636699993,327.6690841270478,279.05071503706716,-254.06526700677563,2502.609468719968,284.7893052931912,294.3375397862199,0.11341303723942929,0.06850861166542249,0.10176410596606156,0.22815669698688631,19.007524361438673,18.9606622329298,23.41964208681244,21.85909516912271,21.18753978621993,11.639305293191228,-24.985448030291536,-63.437193896362984,2.343858051089285
2005-09-01,3.9468284644214635,3.9468316756314037,-2.6161297436955437,-1.634020268670212,75.72239950398149,38.63406185387895,140.20903147748479,367.2548745167447,205.00970175379464,24.01483336183576,59.60805514555808,-173.73382506977805,386.79827380246985,250.23141644790155,-267.69400892885295,1938.714623103455,287.80589574751514,294.0959845443605,0.38043335709013104,0.2508084750716473,0.24680956218139768,0.5743267022714488,29.43009553938816,29.232539951581394,118.4048539326439,114.2023054291494,20.9459845443605,14.65589574751516,17.4625924809514,56.173189839759786,-0.23069143364047306
2005-10-01,5.088997224188612,5.088902222386834,-3.465755316185275,-1.412199484409252,100.31429405824734,38.68923085762728,163.48140952710557,386.51572082544396,236.4538823773266,28.417728764671867,57.222687017092134,-200.3988827418974,439.9186324750559,238.04143904716378,-305.25611132076665,2101.5699473631144,290.82628057047015,297.12498019805116,0.5390713037909679,0.20576493287307288,0.2565843660983667,0.6696203774273015,35.47690929929229,35.26191727735661,157.75891394984697,147.24832819406348,23.974980198051185,17.67628057047017,67.21467227360287,109.97603560048836,4.172670808930647
2005-11-01,6.223866988520383,6.223910557131119,-3.8676252037479757,-3.4031466626032465,111.9458765022231,33.852559811404205,147.02063810422283,386.3785132566719,231.8195277557588,28.287686486271262,49.20966935124807,-195.12275577539188,474.4387998245286,235.0263340629419,-309.2645773047576,1316.7273045466009,291.3905620267255,296.1723584406609,0.5562958117676066,0.3059859474872546,0.30621523760358027,0.7232845848464204,35.663545547828996,35.42679820752891,186.7160096556115,180.09000454661805,23.022358440660923,18.240562026725513,74.2382432418157,142.26772117569413,0.1146501105165072
2005-12-01,6.845203873006276,6.845183234015769,-3.9169052587979234,-2.4768428987584117,113.37244128518728,31.656473750290452,142.09553344321202,389.17648182905356,230.61484988059462,28.242507442476,46.22903079804929,-192.30621849029356,488.37470870938967,234.49916140677772,-309.3022536341133,1263.6009292513356,291.89595462758996,296.2031689472673,0.5073129426282513,0.32129891110579506,0.34343093970721184,0.7231286195528074,36.83076809637292,36.577016890778665,212.20132006319454,198.0666445027711,23.053168947267295,18.74595462758998,74.80309222733558,158.44902278815286,1.0482726567665566
2006-01-01,5.379143606650906,5.379082114980618,-4.179648244278953,-0.6425748594527263,120.97740615082964,35.18516262437622,172.36758778433685,390.87507550380064,256.6746422640588,31.207300263163496,55.03837062483566,-213.6332963021759,483.8741723210577,233.06101041486014,-326.6099999965593,1872.9006565914417,292.3203309853761,297.7578804490138,0.5831218037418667,0.15570340543531136,0.29353738744555863,0.7091788583663239,36.33344796716336,36.11423051125111,166.7534518061781,155.6447371232818,24.607880449013805,19.170330985376097,93.54898958169915,125.78396365201694,2.432356902134373
2006-02-01,7.287905136740547,7.287868935377354,-4.092321471035884,-3.379081103016088,118.44977391862763,31.547481374478902,157.37940135404833,395.7023871914611,237.93810932759442,28.97768555934951,48.84365538098314,-199.4427631850255,459.6239108247978,231.94627741009526,-309.30267765640514,1399.743490707473,293.27973406876373,297.3218030525963,0.5625853731825851,0.21547695366884562,0.26332852365996184,0.7133450927729625,39.55175529368452,39.31289668095857,204.06134382873532,210.87583725050212,24.171803052596317,20.129734068763753,77.35640024630987,169.18061106724852,0.6018525109358421
2006-03-01,6.209913533567018,6.209832062604368,-3.6110775965025397,-2.2332713433043025,104.5203743081725,26.35631846027337,135.0879968673299,394.41824387066634,207.14448117028897,25.29595450728676,45.37094850231826,-175.04973599274635,413.41078773070217,241.3223814092102,-275.2669292768368,1142.466719014924,293.4191096452668,297.0096297922234,0.471233421802968,0.2565407617899395,0.2824641182908369,0.679384460046526,40.05736145067806,39.85328434098592,192.50731954057756,179.68264070035787,23.859629792223416,20.269109645266838,33.94454786762657,110.30471953782973,-1.1979052780177994
2006-04-01,2.0010902739536305,2.0010638846506787,-3.0580473997468403,0.7302561091766048,88.5131154304394,24.427283638138867,139.8640865817323,370.53410676222643,196.07895678832796,22.95666245810235,57.14798337313541,-166.49147400815554,352.24329846869733,265.67665914478147,-248.7511364199038,1362.909395684259,290.61367881992084,295.29559648345526,0.2457400223675432,0.2155730740281983,0.20534428382752384,0.4650851942882805,29.363348687057368,29.249939340315702,60.03270821860892,57.90115406975344,22.14559648345528,17.463678819920858,-16.92552272487768,-43.940575652005485,-3.5969084335581556
2006-05-01,0.7973706606084704,0.7973870253538605,-2.04753659290977,1.1569867094609594,59.26459544247864,28.57903967844794,137.96033307599936,335.04480515913144,182.20961456759449,20.19284169938084,72.73431721880473,-154.9794497607941,297.3918838554359,271.7487453510455,-221.91455744754677,2512.8539422790627,285.73883483544074,291.70126932040745,0.2145102279215262,0.1814611107174786,0.12333229023095107,0.3873733043018023,19.147580880932217,19.086469253995723,24.71849047886258,23.072541242877907,18.55126932040747,12.588834835440764,-49.83418790349873,-80.42773952416225,-5.5985025789372145
2006-06-01,0.5172912612461037,0.5172601046563393,-1.6401805730821248,1.2422737485580406,47.47417405582068,21.97097288510807,116.30161416176549,338.76263571185626,160.28129102989828,17.53040830125746,70.69295294728737,-136.35373504057893,270.17537683641797,274.5069857738942,-200.47773977033717,2078.315632877608,285.585788223353,292.2790184088419,0.14895079541249845,0.12603147544551002,0.16428089476114976,0.35249808658461,19.94518972365861,19.89389158741035,15.51873783738311,14.967016917139446,19.129018408841944,12.435788223353029,-74.02924600355703,-102.75203829460109,-3.7843648476371925
2006-07-01,0.7506899920215635,0.7506888259245262,-1.6437515727024823,0.8913724483495207,47.57680519493821,24.399516573924238,130.5843121606992,334.720902399175,174.39475162092975,18.927010913048072,77.21569347872848,-148.20026152486435,281.8921683515651,277.4100501545815,-214.24898854830963,2368.994078919819,284.9678542517652,292.8914831110124,0.11581116584424589,0.08721112413586196,0.11991312696311593,0.2564715377672509,18.60989386357057,18.55884091703905,23.27138975266847,21.721320194575412,19.74148311101243,11.817854251765198,-63.16106160627186,-88.02479288390805,-0.9917537227265854
2006-08-01,0.8173364001267003,0.8173345164704499,-1.8635102296741914,0.7636341194317895,53.938324902555884,38.15901091672144,155.5375048568898,341.80784370072905,206.18799650347728,22.7830570708758,81.39607006772957,-174.86224914821213,327.21618729498016,273.3393245917667,-250.55997750553155,2918.0750850983663,284.7685794211017,294.3605359078723,0.1700751724908092,0.08181018025709455,0.11819860935211751,0.29688985432427245,20.099408211458243,20.043618135732245,25.33742840392771,23.64972559231626,21.210535907872327,11.618579421101742,-22.779347086235134,-54.436789657679995,1.3688432612052353
2006-09-01,2.9021127816940386,2.9020646557415843,-2.5900443873746952,-0.8862616715774618,74.96703852727275,41.88163739344017,156.98231551245212,357.3473915795315,221.54104241542095,25.544302567533023,69.21653100218202,-187.83746351418333,386.31317038918615,257.2376985709554,-278.4098579893188,2419.8341412520454,286.7238304391142,294.37401976104906,0.3367523606234775,0.164417390812481,0.17571555011963824,0.49928757432660437,25.47327001805166,25.331364428196004,87.06338345082116,83.97177823326344,21.224019761049078,13.573830439114204,21.172159418363435,28.40464253306574,1.7722565912883823
2006-10-01,4.371779767980051,4.371743852400056,-3.3221124189601636,-1.2019764159174242,96.15646824049506,35.68095896376734,136.76846533509226,386.4260510761954,216.99022918898092,26.36219616366295,49.13937706551249,-183.84435573092514,439.5429501690774,240.0069300287164,-290.8743156321227,1539.3465779621229,291.3820803133283,296.1570609756595,0.5462239978347923,0.30933277379901486,0.27825227206303216,0.7359081798710048,35.178065458049026,34.97162151806829,135.52517280738158,126.49721795139051,23.0070609756595,18.23208031332831,50.86738560340632,78.34058385315151,2.8675514611502564
2006-11-01,6.320492981599485,6.320420548172888,-3.596418629633897,-2.7688845136139704,104.09617200794801,37.325786749527495,145.3337199957541,388.24242165816634,228.91956990907315,27.929063493222404,49.8562891674794,-192.50470406962503,474.23086233119443,239.0854285480612,-306.12635076611616,1295.221499591071,291.3912428867703,296.47793093098784,0.4744061924231111,0.28982981246928363,0.3325072539571684,0.6890981546736847,36.39853872240976,36.157689447515686,189.61478944798455,182.88253900963218,23.32793093098786,18.24124288677035,67.04092221805496,144.60083307506898,1.2264561446701379
2006-12-01,8.842241196333477,8.842142739981197,-3.7787084217641342,-5.241929785602807,109.37253390384998,27.870944292953084,122.63248115595994,401.2040423651528,214.13519250286188,26.57465194209027,40.14123386210663,-178.63122004402393,488.3191207158261,222.86442531598846,-298.2497882628174,1150.0485038293587,293.5341809727657,297.2409698590022,0.6472807332194214,0.34239223001014363,0.38093305644250547,0.8191679872160228,41.882634948422144,41.55521147664708,274.1094770863378,255.8490376151967,24.0909698590022,20.384180972765705,75.38536294682893,220.61535867306142,1.2465079851142207
2007-01-01,11.133718307950852,11.133643796595043,-3.5760067308389982,-7.469059436464633,103.50547250097904,19.926679613065843,101.05734221588652,404.45539082481264,191.46839247089133,24.10779062631414,35.21632636763655,-159.18418794583752,483.95683232458424,209.39501066015296,-278.8717971193307,1085.0564937310924,294.1209066943881,296.9727748302811,0.7422088928878171,0.33922715841101,0.4567819279938216,0.8821017598902468,45.62046234179428,45.22489688293947,345.1452675464764,322.1540450403659,23.822774830281105,20.970906694388134,69.47678645917776,287.5896495344085,0.5357094641560849
2007-02-01,6.280764600084079,6.280683982021742,-4.1442081068120205,-1.8681830128672816,119.95138462911572,27.099559744572357,153.9363135844826,393.348676193801,232.23224727916994,28.349841105138548,47.33091197596191,-194.57813143177816,459.8889875313966,245.3547887717402,-304.6408633264457,1153.3724310341113,293.2547762280586,297.32564722791807,0.4396491199243184,0.27553333958148446,0.3046941839310247,0.652962246348052,38.387306426512595,38.16882197263971,175.86140880235422,181.7327541094254,24.17564722791809,20.104776228058597,59.28607455470549,120.87116895288699,0.19627508212818157
2007-03-01,2.925034996929409,2.9249940875346048,-3.977456971105529,1.7878974591995647,115.12521107005732,31.560059861380022,186.30959229414017,383.7515770990496,246.34824580433607,29.35710264681051,60.73259773118143,-208.43777501591856,413.83927124266637,259.7828710270266,-303.3503344111304,1950.155788160314,292.3110771163449,297.95773667826853,0.32904457760338773,0.11898543925530262,0.2219023274107998,0.4800797288842597,33.79220004256425,33.67479739190101,90.67608490481167,84.63524558838556,24.807736678268554,19.161077116344927,43.5674633841038,12.05759154913224,1.0199063532998025
2007-04-01,2.190597660042458,2.190527855994906,-2.9274622345129586,1.2147736203031392,84.73379914897602,31.283263370669474,147.2919324584588,379.9632058309934,202.0053077158297,23.805149685532175,58.14744928260032,-171.59896830201026,352.7158555010782,262.47616628009973,-255.26152024733534,1675.7887205560783,291.3547211219401,296.6140805720548,0.26853884260992533,0.18683888902435267,0.19930626372754148,0.48334043888123934,33.01648981660384,32.90127207848055,65.71792980127374,63.38332916651927,23.464080572054797,18.20472112194011,-7.214646032764392,-25.999572514985594,-2.565543500235549
2007-05-01,1.8654374271034744,1.8654308971765796,-2.1568548063817268,0.5924899676921329,62.42868270442759,26.241221714150335,125.34608454858719,349.11488956768096,172.65529264099948,19.466243231335934,65.64184231561931,-146.91223744324546,297.72516215452896,264.15364201004894,-215.79136022402068,2272.001771258214,286.930618601406,292.7789361112163,0.29145515768207386,0.1778741168509776,0.1935455454015209,0.48139580184083175,23.711542704257244,23.595315780564224,57.82856024020771,53.97658845997047,19.62893611121632,13.780618601406047,-48.36228178602826,-49.41486673953359,-7.399509290951777
2007-06-01,0.2680668094721156,0.2680938623541399,-1.7534878647594077,1.8280422022737843,50.753417279143406,20.443982961735202,130.82286658333499,331.5807621610604,172.19423321634662,18.56209477993933,77.82048476631691,-146.48233635648074,270.224682627101,276.28189115814274,-209.24318129241604,3577.9949513363035,285.8053187553696,292.7614560730421,0.24783487553983807,0.07383734166400056,0.08963916093284408,0.3326955709435686,17.81477636272855,17.78319278639142,8.042004284163468,7.757345554228585,19.61145607304212,12.655318755369649,-67.0387098657267,-107.49923293992674,-2.535548650714773
2007-07-01,2.2295234964881026,2.229519138265195,-1.6906578049866323,-0.46299888654760996,48.93503533561129,23.707642205491798,119.88976287930275,334.0298100899299,165.82838454292428,18.08281654551098,72.25273219037891,-140.8329981085228,281.63464361424576,261.76725288623567,-207.1244334393671,2929.7274585594273,284.55933540801095,291.5934479063766,0.31304523860672173,0.12736961803866834,0.1616494404332024,0.4277177444882382,19.90026633509252,19.79045556747373,69.11522839113118,64.51154913961791,18.443447906376605,11.409335408010975,-54.64281944686857,-35.003894019902745,-4.062411622959203
2007-08-01,0.3936764829023223,0.3936463359089911,-1.9339141485489741,1.471805950863261,55.9758103056988,36.84647053746901,161.60985591523155,333.82421234908645,211.45648556054377,23.213240091326483,83.73418153906437,-179.21004261591222,326.75432478706784,277.6947953378521,-253.88022819088116,3998.5408858965197,284.34706140390574,293.5451304942556,0.20902158283500857,0.09935879430387341,0.0742300602868385,0.3206285450770531,17.72030268099516,17.682004990460285,12.203970969971992,11.390229626996272,20.395130494255625,11.197061403905764,-23.814567146970944,-71.05372805935352,2.6535802336800387
2007-09-01,0.6834048054169914,0.6833634828483324,-2.3311797172585162,1.576946816948722,67.47444002689114,55.49569969603029,195.26347092383074,357.38567721496656,251.33398357537618,28.622632094362633,84.93245686889435,-213.31732086600832,385.8159553834053,275.2753153104448,-301.6178359646809,3086.680975835921,285.6697476822226,296.96453343427737,0.20068172935360465,0.08628445826558047,0.11391648977182531,0.32832000188798366,23.53998726442219,23.489763862171152,20.502144162509744,19.773248925009618,23.814533434277394,12.5197476822226,26.342520654236125,-26.77339472183793,5.414724274192523
2007-10-01,2.7276610760307416,2.7276280285649714,-3.122112580648028,-0.3390704049491194,90.36771147487215,52.992282490429034,186.8348208813193,379.2417652206999,256.1793526827969,30.43512915696972,69.33680603275214,-217.33525864933583,439.1527680152471,246.3793270936826,-319.1223548019519,2854.563329419313,289.19069414048994,297.6261953500783,0.49868561896808883,0.12625489965710968,0.21628066674337484,0.6093406619633448,31.957139319777934,31.802278067762536,84.55749335695299,78.92442212282903,24.476195350078342,16.04069414048996,72.74302770826927,56.66127970494365,4.638458651282491
2007-11-01,6.038284212288216,6.038198479908235,-3.9846440058470733,-1.9236207618402588,115.33303913096486,37.6989361676789,161.96333782361796,384.2766386678361,246.0807495540345,29.87544106284621,54.33917654776517,-206.98111458657468,474.0068021437986,235.67247058475624,-318.8308037186634,1780.4525780150475,291.15617357649353,296.47767606596045,0.5780828940587976,0.22866183587552624,0.2801821638427324,0.7194823569186639,34.76317080337675,34.53186040513936,181.1485263686465,174.71639120104848,23.327676065960475,18.006173576493552,83.15833313390715,142.93172246382503,-0.3900372598342585
2007-12-01,6.645547671060207,6.645505530782184,-4.226398987521807,-2.6998737078796475,122.33053260965627,35.84295748450289,172.43893081264926,389.1666129177472,255.7319483891337,30.994688352021004,53.463153063945256,-213.4513627840539,488.2481424222443,237.49093716880287,-328.2800716223678,1482.5542631967023,292.32370790787235,297.33440301346644,0.5225514298035073,0.21333840897215753,0.2885554450985391,0.677768224020502,36.73802096619699,36.513272146137645,206.01197780286643,192.2889331823549,24.184403013466465,19.17370790787237,90.78913445356494,158.93281540031404,1.8147196259495075
2008-01-01,9.07641583406173,9.076356551443908,-3.8545445891961387,-5.081661341149126,111.567241276486,26.887167729585407,128.21510256765794,395.04401476883197,215.63526861663803,26.6285507554565,42.66774671829628,-179.26958200844254,484.0577248411137,224.09880562709944,-296.4659648702959,1181.5582074166693,292.6748123102412,296.3762405356394,0.574803139081013,0.3286047539186671,0.38930403675966246,0.7818874255314769,40.17605062430367,39.85813813015298,281.36889085591366,262.62605762279827,23.22624053563942,19.524812310241202,72.36715924319648,225.2785493054339,-1.8525737159251463
2008-02-01,7.500062570210975,7.499995547895513,-3.990317357077754,-3.7037967246420194,115.49758772149131,28.324010898284197,144.31381357928873,392.84425015326866,227.56086277861846,27.905686441473627,46.17758718697541,-190.63067208801277,459.5083365925835,229.13421057317677,-300.97261847778145,1251.5399683136172,293.0684792234868,296.7550844880571,0.5794325892716842,0.2604973557358035,0.31769137657933244,0.7410613412870568,39.42662373131643,39.16461906412456,217.50181453611827,217.0137600664211,23.605084488057116,19.918479223486827,71.83840790460468,172.72309396827262,0.6314862812618429
2008-03-01,5.577656266766146,5.577627919962573,-3.7199951210071913,-1.2415658191517391,107.6728712259751,26.708781281006978,148.89228429441346,384.04359717165016,217.4493964964144,26.201897671035965,50.49163331547347,-183.75041394135278,412.41839276727495,247.57732574183518,-281.8839432428087,1281.0552193893654,292.3555323894711,296.3016915936917,0.39197776116757904,0.24903734738464134,0.26524586359917185,0.5947843676103934,35.897114451145896,35.700891358989416,172.90734426975052,161.3896967581763,23.151691593691737,19.205532389471102,34.306617500973516,89.14631491427751,-1.1228718811027818
2008-04-01,4.4628635674693635,4.462867655963801,-2.989479111547843,-1.6095971703115786,86.52839712152151,21.172176049741026,125.73579645963102,376.8762556403765,183.8282584786248,21.801878261813975,51.04717921267723,-156.05277168498057,351.17110689004306,248.01711047988886,-240.2604709164392,1417.8802802232242,291.3699064862926,295.3074261509017,0.43578750631528246,0.24944918193494214,0.2364667839377809,0.6014678323645882,33.62214784275911,33.437457332904216,133.8859070240809,129.1339020822859,22.1574261509017,18.219906486292643,-7.756639563449653,37.54384609627395,-2.694980698959199
2008-05-01,1.4454279453876957,1.4453898386985333,-2.3015489764084163,1.153549251126618,66.61668002161792,19.66461150633844,119.60944409035025,347.5622997219511,167.82660939130096,18.94176506884253,62.103366094395184,-142.84892963337882,296.62814126568554,265.60343460644316,-212.34548765893757,1765.8183609159043,287.2838064461007,292.2984824570368,0.22218409260624958,0.23162565434103427,0.18862626526447676,0.4509517611657555,23.409229069297528,23.312384888517943,44.80826630701857,41.822622647527005,19.148482457036835,14.13380644610072,-53.25794694750559,-72.51627633262379,-5.535727988972731
2008-06-01,1.2081939134142563,1.208109588303708,-1.747379690135456,1.120975588134823,50.57677377830712,18.014881873568477,102.80916222628427,345.199669057615,149.0735154699051,16.51292752761736,61.424043586397055,-126.80486311727296,270.02021944134964,266.2874887599827,-191.97518650788925,2382.256524168939,286.4689835439021,291.72065331522765,0.2696019826470072,0.1824056370456818,0.21579132280549365,0.5116506364391552,22.225940313115203,22.142637794058462,36.24581740242769,34.95687466156563,18.570653315227673,13.318983543902107,-74.31230225209345,-86.72136524783525,-3.2108361209997014
2008-07-01,0.3438332222281446,0.34381084083501956,-1.6956160523241988,1.432029347362789,49.0784037047504,23.55102651620904,137.9450544499478,325.79284683803974,181.5293385572409,19.515296067323206,82.35954428345572,-154.21484518493952,282.385096716704,281.4011037078638,-218.5547952591051,2280.9596403754012,283.7520056050892,292.41090637749807,0.059999355328073704,0.05630763066254879,0.11895002825784409,0.20324639745207393,15.831525399451198,15.797137267690411,10.658829889072482,9.948230348235521,19.260906377498088,10.602005605089232,-62.84630844875869,-101.20235248579795,-0.7741293194756338
2008-08-01,1.9239146629905806,1.9238444472749587,-2.066930224496767,0.6006194006363516,59.82594365325587,32.027532913608496,149.3886778499496,346.4705909417386,200.1554116833626,22.262910013522625,76.06009592752608,-169.69446208260067,328.1259890407397,270.8339307249329,-246.33818109811415,2569.7900005207744,285.51005592543595,294.2499850414199,0.21993058191337944,0.11660615402259775,0.15624534003071583,0.3511907812043369,21.520671054109787,21.422149409580385,59.641354552707995,55.666795349391165,21.099985041419927,12.360055925435972,-24.495749626818736,-30.43578751889366,1.780889588210222
2008-09-01,1.961778239469462,1.9617942126050378,-2.5086805578092797,-0.10914414430102666,72.611682720428,46.26079887394829,171.6423079774209,348.7211973826701,233.48380659005682,26.609597639547054,77.14843369223269,-197.84783009160654,387.2743293782858,266.62279877684284,-286.33994980756,2568.900661393496,285.198487419244,294.16435276719227,0.2355051856007009,0.1626587758878047,0.14825778936177791,0.3978058630821685,21.89848398122729,21.795266845191883,58.85334718408386,56.764878836951326,21.014352767192293,12.048487419243997,19.71715103071716,2.043432342242923,1.826914804997557
2008-10-01,4.210989137904403,4.210864790722088,-3.242427365376863,-1.1231599019692562,93.84977465971888,38.34515489516389,155.36112589795673,383.51283356676123,230.23799671102944,27.719593050610985,57.50335599174095,-195.02795367341372,440.25779984485604,239.92441903132556,-299.00791348450855,2179.351216625903,289.9160063370036,296.76657978731515,0.4978657058875835,0.20377812150653166,0.2759382280482777,0.6656393961404051,33.26236384503966,33.03532165764861,130.5406632750365,121.84215250931967,23.616579787315175,16.766006337003603,59.08349445318299,81.7462041759938,5.329668126789997
2008-11-01,5.602075396125798,5.602032820728555,-3.7800172284786355,-2.308037010214164,109.41019084697561,42.36631290369288,161.748078335896,386.4140260450029,245.5478133358388,29.77526841200126,53.30221085212035,-206.52241423444715,474.5852188165787,244.9909743013274,-319.6418108148552,1473.9078396796428,291.1225434786748,296.3495563664416,0.4168700937745122,0.2776906491933909,0.2652165260779706,0.6594967025086025,34.26238761283464,34.056394816157486,168.06226188377394,162.09585708126605,23.19955636644164,17.972543478674822,74.65083651352779,125.89280311615991,1.443699631658319
2008-12-01,6.974818536177893,6.974775088117131,-3.760166216588793,-3.856104933487111,108.83584126364032,42.89604562913446,165.36275119829912,387.8858500530809,248.88788419182583,30.249583214755337,53.705239700704354,-207.72970935863853,488.3556709253493,243.0830384620779,-322.86353424250876,1384.9920431049527,291.39948053303897,296.67329638073267,0.46513015946336866,0.2614630600550057,0.30966301435093047,0.6679479410914084,35.692363608769114,35.455877289705086,216.21937462151467,201.8164087996855,23.52329638073269,18.24948053303899,79.78049578043087,170.46848055131665,2.2925827651593806
2009-01-01,8.59059311527839,8.590554749579807,-3.923763789521988,-4.244027490430117,113.57099235036297,27.878839534907517,136.66851570069915,393.5564806877131,224.79544245218494,27.60297821389951,45.10598985752858,-186.86393694358287,483.67844070622516,224.83756613190812,-302.96270592765126,1305.6724485527204,292.4659772888446,296.57475590066355,0.5991158589397368,0.29287861715092167,0.3634094187009984,0.7639482570400903,39.18858289147176,38.8731909890492,266.30838657363006,248.56929252256387,23.42475590066357,19.315977288844635,78.12513979574314,212.81532476716023,0.30811520078380283
2009-02-01,7.708737394302898,7.7086343502788255,-4.124741315537999,-3.4136786556022565,119.38818280314548,27.237982748442988,152.37125670719982,396.7037117796351,232.21499931370596,28.452228319953008,46.36945772725587,-194.55038481635899,459.23462828714196,227.97352671302585,-304.5994378230354,1408.8184636178066,293.4274037737719,297.3425449164914,0.6391963004566299,0.22954519667238726,0.3077699240075146,0.7679605956181541,40.725692253739716,40.47096716429375,215.84464704048114,223.05076245019748,24.192544916491443,20.277403773771937,76.62591111000953,178.7337292195469,1.5547615375146364
2009-03-01,5.250549515728538,5.250488008510412,-3.8200113785516785,-1.3433650510966422,110.56786066873052,27.775611832680564,153.54401101528248,390.7090459229767,223.7625366058974,27.0129248141347,51.223396557444396,-189.10027750896054,412.8504419557229,238.08644574636287,-287.26397259761006,1699.3327311881967,292.9836084077228,297.29946051447223,0.5908848527189677,0.20407801607716033,0.26212992958612863,0.7100970634502671,38.15609097561113,37.982212438577555,162.76703498758465,151.92384283884294,24.149460514472253,19.833608407722807,49.177526851247194,91.00010057125456,-0.4665915498949431
2009-04-01,2.342253249271569,2.3422114449443185,-3.0413178029897137,0.9195266729874365,88.02928090268394,26.946112213053283,148.2942922732632,368.7358886873749,202.99123093260548,23.70029722857644,60.49635690771063,-172.29439577825238,351.6444822055562,269.48823336963545,-254.0078321418922,1442.6772386781035,290.4291276335033,295.46898958305167,0.24261556124107825,0.19186740554372977,0.19602408716581207,0.45643713942140396,28.617308619143813,28.520318988306826,70.26759747814707,67.77232190232404,22.31898958305169,17.27912763350332,-15.480401227743243,-32.56000598290767,-3.177354245195474
2009-05-01,1.6213486552583645,1.6213298421920768,-2.159332658036432,0.4798951539983256,62.50064379764958,23.88925509490905,124.62860193776912,355.8908471595943,171.5936571510567,19.42860884414628,63.07844534155765,-146.0744486646167,296.95895164738886,263.7915353948864,-216.4896857986213,2104.6957492304577,288.5465573430392,293.60347790274443,0.30097306010221603,0.18470301118480514,0.1421925890749247,0.46201114191257586,25.764994685191528,25.672610226557754,50.2618083130093,46.913479230094815,20.453477902744453,15.396557343039206,-47.3018495962651,-59.495118594320296,-3.39389556949957
2009-06-01,1.5544152420985078,1.5543596835225604,-1.6796033888407824,0.42616202044816104,48.61499640165554,19.960202674998246,105.09307505947218,336.1303495730119,150.71476600959326,16.5201588492785,64.89269310027082,-128.13507179662085,270.06568456787926,266.5115425555942,-192.20272219471747,1727.3675799882856,285.51637688799997,290.5000556594269,0.2225519880491377,0.20782676642603867,0.1830112517823521,0.4548857993930078,19.968493789123688,19.871520021575083,46.632457262955235,44.97568528711112,17.350055659426914,12.36637688799999,-74.30882036087672,-72.6153110951174,-5.332820380303751
2009-07-01,2.8172898698718467,2.817314333734549,-1.732802126242228,-1.2650009609113064,50.154819556352365,19.939949691416903,104.73604330671867,348.5714671714361,152.37067196820286,17.01538622239566,60.715599675920856,-129.44669987941197,282.1244143595204,253.9184697051753,-198.6613464953458,2509.705802783193,286.4769472361964,291.9919665063478,0.3656173500034912,0.18189151952912483,0.21818933514880665,0.5198824461624383,24.45876826010735,24.3174563523594,87.33598596602725,81.51951197148578,18.84196650634783,13.326947236196418,-55.2571232098295,-22.528761750417928,-1.3636690442781543
2009-08-01,2.0130748695848713,2.0130475436834803,-2.1582145874699985,0.3310432959413655,62.46796095442955,26.784326351734887,132.02023155775683,347.95200665571184,188.0289393992433,21.099684081672237,69.10802954137124,-159.43628496235635,327.6634166914346,263.67490966879853,-236.8601666456625,2144.6867379632195,286.07198803287764,293.27638364755666,0.2477264906451807,0.14928681024663965,0.19196076343105054,0.42202373959570727,21.854614667790067,21.740187473380754,62.40532095713101,58.247903463063665,20.12638364755668,12.921988032877664,-26.81474302313603,-32.11076862932259,1.0759681148206752
2009-09-01,4.706402293456323,4.706380987923971,-2.8200617042381237,-2.129764712728546,81.62519023143697,29.43371882325567,128.85369558819806,377.97411522362074,196.73278617932064,23.270511991466297,53.02431068897295,-166.76945858643947,386.7797070418614,247.25849530343382,-262.55785540884835,1841.0392584400956,289.8643558069256,295.2560557126938,0.38047197195457,0.2378416929461474,0.25673323203517306,0.5934997050549569,32.88534023049131,32.67514422311402,141.1920688036897,136.1800054376149,22.10605571269383,16.714355806925596,15.299360105414536,67.1679364688186,2.686238842773875
2009-10-01,5.744115271332966,5.744134586734371,-3.471062489154508,-2.6338866358996764,100.46777562336051,34.27409757915592,141.43847646984395,385.38180848460775,222.54788300936346,26.98259388571025,50.388762751408386,-188.49367023694646,439.87219428272795,236.44936870794052,-295.09568719977074,1589.5382984052499,291.21098287197674,295.82647332328065,0.5284752813729438,0.27774526605371086,0.21728430843929855,0.6991239384501164,34.67382259592016,34.446172129335686,178.06757341132194,166.20759799578622,22.676473323280675,18.060982871976762,58.646318491830215,121.02310658123429,3.3630342830216335
2009-11-01,6.231861369670256,6.231745197466552,-4.010073422943713,-2.876907082502972,116.06916700155631,31.721048904076532,153.26897023595436,399.44942038229937,236.73405258544554,29.030124021698782,47.56562483270078,-199.37409545197255,474.3665521220194,233.74192245664904,-314.69732632879357,1552.049584313642,293.3922281009456,298.00812524431467,0.6141372714959648,0.21601063671102153,0.3087195148098949,0.7421211970356164,40.923529900916286,40.689525636598354,186.95584109010767,180.3167013155831,24.858125244314692,20.242228100945624,80.95540387214453,141.18468347253238,4.018254713638925
2009-12-01,9.374716514241285,9.374650243097356,-3.918741528706406,-5.502503927887991,113.42529550801314,25.43627184458988,126.88866625422523,399.39713507630285,216.37534028682256,26.763456286195556,40.77929014249818,-180.47379815366327,488.2884696331612,219.70613913753758,-299.67860331895383,1194.8498355237446,293.2784413124195,296.7347444534452,0.7001022721736988,0.3267368531429538,0.3862592835905009,0.8316489932600762,42.16358951419414,41.82795010245467,290.61621194147983,271.25724083036334,23.58474445344524,20.12844131241951,79.97246418141626,236.9714688452044,0.832940658562066
2010-01-01,7.988698481487096,7.988714378916239,-4.20757905123464,-3.1526549631334975,121.78577116364094,25.341810664650215,141.51129996541212,399.79248136523796,232.1854347834456,28.733800380885114,44.31233249047241,-193.13629431744812,483.83900112160137,218.7835514081612,-310.145024756972,1563.4305441693161,293.4985498091747,297.288773187821,0.6883606967833867,0.2022908849483823,0.3644365470699131,0.8167506179567321,42.703448704590414,42.422149144790474,247.64965292609998,231.15492994549302,24.138773187821016,20.3485498091747,91.36147334881082,199.03425213197835,1.6963799986845487
2010-02-01,5.576227196334402,5.576229232345615,-4.309987779370671,-1.8552688809450366,124.75050169544053,28.91875534438089,172.7662957749646,397.6652377513155,245.18197223166354,29.87100053465506,50.76428170910487,-205.69753495957056,459.57348653587337,241.87955901026456,-315.04702963076846,1877.6480656307447,293.30718942974056,298.16294277696113,0.5281045945755949,0.1609536327902271,0.3161920200517858,0.6812766771541114,40.91232425036657,40.690375952979096,156.13436149736327,161.34922547296338,25.012942776961154,20.157189429740583,73.1674706205039,108.50219818738248,1.2639962106442795
2010-03-01,5.383902653081292,5.383886749125034,-3.7558891991075307,-1.5949260993402288,108.71210295736635,25.994312980457337,150.64567151835686,391.46369926378213,217.64385479745542,26.265394240511846,49.27187543045083,-183.9819805587999,413.3448282096873,253.64122459730763,-282.8354317690681,1286.0839899221285,292.8653072213988,297.17510777444096,0.34263847466643255,0.24162209753917702,0.26235851453744247,0.5680768382687409,37.563573396972444,37.368795823723815,166.90098224552005,155.7837601019975,24.025107774440983,19.715307221398803,29.194207171760496,76.26217512586625,0.003689190525392405
2010-04-01,3.0024590380929896,3.0024695162502337,-3.0014281303758588,0.5742084796463072,86.87485193875591,22.834723499533993,135.6709090155699,370.2632729124566,193.5529259907407,22.620065926419322,57.441072431339705,-164.15429594785684,352.1720816927625,264.27212438117334,-244.93091810663722,1829.3430629205961,289.789384158602,295.21698300811624,0.2852470017720738,0.21585051053984625,0.26327560806295974,0.5493292267870664,27.949594777929107,27.815611791249246,90.0737711427897,86.87701146557389,22.066983008116267,16.639384158602013,-19.34120627453612,-16.342694825945372,-2.9963519217727708
2010-05-01,1.6782185401618457,1.678201326027647,-2.0525872016070634,0.8819426453689407,59.41097995599311,24.684860836942978,119.06901189261632,349.2110387386433,168.6985583081881,19.055507791299846,64.76056727356892,-143.4738257924456,297.3365324275092,264.60664076995937,-212.4288330402318,2661.813374407981,287.0741691405911,292.4938081242466,0.28685127595715665,0.21581126619377775,0.1491800397293917,0.5095512923551344,22.466501264024256,22.3615064098729,52.02477474501722,48.5590661466333,19.343808124246607,13.924169140591118,-52.17780772972756,-57.64713926502799,-5.382582274059402
2010-06-01,0.7424682779051587,0.7424534521553402,-1.6643943915546535,0.9122866008093615,48.17473218540818,20.182895540213995,123.58014848604876,329.5942082702605,165.46087123374227,17.845114713270025,75.75629448652192,-140.68586289236362,270.1559631055442,277.2931534035466,-203.43837666357956,3196.9006986537443,285.02418969030157,291.5629679994309,0.19127216292649996,0.13783377743497938,0.09972264969015351,0.33886153425087123,17.569068235765958,17.519025226918867,22.27404833715476,21.483028129494798,18.41296799943092,11.874189690301591,-73.85477673996706,-97.11842147609995,-3.4280593197804805
2010-07-01,1.2926058137116587,1.2925049107168933,-1.5610971018099906,0.4062869140422618,45.18476949086749,24.237665162605943,120.35400995766281,340.804399727422,165.2928500375114,18.11331496961371,71.30174975456471,-140.40580485540838,281.9085046312418,276.87203325246423,-207.81751454547555,1944.0609520040146,285.2289499815066,292.57037052861466,0.1125390876581172,0.15817761813219955,0.17124678096011053,0.3201726758115922,20.33987302976599,20.258674337603882,40.07078022506142,37.398868944354554,19.420370528614683,12.07894998150664,-69.05451870698869,-76.52203970087186,-0.31837955262976436
2010-08-01,0.42708839774268,0.4269909812170141,-1.7755497732863035,1.3254005094234558,51.39245968854132,41.314249390185154,170.4682490693402,325.881720081386,217.47578495865307,23.638342362529812,90.22642692568884,-184.31143913802242,327.2519352594851,285.33085712176734,-256.97726113095075,2813.33471251127,282.44070944620034,292.99916698242316,0.12437119927521291,0.10743098037749862,0.06118082856153046,0.24194283780219486,14.940631420929698,14.90333077802255,13.23974033002308,12.355063113918233,19.849166982423185,9.290709446200367,-28.353595990816586,-68.76929569904678,1.3783031336071048
2010-09-01,2.2574388608056126,2.2574344388050926,-2.1928406234546283,-0.4442675136133927,63.47047675501902,51.13144620701561,175.6133707980489,357.7034466335966,235.51660105609812,26.937165226618323,80.4122351370405,-199.71588297273388,386.34301866507485,267.60808973214245,-288.489437521931,3118.889330603693,285.26752518046567,295.87889330217547,0.2715917921930678,0.11757215655571862,0.1756124984651805,0.4206574561178249,23.766556864538636,23.630164168906607,67.72316582416838,65.31928353023994,22.728893302175493,12.117525180465691,20.88134778978855,18.028429691350716,4.701724873658762
2010-10-01,4.800466647499413,4.800491147071558,-3.517177176307959,-2.1005791129150158,101.80279702408549,41.150057113790695,169.09567675658548,372.5149863280519,242.21752093370668,28.786510576308242,60.698129640853615,-205.2112267951935,439.55200332590186,249.13957978245838,-307.6453346476177,1958.8854566625753,289.2884234704468,295.33961565650685,0.40734677085823456,0.21750786769317337,0.21724158780811878,0.576493451297944,30.643598936746713,30.44950420884386,148.81446607248182,138.90310032035757,22.189615656506874,16.13842347044681,58.505754865159304,94.04581514496766,1.5602430164637155
2010-11-01,6.288467156342044,6.2884813303265075,-4.006898022023644,-3.1865302867469785,115.97752146903723,36.56802793156481,165.67552614235248,380.2729516534055,248.23759205513332,29.91309679336228,54.449299856077836,-208.8440274466797,474.2187478427512,246.35852237758053,-320.16185447419366,1335.2164035354049,290.790535933429,296.0124184031024,0.43021822575967394,0.2595715632740889,0.26098884883971263,0.6275750619022492,32.11620330743253,31.900096340094947,188.6540146902613,181.9583718265772,22.862418403102424,17.64053593342902,73.80333209661313,137.9350042641533,1.8491781899998188
2010-12-01,7.79075210645781,7.790774014140819,-4.044616841233787,-3.681009615680174,117.06916926952816,31.085167984591713,147.31581873985394,398.0600132435859,232.61798097482452,28.78938923963123,44.470959151720294,-194.06477940319084,488.2946958527064,230.52554271937126,-312.8323031763155,1267.3518562748095,292.9896086057781,297.0994335189089,0.5746016799152021,0.3015243936501502,0.32309060051185823,0.7606463906781268,41.42956159128653,41.15782577236885,241.51331530019212,225.42748883509316,23.949433518908904,19.839608605778096,82.30676045694426,189.22559702515858,1.4394829973506802
2011-01-01,8.540883314878338,8.540913111658663,-4.201020165582574,-4.288665547863309,121.59635824178328,28.18618074538564,150.76200767474555,398.29733267075085,237.15529500847646,29.191784378981243,45.08009460686678,-197.45091080120687,484.0808971665802,222.46887173916448,-314.42835121759197,1289.350999823172,293.51680028709904,297.4097680521154,0.6350851690012395,0.24560767000077133,0.32358680297898085,0.7613325842783919,41.689435037107344,41.40804603662865,264.7673827612285,247.1329025364196,24.25976805211542,20.366800287099068,91.95947947842748,214.90774656589264,2.58827720717116
2011-02-01,7.197930454179525,7.197930286952797,-4.009390637889565,-2.9650753174159,116.0497325684255,31.25337114380784,150.28077173401098,397.32840567993173,234.12977370487033,28.682176682268747,48.56464839271793,-196.11634036247176,459.9903753239736,224.19865689712185,-306.61237163039857,1517.5264096153678,293.30367993522503,297.6456885732048,0.6127701419130057,0.19524133825110743,0.32763946056539256,0.7568725090387755,41.721431943706385,41.49275800600714,201.54205271702668,208.2734458030323,24.495688573204802,20.153679935225057,82.41371473327672,174.38883971036302,0.24858825752050961
2011-03-01,9.371941718906426,9.371953265809841,-3.120837388205498,-5.67254900155841,90.33089577766049,16.547587470852946,93.24129757890248,395.97659121883623,166.69525343733574,20.7247935653266,36.14562485420408,-140.74000389597882,413.909206639297,225.5268375758221,-243.1114849214778,963.8789436136924,292.925530046205,296.04544454706473,0.5698149886495302,0.3757612307101514,0.4388081107286807,0.7881412356854145,42.19934387634277,41.82492223860082,290.5301932860992,271.17920329310886,22.895444547064756,19.775530046205006,17.584647345655696,200.71705906784274,-2.2841042067386894
2011-04-01,2.9364888475081035,2.9364848089628097,-3.1378705093721235,0.17414380685322908,90.823903052265,22.8323321833577,139.95046159783018,373.2256034587985,197.2555960188088,23.172461027541754,56.67485425707227,-167.4499620670084,352.7599244114896,258.9749537430715,-250.40996583839242,1625.1798756326498,291.0108787941504,295.65789140349307,0.32521255802679583,0.19696577221400646,0.1936076558012589,0.5123795321913611,30.331090271723774,30.202010790409236,88.09466542524311,84.96773174082203,22.50789140349309,17.860878794150437,-8.5649879046791,-11.54003179043552,-2.881127425686543
2011-05-01,0.5119188404746233,0.5119560452126026,-2.1150349436188147,2.1215810054355684,61.218342725689574,26.38739010203263,127.53721461882355,346.88902520000295,176.12192288901113,19.81528676740351,67.46674764577078,-149.82422778472187,297.76789901068264,270.3767154334447,-218.8054426898031,2400.3577614050473,287.04467840784287,292.7674069858225,0.21545790080008026,0.19083521468578007,0.14915261483577372,0.4493625919009204,21.716854741671522,21.66164996704957,15.869484054713324,14.813542974901697,19.617406985822527,13.894678407842889,-51.5712727436416,-92.72781980565836,-5.24825268877111
2011-06-01,1.6064718509843832,1.6064703288906226,-1.7191082678379566,-0.30168049763281035,49.75850606522374,20.879543362114113,118.24504034665006,330.93736391717863,162.1929022141207,17.630888282681006,71.81764784574655,-137.93258641193088,270.2919759522342,266.05794713829687,-201.37192878039642,2844.2831257005973,285.0286587345875,290.99937064011226,0.25890158087188464,0.1421872613485329,0.11916613838783734,0.39669258824235054,18.624597840600405,18.53962843598356,48.19415552953149,46.483516460955514,17.849370640112284,11.878658734587532,-64.68601835790045,-63.43789710101518,-4.523110861153519
2011-07-01,1.3030599145521342,1.3030642383070374,-1.5594348996862735,0.40458819427182063,45.13678817526947,25.02366267612306,122.33836024462637,339.6312951931383,167.80077350597713,18.372612172009184,71.91424062644488,-142.56271659670048,281.7433356616574,266.4555656456846,-210.02010891944312,2828.8808467877498,285.1563294592006,292.5549593012807,0.249444627352282,0.1285937122497345,0.14728122973190635,0.38043781019743333,20.95811983557667,20.878270309583563,40.39485735111616,37.70440504360641,19.404959301280712,12.006329459200629,-56.43545672624148,-64.3558649767676,0.4880251188630709
2011-08-01,1.6252358180434174,1.6251786122100083,-1.8357761005765323,0.5482118468041535,53.13529553058818,35.20464449007602,145.0643431580502,345.7140805864629,195.0288427462067,21.716383210253035,75.31856734447018,-165.37309779764118,326.89741861596343,270.71746615727983,-241.8485136019363,2951.859768693421,284.40034175846864,293.919139493776,0.22725041808895535,0.13487153746448557,0.17148875422555662,0.3879845895238936,21.508292728332236,21.399826031171987,50.382310359345944,47.02484410329885,20.769139493776038,11.250341758468664,-28.868952555343526,-36.693994415139656,1.714590432506796
2011-09-01,1.0388284617463104,1.038805373133638,-2.2647364530863396,0.8085956817543185,65.55164885110553,53.852259615343094,189.8705179711926,346.2824475026169,246.7485198498006,27.862507669664954,86.18672724539448,-209.23967129686994,385.9726283626381,276.22701704048814,-295.20800106974184,2852.545306817004,284.4202726256743,295.24339118627574,0.19051341177993777,0.10643489523752182,0.13012360543710672,0.3306038120715094,20.095616320438577,20.022488898633657,31.16485385238931,30.058025842987213,22.093391186275767,11.270272625674295,18.980984029253705,-20.161674563891452,3.6490355850268514
2011-10-01,5.526588150014678,5.526586710157911,-3.2201637084493626,-2.555177250702522,93.2060542054619,39.68794533403367,144.84030145908278,379.4797475605862,221.87151069207684,26.701360931709242,54.34539836654752,-188.01831666908657,439.3057381067098,240.78409190844093,-292.512983434976,1531.4023773516585,290.02064764978195,295.64546146672217,0.45685816696644943,0.25967422459344913,0.29371120780111964,0.6449980340339867,32.99419298901495,32.75721154113813,171.32423265045503,159.91280990040252,22.49546146672219,16.870647649781972,51.72889152653505,117.6567284584322,0.7789187630434782
2011-11-01,4.6062448302473955,4.606268299232715,-3.722510091546732,-1.5038872921921875,107.74609964036668,44.55882268508562,178.09870872363484,373.49402374429957,256.30071022318754,30.703895104483937,60.996145022086516,-215.5961866010218,474.149807171167,254.21166721045896,-324.3270662379956,1643.807759003508,289.4936719414869,295.7523868204346,0.33479813354759813,0.23132904701565332,0.2840446346664594,0.5628900991734331,29.294950115572632,29.08655083977028,138.18734490742187,133.2832262509466,22.602386820434617,16.343671941486946,70.11539902753665,93.3574063846336,2.295119253482966
2011-12-01,7.1543727836719535,7.1544075790387485,-3.9190888249202143,-3.9790239746104423,113.43587711347023,40.38004968078557,168.66281916923816,387.5050518962097,250.6963183193267,30.604380621410293,53.6319485628599,-209.16696520629026,488.3824651463463,242.21065787028041,-324.4030101426634,1356.550208095493,291.54748409851743,296.73278067231075,0.43750565298096017,0.2607739487209063,0.3054995365894432,0.6404347296401058,35.544332097688624,35.3246663425617,221.78555629383055,207.0141081897786,23.582780672310776,18.397484098517452,82.19235227238298,174.05149349951677,1.7190898491745799
2012-01-01,8.762397858039105,8.762384450133592,-4.020848948788513,-4.173177757352306,116.38100391414345,29.776471622079924,150.8197068001927,388.7685270203896,233.50114494462505,28.48056853501488,47.6797500333549,-194.31593990409104,484.29375114055114,232.75492195994977,-308.9971904093306,1272.2338821985352,292.0768264412015,296.1199961930566,0.492390943321307,0.25075006470785355,0.38368332511140235,0.6961720345997555,37.32988483421636,37.02762224791593,271.63433359921225,253.5412167284025,22.969996193056602,18.926826441201513,76.24226844938082,212.9237669291271,0.4787143345127589
2012-02-01,4.409802696435059,4.409853971923287,-4.227007821782541,-0.17450102412269336,122.34857980950255,34.09588877937799,179.96172259323325,389.1534088369898,255.9224489220091,30.811827691705805,55.76643920495461,-214.4838089702176,459.71546174920553,244.0449327469509,-321.4765850001354,1695.9453704022665,292.4052288924705,297.8414584564775,0.46739678223348563,0.15013983559756544,0.2763238470991918,0.6326810263666952,36.01213109218812,35.85581501003952,127.8842781966167,127.59994131722473,24.691458456477505,19.25522889247054,77.4316522531845,80.4101125845242,2.272901176382476
2012-03-01,3.282619666489526,3.2826662240763125,-3.735922140348273,0.3974931335368873,108.1342048604493,37.6359567997318,181.90068301683843,379.7080342115102,243.53414507251478,28.931711228903822,61.055925878655685,-205.98823379011452,412.5828279386803,258.7603537703533,-301.22359427340353,1645.2255282091287,291.30203763444064,296.893729951998,0.3204022315071751,0.1614820713581847,0.20833666952485586,0.4913306128227889,33.049505834784554,32.92033371440131,101.76120966117531,94.98455509480071,23.743729951998034,18.15203763444066,42.46324050305026,30.15144448612392,-0.837853748722253
2012-04-01,3.5559059133493056,3.5558988116806822,-2.8175142552998023,-1.0588209480992528,81.55145304373681,31.587870127546058,140.476678784618,379.45808359583344,196.2011234200679,23.200116604644386,55.501256505159226,-166.61784449025163,351.29620802133286,249.60016959811736,-249.98268017220147,1694.7573630354727,291.05666630408064,295.8829087071845,0.4696305385622575,0.20811751894291444,0.20530260027318364,0.6223624032364148,33.92644615121895,33.75732711702186,106.67717740047917,102.89059061576049,22.73290870718455,17.90666630408066,0.38251057408410816,23.744383332298256,-2.0227351861904737
2012-05-01,2.0386533134154883,2.0386436622609643,-2.15718708689554,-0.22785974121651062,62.43854522177774,18.732113861857435,109.78775803042055,353.0116523563244,159.89500352800852,18.189857640018232,59.17628272163077,-136.01179835139448,296.73930368915615,260.64067046563804,-205.79859906716845,1634.3329550227459,287.93849659360126,292.59758331790636,0.2652205350887019,0.2326841593827305,0.19288449609532785,0.4984486093353814,24.116317438716017,23.99583584192551,63.19825271588014,58.988531894125124,19.44758331790638,14.78849659360128,-54.842071398469585,-53.956941272250724,-4.335143453871467
2012-06-01,3.8336743966250126,3.8336840251761948,-1.8552289184811714,-1.3153724378772225,53.69891177091711,14.370620226482458,95.97500350458809,353.97622464974285,141.8903056459583,15.840790357993152,56.41734236684664,-120.71649044517996,270.15279182114875,257.37934376045126,-187.6367658621459,1673.1516194447404,288.0415560111822,292.2959256034005,0.2613039294390254,0.26051199015071497,0.192602824631238,0.4806219451993365,25.19399578398172,25.020962337253568,115.01023189875038,110.92835720995934,19.145925603400542,14.891556011182217,-69.74257789830537,-8.7427485401969,-3.770383919066248
2012-07-01,1.336954583316901,1.3369778207901566,-1.8316792071719405,0.5822061853469419,53.016978468639124,20.24937715445903,122.43659815710112,333.58069407400586,168.3288003630873,18.314751098307024,72.31805369109921,-142.91522181443807,282.5602965261284,268.27981743534883,-209.27908589651145,2520.097365856259,284.9314033010577,291.83894271115224,0.22178542466091924,0.13971800053005676,0.1450284189535814,0.3678293671143356,18.621686162352308,18.548012279134383,41.44559208282393,38.685700833048514,18.688942711152265,11.781403301057708,-59.000731538837385,-70.6628216746687,-2.669187499759289
2012-08-01,0.1690395865754764,0.16893628041663908,-1.833743746383276,2.184055551401168,53.07695086767261,38.43623625698535,153.9311010281321,339.02322749076933,206.41432044346806,22.786425663166483,81.90081832326642,-175.02073820213528,328.34531847300957,277.47948401176046,-250.14741010395971,2566.3194706655004,284.44290582036757,293.9959023575914,0.14511784509014986,0.10027580621210408,0.14254692227683785,0.3180196538016089,17.79571256789723,17.75891475640956,5.240227183839768,4.888202558351825,20.8459023575914,11.292905820367594,-27.332073907800748,-77.12755497133243,1.6067327542108956
2012-09-01,1.81872676304398,1.8187233090125297,-2.438917562222633,0.20226995736583578,70.59291914021428,50.66186224452388,184.2547371644803,353.2192154897158,243.45919240017926,27.664965108460077,83.05526438602249,-206.5595632501169,387.5203995030212,267.32873627076566,-294.10884364520575,3171.2573198725313,285.27604541951604,296.03330969396853,0.2930361656121031,0.11096182013446018,0.1284376267986359,0.4070097141455541,22.07817187436626,21.980008933146667,54.5618028913194,52.625095746890324,22.883309693968556,12.12604541951606,26.780107374440092,6.562766501759889,2.2495174793562427
2012-10-01,2.5322739520657107,2.5323151158466475,-3.228639589709698,0.40430697248047004,93.45103437521587,49.929733221107746,189.50685677122956,379.57045370561866,258.3912360690057,30.70616803405714,68.3977850654704,-219.16996670178509,440.5124771875467,254.3376668282354,-320.80928175542624,2831.3219706130353,289.3120315169624,297.76361971342095,0.425408505450506,0.12530835088612016,0.20844040158186494,0.579699175949168,31.309130628152534,31.156841221379402,78.50049251403703,73.27300682426642,24.613619713420974,16.16203151696243,66.47161492719084,38.90217333625032,7.391414039991076
2012-11-01,5.8674511611106395,5.8674485221014265,-3.7101185410379145,-2.217929195286544,107.38736547510977,39.57881851319476,152.85652195445056,389.9510007571779,235.03996971374215,28.61627025565062,51.07938687577854,-197.80882922691663,474.837928158136,241.75187516581832,-311.8817591322757,1417.1902196815543,291.50862502013206,296.74005968536875,0.4852320565973975,0.2977299590288377,0.29992521911958797,0.6945815209430461,35.92557431211604,35.6925075780548,176.0235348333192,169.77570955154593,23.59005968536877,18.35862502013208,70.12988396645738,132.75496968006,-0.23674163716644614
2012-12-01,6.261187582455061,6.261190425265873,-4.264382301615342,-1.801192196981012,123.43003523898663,38.64416668602463,177.7623546840391,400.74997421104524,260.1603165767004,31.94049634716375,51.57685181581939,-217.35152447922692,488.6031101572645,232.31304318324334,-334.1615991246358,1805.7265278563457,293.4312399077878,298.41685904840637,0.612276058056212,0.16289450115798118,0.282481486293378,0.7291721004700249,41.532258505584345,41.31283447807962,194.0968150561069,181.16870443477643,25.26685904840639,20.281239907787835,101.84855594139248,155.88675439878602,3.7004707383962625
2013-01-01,7.668456712805686,7.6684959619585,-3.9238574701456392,-3.696133396849658,113.57368846871127,30.097384092546736,140.53404794868672,394.8298542570518,226.26885679372302,27.80916735348657,45.46102844328985,-188.16536780177867,484.04784406487937,228.66399327143273,-304.6793601875678,1291.7897611338678,292.51876426391857,296.73804131593783,0.6013163512833251,0.3166923135171692,0.3554710687028195,0.7721149093057453,39.31933799520612,39.02828301571625,237.72215809697627,221.889350751114,23.588041315937858,19.368764263918592,76.01536691613506,185.29776240130695,-0.9667332027691771
2013-02-01,6.691185152553999,6.691191986379527,-4.076934916589438,-2.249195989179775,118.00486724130444,28.54317545078693,151.92804852888747,394.13109480004636,233.80681661857014,28.50044437908564,48.354946134856455,-195.91494823636015,459.5679833547946,226.961880172939,-305.708225817722,1713.038886803722,292.98449752789963,297.1887974338816,0.6010838009786973,0.1901212455238564,0.31929994023377956,0.7460017774855975,39.522080798078015,39.26787313290696,187.35318427151196,193.61087923551872,24.038797433881598,19.834497527899657,78.74634564478299,153.34039822958493,1.0119594094123272
2013-03-01,6.228880401700056,6.228865249896509,-3.588094444437256,-2.410669546948588,103.85524488302029,23.592272139196417,128.57195510274266,392.8678127373064,201.05199520969884,24.561331113954548,44.540966405898494,-169.77033201680172,413.12953080891054,235.58481609533143,-269.89129385824367,1304.67831755087,292.7917864328848,296.5267782519611,0.5270014004506665,0.2863136500286617,0.31241680199715793,0.7143586701676637,39.42808653462886,39.17885476065114,193.09529245270173,180.23336949932028,23.376778251961127,19.641786432884828,34.30647776291224,112.90275379052571,-2.2181514113134853
2013-04-01,3.4835036188270414,3.483527617300042,-3.0122429932854122,-0.2853066582723292,87.18760699900774,21.776532256452143,129.8729032130784,367.0113090367111,191.68804081851988,22.451345376802422,57.023114142744646,-162.61084126414153,351.86681048990386,247.24782095095915,-244.26478637906854,1851.9143326706642,290.1500298208176,294.5456806484877,0.49626323516031046,0.22802362260359407,0.20643739898814686,0.6357150646317984,29.78178718698428,29.628604995673314,104.50510856481124,100.79651670428362,21.395680648487712,17.000029820817645,-2.983034571890613,14.002287267448267,-3.3764121340630027
2013-05-01,2.404926391909194,2.4049456910638742,-2.150072602674688,-0.12393533742552208,62.23265624984251,22.165266172893826,122.79179564986092,355.2189706849111,169.42053785161568,19.16430215753954,62.826031981068674,-144.1931675694374,297.1524856383124,261.82347999092383,-213.70858098195106,2019.3237321541114,288.02871498608164,293.4293602333302,0.3380347081181525,0.18200625622129146,0.1871792999075308,0.491493779669696,25.21019092892443,25.0865083922514,74.55271814918501,69.58754893124636,20.279360233330237,14.878714986081661,-48.11489900897277,-37.72921949320133,-3.0307868343675963
2013-06-01,3.6404137800736867,3.6404199260914267,-1.8005457831835887,-1.7914760783583343,52.11561449643827,14.830892277675002,92.02687073283312,359.9695850253374,138.61447549380134,15.592624368777127,53.28122781905339,-117.96816389118734,270.2705871584232,253.86213547100226,-185.454367760065,1733.5746050464857,288.76153524451183,292.7241402422934,0.3654340118870844,0.23442339621213482,0.22498919600679085,0.5504980186324997,27.49911336389156,27.31579661356394,109.2124134022106,105.33622471329359,19.574140242293424,15.611535244511856,-68.40776771093726,-12.92758679210263,-2.259570701979314
2013-07-01,1.3338966943240487,1.333873843693784,-1.7934630060444399,1.1855083648096578,51.91139406549732,22.91492446748874,120.61911909529461,335.3922372711387,165.41433025627998,18.047891124167364,70.1885660400976,-140.45178600048007,282.37737802016176,273.03361524171805,-207.66425482397796,1809.4810636321483,285.0539499516267,291.3821561333178,0.13825816746721745,0.17571861844084596,0.1336550802365938,0.3184538648554767,19.740575959520537,19.657905478409294,41.35079752404551,38.59588668095439,18.2321561333178,11.903949951626714,-65.3693604177401,-74.12176922967943,-4.563098572603586
2013-08-01,0.599802920679252,0.5998001855724181,-1.8128050148068648,1.1266752830555187,52.470117562094,37.923281349276216,148.566355627736,334.37793401629983,202.27339155663304,22.325973396147514,79.78869696390748,-171.39144491938126,327.9733698160597,271.97991394869416,-245.9503498918944,3320.2189445624326,283.35974075438367,292.7130963996643,0.21298410207361895,0.11504999390140858,0.14008044814220919,0.38540057706082137,17.624409027874876,17.566155790914216,18.593890541056812,17.355329443646355,19.563096399664346,10.209740754383688,-26.029564056799757,-62.35370121935097,1.2093490441035541
2013-09-01,2.870007876161871,2.8700069444269496,-2.362145216151249,-1.1829764790601935,68.37092854138486,45.88759450057086,161.00963663093654,359.2259021254172,223.958520606494,25.803251717758883,71.77311163745055,-189.93106092202132,387.1328171215677,257.45524990771423,-280.51112423579906,2670.6415908703066,286.3461011698838,295.0595184228529,0.31631163319627476,0.15493798336582318,0.1942770287615331,0.4765752111666654,25.446454792470742,25.30534370209906,86.10023628485612,83.04418241976127,21.909518422852898,13.196101169883832,23.055874328084826,33.8297019638462,3.8994262426150357
2013-10-01,3.7744293723497346,3.7744384161868756,-3.3695557357668586,-0.5987068846333151,97.52997576023846,42.65843038641339,161.78847015044752,375.8636366751624,239.05345833345388,28.674926700332303,59.05849079595794,-202.51908288855205,440.2486336699355,241.91008470372472,-305.58985652808053,2122.728601341626,289.3990428797098,295.85760664576753,0.5063492153834637,0.2069806246320138,0.2641584464168727,0.6802712027987137,31.172759863966228,30.998535061291264,117.00731054284178,109.21407454244431,22.707606645767555,16.249042879709805,63.67977182435581,72.09168466061939,3.272185945942269
2013-11-01,5.140654416000007,5.1406556547262685,-3.654862948476932,-1.6806372249869448,105.78804873417461,41.240232748028376,161.0285360787862,386.0918886770423,241.16828490412598,29.209750709995305,53.869285751196784,-202.93632174104775,474.7507564059821,250.32879980727657,-315.6380103130906,1473.5367004841669,291.19106241558563,296.6957338854145,0.4286115071301176,0.26633448385653036,0.3082523602913487,0.6566617791396246,34.210662705512895,33.99040020267507,154.21963248000023,148.74582334277397,23.545733885414506,18.041062415585657,65.30921050581404,106.22823060676541,2.038754507647994
2013-12-01,6.462207071488927,6.462182287942686,-4.033034029665076,-2.526699205165538,116.73383406099443,38.76851285701469,162.5656426065794,396.65054190251146,247.9500131936846,30.446903996902765,48.69950752658948,-207.01830785331222,488.67151907910346,234.37699586622435,-324.9025727109249,1293.3537338034007,292.941030628217,297.58427235617165,0.5608560657150486,0.27454650581330636,0.29671734624267854,0.729404505184232,40.01353376968697,39.79159280584175,200.32841921615673,186.9844412020453,24.434272356171675,19.791030628217015,90.52557684470057,157.95973057703782,2.8164534087136275
2014-01-01,3.9299095123185985,3.9298548688047994,-4.480789131695086,1.4413881000857705,129.69374531217292,43.94829221281107,212.02127831912168,388.9470625531084,286.1611002130653,34.37705660663498,61.855380547308634,-238.49979878689837,484.1346577675126,249.06106745864096,-350.29851651517777,1939.376142985274,292.29810164385935,298.22383542773844,0.4518149936418696,0.12077589541142027,0.2226845713191169,0.5785134319490031,35.78803468798296,35.63990658002687,121.82719488187655,113.7110783797685,25.07383542773846,19.148101643859377,101.2374490565368,82.25240140952664,3.002380714605721
2014-02-01,4.265389067759506,4.265422945608426,-3.6632825838394814,-0.5743208834582433,106.03179992773097,44.629179877057226,182.23127409374274,388.700083126644,254.74937372229934,30.70641725017382,62.349602177674406,-213.57262289835825,459.83757965154456,251.8788291333485,-319.3873085982196,2036.718674548589,291.26202376693277,298.3636430132935,0.40772124972674956,0.13685992849049497,0.29944473593363513,0.586761583378871,34.68998473826488,34.51823928647663,119.43089389726617,123.42080282431787,25.213643013293506,18.112023766932793,67.5084794648711,84.33544144556235,0.5620409158956505
2014-03-01,4.955543156074263,4.955550745850334,-3.5674605456943884,-1.6995276924083753,103.25838470077925,29.78357106855326,143.26847640641628,388.9187378458518,215.5714185877007,26.087043124417765,50.277755044518884,-182.11166485470568,413.5603308307402,240.19507266579623,-280.45679547225944,1407.5977822754592,292.40351769654967,296.789129499524,0.5123002450390234,0.21211705713597484,0.2859282690026195,0.6764918701668962,36.958678362184195,36.76103927117228,153.62183783830216,143.38977852576198,23.639129499524017,19.253517696549693,40.26172280646321,81.60116259059164,-1.208045959145693
2014-04-01,2.7631771786208525,2.763106311604296,-2.93186451911941,0.986879945611551,84.86106109521775,27.352578983626717,135.7120078089358,378.2347103977645,192.7945823656384,22.81284435300831,54.83744447381817,-163.67714110155933,352.340787379125,254.69535044404475,-247.6190228131055,1535.763288119828,291.3699150003569,295.7507450741229,0.4062371122648368,0.22629203286044733,0.21261763740265052,0.5900186857529004,33.46372366836101,33.31801732937342,82.89531535862558,79.9509928126243,22.600745074122926,18.219915000356934,-7.076327630939261,-8.612452462429403,-3.373943451103301
2014-05-01,1.6506229809606625,1.6505932256752311,-2.0937505731723367,0.36897173129514677,60.60250788916792,24.03502649013734,120.5762803782722,352.58834421833996,170.2838329946775,19.297529966677313,64.52069335775015,-144.9265483820075,297.48477414120333,258.8068494452748,-214.37318596550804,2813.554422754843,287.69107454709655,293.1534668814059,0.3807697048690838,0.18856876476895992,0.16641496411983342,0.5471252384914254,24.18021876722343,24.06127146422963,51.16931240978054,47.760220650324975,20.003466881405927,14.54107454709657,-44.43366347976675,-53.04427136356178,-4.231679355047909
2014-06-01,1.9656626760923825,1.9656472444029633,-1.690044099518656,0.29275520698586865,48.917557906073455,18.72665644074892,105.03367313951283,349.295346626143,151.37153247035906,16.77157770725182,63.833175338348326,-128.77936474391524,270.3189204716032,262.4257906890008,-194.33890817072805,2465.0308779932684,287.19650012710565,292.78073070743613,0.3018395084751385,0.17377160595022503,0.16724704320459402,0.4906348954747782,22.88662841684226,22.777654591527913,58.96988028277148,56.87636702554871,19.630730707436157,14.046500127105674,-68.08688251827274,-57.430048457542036,-2.6980249412554613
2014-07-01,2.0575593162220054,2.0575854983005786,-1.6441875368602763,-0.2504242012880973,47.590543890626236,20.89708250396981,106.94045529894143,342.4041815845548,154.74521927015118,17.113282179960894,65.82611960904944,-131.44632326457494,282.11791493477335,259.6444253766155,-199.34279836600365,2124.3769179936808,285.51025269342495,291.8472933522577,0.2507306144032656,0.18025152879663373,0.20818076488797937,0.43815919601860065,21.48903103768015,21.342989856032233,63.78433880288217,59.536617427678785,18.697293352257702,12.360252693424968,-60.30162701061187,-45.48813073448877,-2.8674227390705482
2014-08-01,0.6350938314293527,0.6349421772750342,-2.065466493757831,1.3104364124937433,59.783974815229705,34.81878001233995,161.3014524658433,338.2253065767609,210.27662433894128,23.17202822573096,81.70714091521691,-178.36600905105695,327.51086742695134,277.5190111911963,-253.98531449234494,2701.5312797586753,284.6152669746515,294.05989799649643,0.13645176754236904,0.08194013614848594,0.1024604284820368,0.25430370198081503,19.573502500149484,19.525951282958328,19.687908774309935,18.372169481337796,20.909897996496454,11.465266974651513,-23.533696698851344,-67.00161534101365,2.0561133082703833
2014-09-01,3.114255421139792,3.114273242115495,-2.4923485903833407,-0.8584564917745628,72.13991107390333,45.70196663051159,170.25942849480697,364.7000100504187,230.9871329524634,26.60147444557493,73.44647512495155,-195.96418257015017,386.63757572740786,254.05059973616522,-286.550949220332,2839.3713782541226,287.42380692536665,296.18371190872466,0.3884028078917338,0.10800630790217078,0.17585913023113267,0.4781055519979127,27.76736031824021,27.608850332525172,93.42766263419375,90.11207297787891,23.033711908724683,14.27380692536667,32.50034948416675,45.796681647358625,4.675829740783698
2014-10-01,1.7626396259315351,1.7625922345022995,-3.213185499719742,1.3008760863349216,93.00395199911716,56.89331411721993,206.22355871028768,369.9120579721497,272.51468563433355,31.94218176363748,77.78967651984597,-231.20755428696353,439.86148270990543,260.67234211763383,-329.67961789216577,3111.0401465277137,287.841824713014,297.68932794093683,0.3882762132879587,0.11481205696253352,0.16336294763086215,0.5158602703523475,26.939069851004174,26.834088837074912,54.64182840387759,51.00093271129339,24.539327940936857,14.691824713014,69.00727577453193,23.483644835927706,3.5206116507804524
2014-11-01,6.968736561491243,6.9687507278835294,-3.5619808333537057,-3.2375099722057716,103.09985593451988,37.25641788951461,140.08056404389833,389.2050871202265,227.47557789008903,27.847412574676255,50.8238284664875,-191.40995441735333,474.53038800177575,225.3283069255293,-304.79864589218295,1482.3945288249547,291.5188606751126,296.7999717433072,0.6491345209900672,0.23811195979778324,0.3340488676892717,0.7708361111750687,37.18123896118589,36.909122629838826,209.06209684473728,201.642092820704,23.64997174330722,18.368860675112614,79.47033896665366,177.78272372600642,0.22985212683134648
2014-12-01,6.757809628287086,6.757825271558115,-3.9799958369641772,-2.491853626480587,115.19855100649684,29.881561122450805,143.97547703381565,394.3546673863723,231.69760736110615,28.498094644097534,46.34110455063657,-193.32005129321396,488.6023775289486,228.52320144925645,-310.8041042167755,1522.2785906926342,292.70811795372816,297.16210303398185,0.6558709108524747,0.2650743604031551,0.36492795265709144,0.804269924178056,39.442241606502066,39.17006697898731,209.49209847689968,195.5389256816584,24.012103033981873,19.558117953728186,82.28090276751905,160.72244282905086,1.8988346136297451
2015-01-01,4.025391784297903,4.025411358332122,-4.448292799644985,0.7347292021652386,128.7530697820238,42.544681826746626,204.05614067670268,394.51854451070835,281.54338389921384,34.020215274793834,60.63911111270336,-234.5444571030628,484.2761607647266,243.61509992692953,-347.2470197444493,2171.9877791341933,292.5841752744833,298.8941466435839,0.5116127093495669,0.11898485378727093,0.2152434474547834,0.6239038569621269,37.1328743085628,36.9763485746376,124.78714531323499,116.47602309988778,25.744146643583917,19.434175274483323,103.63191981751976,88.74727875379475,2.6075943815889957
2015-02-01,7.5609866003585715,7.560947195995125,-4.0658125742291755,-3.183078830610986,117.68199148525882,29.428654045755344,153.51092836993445,394.78286932180913,232.09420346901092,28.356138399062235,47.95625188368483,-194.5478918402839,460.1595859574127,229.69488064711726,-304.64626594215866,1469.3851013116312,293.18490935164016,297.30114004764863,0.5834390747475449,0.22230147071538806,0.31380208538599025,0.729415385763677,39.774307860746774,39.51695834904231,211.70762481004,218.7774072915256,24.151140047648653,20.03490935164018,74.9513852950414,176.56580667572328,-0.5190055744150897
2015-03-01,6.8308750420614395,6.830854674444135,-3.5633998135754656,-3.007053981598558,103.1407059091706,25.53349032446578,127.93047075129437,391.538069421803,204.038762896986,24.946496571244552,45.50401423367447,-172.29997004323113,414.0398477853327,232.5821321764724,-272.55394617070556,1259.4202288445035,292.97518177034885,296.49721146173783,0.5219851925192323,0.25118302561598876,0.3116471677142749,0.7138322380281901,39.081836552826154,38.85091975618413,211.7571263039046,197.6520449781289,23.347211461737857,19.825181770348877,39.971813994233145,136.3613934872712,-1.8782404240797348
2015-04-01,2.74602152567615,2.7460096747171283,-3.077778785458773,0.6459237709868966,89.0844984293101,23.738217481615724,128.80436009756605,379.9265141465739,190.16232053816213,22.597167251524372,51.88940508620765,-161.42357472230995,352.8563152762124,251.01264142543664,-246.4496264622298,1465.9202738996426,291.69526194752007,295.9408286281708,0.45329363790080834,0.24871037459283035,0.20634171955532687,0.6502290673187197,34.028450007557616,33.903395038270965,82.3806457702845,79.45629845825025,22.7908286281708,18.54526194752009,-4.563014963206854,-10.90266865944318,-3.2885462748235312
2015-05-01,2.9414066654526354,2.941389643670545,-2.2459018449763817,-0.8591103139029664,65.00619546641765,17.047042396358776,99.84744034254399,362.99704117560884,153.7789214975269,17.771442120680337,53.585253377666355,-130.85197323502362,297.85369424222284,249.4708978668959,-203.03624029129875,1878.8501455113112,289.3260242575328,293.2529527309405,0.4069938942835916,0.26515983881542865,0.20873843733626174,0.6086625416901208,28.28324675657972,28.115879349445052,91.1836066290317,85.10965404139309,20.1029527309405,16.176024257532845,-46.43465757559716,-21.544680995202555,-4.786518005419168
2015-06-01,1.2386480734394723,1.238689321185642,-1.921790580585938,1.0254666354584123,55.62505897840004,14.877547475151543,104.23945501581623,350.88265246185205,149.7154448999837,16.599539473792497,60.82344568104434,-127.40575982018805,270.4033979959616,272.65503102153014,-193.21681771482992,1802.1049167518004,287.5903177762796,292.6758542847861,0.17897067868774275,0.18391020450723314,0.20346978041925115,0.42988752603487723,22.866189589884538,22.776943331319945,37.15944220318417,35.841704895417884,19.525854284786135,14.440317776279642,-79.43821330670022,-95.3012750752745,-3.920292314407881
2015-07-01,2.9429405018177865,2.9428908448522497,-1.8421956526164318,-0.3889316306087874,53.3212109321502,15.515018726773953,99.76831462524638,353.4845083639471,149.7784417575386,16.74003406827502,59.11448849148565,-127.25689687322215,281.89358128185853,248.7799299541638,-195.8728857565589,2332.993068401822,287.39201760408275,292.6585484970342,0.38795642668059077,0.17892781532007743,0.22589654021639885,0.5480861404385845,24.507933251897295,24.338655747426422,91.23115555635138,85.15309157558593,19.508548497034212,14.242017604082776,-52.907044197604904,-20.381342276981513,-0.6938212771876664
2015-08-01,0.6147281349248003,0.6146509413593945,-2.088804570482028,1.7443291804706365,60.4593669001935,34.00097752470192,161.8636029989866,341.0810262085671,212.35526095144797,23.376867424977107,83.63712325176647,-180.11837957281242,327.0879451818687,279.1917327566097,-255.38459565730756,3067.105850397527,285.566766847934,294.8388793806087,0.1487781079445231,0.06530640835696357,0.0920969934707551,0.24845034830577345,18.658675263215255,18.615078501982687,19.05657218266881,17.78503881248248,21.68887938060874,12.416766847934014,-23.807137099302167,-68.50237708316371,2.0209118961505226
2015-09-01,4.431235636993225,4.431189256645121,-2.817868081443982,-2.2108189220485968,81.56161399178166,34.16601331335793,161.05944748138765,370.69737545723183,220.35501445893883,25.51293890450359,67.74198393624569,-186.98434405376082,386.1866948300807,265.8433998468816,-278.30763344403016,2173.579731812745,288.36290824276136,296.72165925082277,0.22059254459219488,0.14639396352553175,0.22570221295350912,0.404440717911658,28.125042752765733,27.92971494919942,132.93706910979677,128.21728173162964,23.57165925082279,15.212908242761387,12.464233597148564,55.60516852462101,3.5147328123755415
2015-10-01,3.8180817896635997,3.818107330806907,-3.3403210024886483,-0.7766204752605118,96.68366485306376,44.819934229346046,172.83058843646117,388.71719762167254,244.67426509254736,29.367935649827213,62.07235608084921,-207.46765918020438,439.5244469018489,249.07230789490328,-311.3350830803416,2482.2334396973793,290.4251214541287,298.08522335019995,0.4476818820592756,0.18867801069896684,0.21917180749772353,0.600739787370993,34.002831854832294,33.81295898476562,118.3605354795716,110.47764267381098,24.935223350199976,17.275121454128737,62.2627751854383,72.16504898924015,3.8917040169453685
2015-11-01,7.7796326522601875,7.77956119135599,-3.712043562693796,-4.600915078792007,107.4431940977696,32.55704089101464,133.66506165200434,401.12367074247686,222.26501332715986,27.52841744879642,45.00273428805736,-186.83314456733714,474.36374632777853,216.90539248641062,-303.3149256576435,1753.88642077067,292.9244208496967,297.375609799619,0.722045797408807,0.27731645419389234,0.30210861661865746,0.8441575646812639,41.66795178291082,41.36346954481747,233.38897956780562,225.10304373136543,24.225609799619008,19.774420849696696,86.40953317123291,202.2392075143332,1.8301752904955464
2015-12-01,7.697553789802228,7.697547789238027,-4.127953009661,-3.49607859192826,119.48115331705097,29.847804578992296,144.2365942294075,401.6390118382682,235.80381368666528,29.256292228580065,45.47060921101231,-196.6924900673793,488.5892613851327,213.39948952971312,-315.05339657686034,1797.8192859855067,293.4183814732237,297.6877716784731,0.7672633572245243,0.1955154414041651,0.3481130196725205,0.8548930000948664,43.28842217239587,43.01127575845054,238.6241674838691,222.72997075341513,24.53777167847312,20.268381473223712,101.65390704714721,203.00980152318766,1.8929229603237303
2016-01-01,10.233532434085227,10.233525012206504,-3.807017225706906,-5.806373656559602,110.19184182062615,23.000972306611274,122.95348118976365,401.7570481850844,207.73236168628543,25.74415915561464,39.543085693473245,-172.82431665758506,484.22893778663024,222.78853173297782,-290.978322686993,1060.6943690922349,293.575323554093,297.40076336741004,0.6555429194087249,0.3599992440223481,0.41703762012385565,0.7930819506062549,43.72806388364428,43.323273001926616,317.239505456642,296.10894132541966,24.25076336741006,20.42532355409304,68.1897909540152,254.01847362193433,0.08841683687438717
2016-02-01,6.68477066842059,6.684727321813451,-4.171125995040608,-2.2457369652135357,120.73048834157481,28.414578020980287,154.88338934292003,402.0706370765917,234.83104948921107,28.83904518113742,46.74402902506499,-196.81573310797896,459.6366454425225,227.50529851166604,-307.5015505747737,1656.6386249057455,293.9094307118516,298.27740457487573,0.64404959190327,0.1763086432005114,0.3275311903394069,0.7686160514243296,43.33688249712103,43.07834761314647,193.8583493841971,193.42382296913922,25.127404574875754,20.75943071185162,79.99625206310768,151.7629489703132,0.9266377203588831
2016-03-01,4.939071773920503,4.939025912391306,-3.8463866010524312,-0.8956009079749556,111.33164749651367,26.776799333213763,150.6682216373338,390.45067059188347,222.18214877614233,26.831107704548963,50.42744892111644,-187.77676637578034,412.49062107344196,244.20998724833936,-286.35748179904374,1599.4811784273086,292.82850407611784,297.2791804357228,0.4639837819125357,0.22317660364325798,0.2230395407979007,0.6454657252432875,37.234513469587824,37.05299865955378,153.1112249915356,142.91162940947063,24.129180435722844,19.67850407611786,42.14749455070438,74.48660583872488,-0.7591293750635373
2016-04-01,1.3067726745812263,1.3067677737415921,-3.125949932819416,2.9932012221118884,90.47881124206496,31.78121190751807,169.7932003592535,376.2935497437258,218.79876778811467,25.463509895492706,66.77978711349526,-185.96627563758162,351.2027964126973,272.34497369936105,-266.8727875156876,2381.607325817947,290.20722422154563,297.54665928858685,0.21371521197352683,0.10675401493338162,0.1714783080006916,0.37572492289216153,29.86304763014204,29.778864887206087,39.20318023743679,37.811567527245145,24.396659288586875,17.057224221545653,-5.472186183673443,-55.065895272996585,-3.073534625496677
2016-05-01,2.8830335496112567,2.8830559398150317,-2.0503904977863643,-1.162942648617413,59.3475112609386,23.356779347561826,110.04127707247164,360.41296213009224,159.36900840905255,18.2420915921613,56.93853446604664,-135.6392147310307,296.6665240126698,254.43715206027107,-207.25262993857805,1824.6652652850812,288.26250124612847,293.0764622110739,0.31725506671153053,0.26418693199535664,0.19934216100108978,0.5497706099475047,27.837584262929887,27.6799742819601,89.37404003794896,83.42175751779605,19.926462211073897,15.112501246128488,-47.18452212169302,-19.106665521319215,-4.003610343516357
2016-06-01,2.1104313596114626,2.1104280880814237,-1.7346590948526521,-0.17593090012928847,50.208718911529374,20.140768461064575,106.92002952783933,337.0577189764593,152.5546034316952,16.706384141971235,65.11780704915056,-129.69683235503516,270.11776172333555,259.5928697123097,-194.64502280707936,2566.4864512290214,285.55902445013373,290.8341077226133,0.33452896533320786,0.21296093252292644,0.15384762595901474,0.5091132725818532,21.518740021375184,21.42129643231511,63.31294078834388,61.06562754865231,17.684107722613305,12.409024450133757,-64.94784690523036,-48.32047620139807,-5.770462066709349
2016-07-01,0.5990663389443271,0.5989578409847668,-1.651891192159818,1.175233107570491,47.813354633657234,25.56125718049409,131.6477078701992,333.44672236035444,176.42801000445243,19.152843315379602,77.45978284263131,-149.87877885332045,282.5600965301057,275.856248505348,-215.88472481256295,2335.6374082684956,284.2853488372712,292.593779635266,0.10578535343661853,0.08500194580204594,0.12237142569120242,0.2628012630473016,17.832726916909905,17.78991929050474,18.571056507274143,17.33095604701293,19.443779635266026,11.135348837271238,-59.97152369278504,-89.49830647596715,-0.9556158034621802
2016-08-01,2.323933030925387,2.3239004727124475,-1.9640392680300773,-0.4707063125183673,56.84805165130593,33.50721097455813,143.9913659920581,345.64282432372255,195.36815170785866,21.756908640311472,74.26861699318151,-165.68309206670642,328.3606568328834,269.09059046202105,-242.46033959660838,2409.371141017068,285.3714899107681,293.65914850833184,0.20558400823269907,0.11909723049643076,0.18212485894008862,0.35876387722678704,21.687678055128846,21.564849217174682,72.041923958687,67.24249052987406,20.50914850833186,12.221489910768128,-26.630250865412677,-17.295024434505393,1.0592124476608547
2016-09-01,1.3151585281999494,1.315167933730653,-2.5450703009002527,1.1848977142316688,73.66509907514028,48.35745844980011,179.22656734162857,352.9282511570428,238.52648173294122,27.239847797363907,77.31847535951705,-202.35582049139177,387.52657822442234,270.05266161587093,-290.9775317332075,2477.988083126139,286.0157446056421,294.9871669300296,0.20018589364237802,0.1293311839704134,0.15514197083121553,0.36357202938282585,22.911226014088008,22.81508954531355,39.454755845998484,38.054627712113806,21.83716693002964,12.865744605642135,20.92487011733658,-17.700388852624215,3.01478760693432
2016-10-01,4.255006813901005,4.25493369358452,-3.2694940739531115,-1.0343596674736806,94.63364891317177,48.56885008313432,171.98518091500569,378.46997360490843,245.1898567146531,29.345248672011405,61.600039882019594,-207.77379892152229,440.4939953515708,245.56839083619445,-310.9429556810494,1914.6508155404106,289.51174210525187,296.3565952302165,0.4726955344988841,0.20709332054618018,0.229411077396864,0.6280396586261563,32.42018967327581,32.222964031924825,131.90521123093117,123.11729437455209,23.20659523021652,16.361742105251892,65.37456484485494,90.88695026303866,2.971260043196608
2016-11-01,5.363998338280504,5.363997721366457,-3.7062641128120433,-2.091945291905254,107.27569413759652,43.13640358909654,164.57240250609814,384.4056914209782,247.60091762097503,29.94762523317651,55.37754688752876,-208.33792760703707,474.79584045885076,236.17960896254993,-320.3127976601856,1998.4889271730776,290.95517868842813,296.3410342569765,0.6154196789083206,0.2231113403745711,0.2960068798005228,0.7447145099049292,34.81347820011765,34.58534557134135,160.9199501484151,155.2082674006498,23.191034256976536,17.805178688428157,84.13318869763566,129.51747896787367,2.5482829928152597
2016-12-01,6.416378467148592,6.416327555309552,-4.201899598334637,-2.5101607690922028,121.62146288326743,35.07210428508905,163.994573537269,393.6956161075334,252.23163811827442,30.89068693202089,50.62342469934656,-210.53708998564156,488.5478889516945,226.69325689958896,-327.0519365052425,1775.4496196986506,292.5375680934627,297.2084997290511,0.6333771211627267,0.19413595843630535,0.2731011293628185,0.7445310992263294,39.023817428308014,38.803573719761026,198.90773248160633,185.6576260216884,24.058499729051107,19.387568093462733,100.35867960565355,161.174744626136,3.2200981179385195
2017-01-01,7.334068068844245,7.334015372053294,-4.103109704914708,-3.1232802033906615,118.76220003849504,31.271386838756154,148.4360185426923,398.2248700882772,239.9240068847222,29.52994160393117,48.57301623971347,-199.66405413559065,483.81188336109744,215.59417114128587,-315.52188413230704,1775.8088529508059,293.22169703082716,297.5511206740012,0.7266882815143251,0.17086201889047445,0.33015437197873454,0.8189830963818648,41.07923014363559,40.79304556485528,227.35611013417162,212.21109294135687,24.40112067400122,20.07169703082718,99.92771299102117,192.319154875257,1.057451018625983
2017-02-01,4.87495179191613,4.874919398903848,-4.302510633111012,-0.6333454622738998,124.53387642219666,32.46802452181204,176.18248524362514,393.76899922903465,252.38002545726252,30.58790861046524,53.07167086234021,-211.6256804619327,459.32822722939875,240.66393439715077,-320.3929392175405,1690.6753632816058,293.0423969179419,298.01152637720946,0.5631614965123509,0.15782341363556332,0.2418206655400527,0.6814133921797656,38.26124908715773,38.08261860186273,136.49865017365164,141.0566955701345,24.861526377209486,19.892396917941937,79.72900482038975,94.69971531274383,1.5521086555837655
2017-03-01,4.387084144335821,4.387028875752892,-3.761451080556746,-0.2768804825342565,108.87286566522475,30.149873672128262,157.97378127920942,388.8571361835416,225.86275722325968,27.180366357827957,53.249143977748666,-190.90715961970378,412.8922397229736,245.44664044041252,-288.64579527336207,1666.7384746206365,292.43763788231377,297.1748370615764,0.4953468112640826,0.18495971955779855,0.24241493695156485,0.6501599811407541,36.78669936926295,36.6212243904718,135.99960847441045,126.93949293266472,24.02483706157642,19.28763788231379,43.199154832949546,62.63050579578743,-1.3647236953979132
2017-04-01,2.725152286445198,2.7250841233203706,-2.833302352679819,-0.1727659876347556,82.00825753018617,26.891660600581492,131.73818659767716,377.0310611016871,190.01462230778975,22.41656337845771,55.14846580452544,-161.24366112914174,351.649976862852,253.47925928899144,-244.66214487288758,1773.6965277469683,290.6143312140205,295.48625873806526,0.45046390175305556,0.23626603779144445,0.21496231177950428,0.6407441566812483,32.1897790479143,32.03803920049597,81.75456859335594,78.85081375348295,22.336258738065283,17.464331214020547,-8.817114416103863,-9.16983538665572,-2.8047228061513607
2017-05-01,3.4487544727514825,3.448638072072072,-2.18893946244153,-1.3962308333084839,63.357289676083774,18.02675663695807,105.16712687882288,370.9240712004771,154.77649511552727,17.844176578926955,52.41705417926253,-131.7667432174756,296.97472932610316,254.43301466941276,-204.6513654747907,1626.6956056087165,290.048690840784,294.34184168300476,0.39684289451094296,0.26150327381050237,0.20985205559969383,0.5862187346587745,30.6377679344235,30.467172969300933,106.91138865529595,99.78698125208541,21.19184168300478,16.898690840784013,-49.78164919462205,-11.317600343791653,-2.034357274828757
2017-06-01,1.4157586200406815,1.41577168369418,-1.852890616990457,0.781769537575296,53.63063724225352,17.82913500952866,111.93192098216808,343.76674781550474,156.22436315285202,17.142430399492046,66.30814829083836,-132.9161759437855,270.14041179381314,274.4783689609996,-197.54010030681133,1829.3706786137639,286.74375552306554,292.3852167023708,0.12893289320563905,0.15799915778827764,0.1724479882708334,0.3569998150401381,21.10188912255766,21.01447539821266,42.47275860122045,40.96561584763252,19.23521670237085,13.593755523065568,-76.93826865418828,-84.75154544997426,-4.851744598835033
2017-07-01,0.11969683895279322,0.11971893048684654,-1.5556347070469416,1.707777083488899,45.02694454302919,29.083107656277914,133.78528982203548,323.14125058231616,179.11346906170218,19.26389790026656,81.12105456913667,-152.08653487782328,282.2775990838982,280.5121976298686,-216.65431166134613,2379.9265565261,283.3127857258068,291.3420949789636,0.09820206986599785,0.11022703061060105,0.09997582001959335,0.26072760215867075,15.082083531462521,15.05232397765913,3.7106020075365898,3.464089423809217,18.19209497896361,10.162785725806827,-63.85788596852245,-102.27616919712193,-3.1445718906204974
2017-08-01,1.5592700027517732,1.5592595016032325,-1.9196522137477685,0.10131625163064639,55.56282056185267,34.45741867923207,146.66757225810497,345.92334624188584,198.41677376775695,22.103630469984395,75.6810034175856,-168.29197464925824,327.87318197883553,270.066981238523,-245.30993132193115,2733.1938398744564,285.10299261951934,294.06870103332915,0.22708211079835525,0.12175255131779614,0.15438800084121945,0.36656169616803796,21.48875286129932,21.390293771301558,48.33737008530497,45.117462430649084,20.91870103332917,11.952992619519364,-24.757049916591853,-37.79314003838334,2.590731990587898
2017-09-01,0.8436224093162947,0.8436271708577872,-2.0680851832087503,0.8888362304612136,59.859323396380844,60.56265637332026,201.88421909177308,348.9876703969669,257.16978038405426,28.966512140744452,93.67488994934914,-218.27723466527655,387.0022474465929,277.5247226698857,-304.42658612356314,3798.199102761148,284.3570192275647,297.07535588670964,0.21848696644081064,0.06603910500823516,0.09267193738863996,0.29331425182288245,20.101848356144153,20.038841989140774,25.308672279488842,24.410508416023934,23.925355886709667,11.207019227564729,26.901863453677436,-12.727316472905787,4.180364946226305
2017-10-01,3.9811786335640007,3.981167370354105,-3.209706582758529,-1.1091354762959849,92.90285249396193,44.89948518113344,169.62650892593808,378.52925176234845,244.54372445604622,29.109470019194873,65.94693768692251,-207.2884595317421,440.07603278510845,239.13093301266653,-309.2502706339007,2816.5645606803764,289.01051929378445,297.0469950452688,0.5044812932946992,0.1370481716340828,0.23566162733274176,0.6127153992033509,30.89842876814357,30.642002020985355,123.41653764048402,115.19581511441275,23.896995045268795,15.860519293784478,70.11933762123417,88.8731160719608,3.5391841697241944
2017-11-01,6.285054153074144,6.285027819642488,-3.9783367928881876,-3.267696595242262,115.1506059692232,36.02814056677801,163.2099505349844,382.49071457115065,245.69939647444613,29.659471103493583,54.74300311946099,-206.76747527884493,474.5421091232482,237.61465367671752,-318.7048834664065,1435.0537168781593,290.90725281881333,296.2079748189026,0.5481680671019157,0.24322762624474395,0.2657880007118741,0.6753745410765201,34.03304584519333,33.77026502612197,188.55162459222433,181.85844385539605,23.057974818902608,17.757252818813356,81.09022978968898,146.95234205247908,0.8457256233827479
2017-12-01,7.128997554214269,7.128961753790038,-3.928296192055182,-3.439102258958462,113.70221655413604,31.514516907477052,146.43943646600974,395.90667874775033,232.67551384315055,28.70824942105096,47.12178273499514,-194.20707659270875,488.4433710930079,229.37724400064747,-311.5602701849451,1467.7637873278268,292.8120351355543,297.1934131087409,0.6073363683082222,0.237085876102975,0.359204345888663,0.7629747080721472,39.46689896818547,39.17693010180591,220.99892418064235,206.2778285240173,24.043413108740936,19.662035135554333,82.18302618429766,172.89007775807843,1.8685603961004915
2018-01-01,7.185538381840138,7.185458051656459,-4.134070072194403,-2.6236926268036402,119.65805342626327,27.286543678162737,147.1364635816302,395.1190072060827,235.78406104535216,29.01299351094655,47.928019256635935,-196.1136048198966,483.85908943143835,218.6722847905988,-311.43402962888575,1696.2777849769561,292.7992894235611,297.2140281132493,0.7435326157731131,0.19297807794141228,0.3624026898968538,0.8390543788938228,40.21915305218635,39.9458778617375,222.7516898370443,207.9125593650596,24.06402811324932,19.64928942356113,92.76174483828694,179.7752623182486,1.2409884588346785
2018-02-01,5.421263706886818,5.421211421297307,-4.032031001051567,-1.7483600251818903,116.70501137901103,28.644214717403944,150.64934148431374,389.1980464441707,233.10128383185813,28.36520411005942,50.279557279798375,-195.13357618432676,459.56002196517335,233.03532542268255,-303.46472825098067,1473.6686490188297,292.31913170678354,296.89643131470865,0.5937615224781282,0.21564815227680975,0.31235010294943083,0.7339603926837511,36.489128393431905,36.269345580966046,151.7953837928309,156.86375640327856,23.746431314708673,19.16913170678356,70.42940282829812,111.08335504445225,-0.49520719188659257
2018-03-01,4.596599399385357,4.59653882980969,-3.8443031609157807,-1.1385126176124134,111.27136435102733,30.047722831958332,160.14623087211885,397.1574824869761,226.70966830609763,27.483329651626583,49.7830655585101,-191.72272924322752,413.28968556391806,243.88841905177674,-291.066161352644,1518.831522500284,293.6050106900055,297.94081570977505,0.5157320919645644,0.1775836740636117,0.24593553764399548,0.6666158547651857,40.29442811339512,40.115399755895275,142.49458138094607,133.0017022514378,24.790815709775075,20.45501069000551,47.17774230086724,68.28750369954597,0.6205765017317333
2018-04-01,1.5214105651133685,1.5213608098929845,-2.937261241112896,2.009815137386673,85.01703838577977,29.530374039967896,149.5224731817657,370.80032139368024,205.02627251844697,23.9907180823308,62.01695132433242,-174.1413513650373,352.0946304199349,260.3180228048529,-256.1512042462073,1910.0068400176842,290.39829119606304,295.9978737451958,0.3168270543019044,0.14201244623403053,0.2055172600019722,0.4772241978750734,29.97366268651272,29.881698775076828,45.64231695340106,44.020856767736824,22.84787374519584,17.248291196063064,-4.166818558645559,-42.73998779164574,-2.4230123850427674
2018-05-01,0.9033292742283373,0.9032804860085264,-2.036800559314353,1.4198145559242399,58.95375310824089,28.18849953820284,132.55135363465038,349.5763458892865,179.06693595835702,20.121629470111795,70.34422848802957,-152.42311172418883,297.2822850817143,270.2202181906336,-220.91583475015153,2119.925081837237,287.26370732902336,293.6894646912681,0.2096293180902751,0.12102471273894275,0.16452639193933244,0.39123921828698566,23.038509805070753,22.965793940031613,28.003207501078457,26.136588136820787,20.53946469126811,14.113707329023384,-49.30438344048207,-77.05817900161767,-5.063369410284473
2018-06-01,1.1628442111136166,1.1628283784838196,-1.5231494852587737,0.6776594162053082,44.08641384273691,21.024747384255807,96.96602885013397,354.89961434217525,144.52346914574503,16.154101909597085,59.814239669975784,-122.9609840252867,270.16526917808125,257.7255969166184,-189.43919948517942,2423.240691799947,286.86893212397865,292.9252948621694,0.3710529912127617,0.18022146400197311,0.2409465997419474,0.575705467133902,25.18338666211867,25.08206776693439,34.8853263334085,33.64665447001793,19.775294862169403,13.718932123978675,-68.28639743143896,-76.76173993247613,-1.9644168716817987
2018-07-01,0.28887356923712476,0.28883720850059685,-1.4856278676300434,1.3391305638388018,43.000379516114705,30.84688170864468,134.04071431674748,336.0432151837344,178.32267102535687,19.363285003140067,79.08614089554487,-151.51488079002576,281.9950115675905,273.8132329177775,-218.10843346836097,3780.276036288621,284.5829368163896,293.216924310052,0.23844504519936308,0.07516308069993452,0.09647306902122858,0.34869069141881504,18.8698675072237,18.837868289363154,8.955080646350867,8.357558116336715,20.066924310052002,11.4329368163896,-55.70479944941653,-88.92909951891602,-1.4185213302785016
2018-08-01,1.7128718143201516,1.7127583197101819,-1.892619316482122,0.04769243886755277,54.78058760393012,34.62410783781962,134.07216989013446,344.65352331894223,189.75887540289463,21.207299566054186,71.4406602071702,-160.83814368475805,327.3841077278573,257.1290764546293,-237.52044931435594,2367.4346021202978,285.2583967644945,292.8384016321965,0.307323261116717,0.1441141541938681,0.20092831535588532,0.45950689926012483,21.768053004744313,21.64181677002791,53.0990262439247,49.55897915828073,19.68840163219653,12.1083967644945,-19.60862714027334,-24.823023621760846,-0.007211964161889739
2018-09-01,2.8759392784581705,2.875880416221361,-2.457324087532222,-0.9236263957540741,71.12570103058354,43.02009245097751,158.48920614366662,363.28710286727505,221.74771745392852,25.54443195338412,69.9960737353959,-188.05451104977783,386.4758096788406,256.89230501253604,-278.50796380343235,2326.934460519441,287.3339147219671,295.4294196385928,0.34520565616554283,0.15082611042782587,0.2078294445368989,0.4926214910014276,26.229077124479932,26.05284633163194,86.27817835374512,83.21413241381252,22.2794196385928,14.183914721967142,21.615658790896305,29.7914463413044,3.9126438328208906
2018-10-01,5.540265210979262,5.5402029972938935,-3.3074655569139026,-2.466399453882528,95.73254631847118,35.61920450863275,136.5375697099343,390.91537316981896,215.63869998271818,26.262807775694437,49.290918064173844,-182.61134646408723,439.65263466879213,229.45135559323296,-289.84438261662757,1805.7689148096101,291.5674153489805,296.44523261737714,0.6454283520271917,0.24789390300790026,0.3089524621213982,0.7884645064653891,38.01195878132563,37.74944973413746,171.74822154035712,160.30679969021682,23.295232617377167,18.417415348980512,60.39302702339461,122.99860282233078,1.9686775728094688
2018-11-01,6.897401516168604,6.897305953831103,-3.7131970428916583,-3.8961745097443568,107.47613491589088,29.137499207147798,134.03532353701138,391.59762850765554,218.01595834797922,26.727726763065505,45.29867759816945,-183.4060948289246,474.28268272306207,236.99520150847604,-298.2090976571269,1456.278243426343,291.90532434372994,296.3109664568363,0.5505854529058539,0.30728951002401955,0.3621039507898112,0.761555695566892,37.068396392784486,36.75037197456683,206.92204548505813,199.57482505298333,23.16096645683632,18.755324343729967,61.21389614865086,151.81880317802683,1.4937831077164958
2018-12-01,4.696675335518966,4.696615337666076,-4.288874657527219,-0.6047233776419204,124.13855015673998,42.58915964159519,199.40279645106682,389.43944116914656,274.5181077817153,33.19558648204895,58.96689932489319,-229.4056178556255,488.33488950023917,250.1286005722078,-343.0803369060391,1740.208193693819,292.05607681823045,297.90021466240273,0.42983302826260034,0.15538773412102272,0.2527984959864633,0.5786488700918849,35.77001458852888,35.60415529410338,145.59693540108796,135.89743453894897,24.750214662402755,18.906076818230474,92.95173633383132,100.99961198364315,3.7110087323971612
2019-01-01,3.802132765695326,3.8020535461696667,-4.533852380898457,1.0993477157268638,131.2295140435786,39.64145040164586,206.51269289180615,396.33592160763254,280.2075847424966,33.95659379308042,58.95404407750321,-233.67166418530272,483.95734575002194,246.52600663677723,-346.9081229571253,2161.331896768087,293.0531950133536,298.8973170664461,0.4788248742948751,0.1032928839438937,0.2340977673443931,0.6040776870113244,38.541985709915515,38.38029735167884,117.86611573655512,110.01312344240934,25.7473170664461,19.90319501335364,100.38211632034805,75.31907005660372,3.8466556625750457
2019-02-01,7.3655252122018116,7.365419352099606,-3.9086651290355023,-3.9429892914674833,113.13401998419639,33.08907268842092,157.77975015646328,397.14117087029564,233.670674768993,28.626221778717415,50.42717634038618,-195.8752148319835,459.8403288056954,234.65429083385706,-305.39676122169607,1661.9816965069697,292.96640107214597,297.6185596283197,0.5254979070940827,0.1948369304070723,0.3337573202866259,0.6820817065687172,40.18359500855017,39.89169393700591,206.23470594165073,213.11977291954878,24.468559628319724,19.816401072145993,70.742470387839,171.50327750421138,-0.775054181019982
2019-03-01,4.513263092230045,4.513174200383886,-3.8056082997420653,-0.4290017053708854,110.15076913818974,27.708498631312363,154.16206231371189,390.69532308553147,222.2473356114088,26.865471076830154,50.87281537786314,-187.91268390328585,413.73112840569416,243.43327429599398,-286.86222647768625,1616.3881716143194,292.8862943711858,297.08476269572066,0.511886769593867,0.1955360973682695,0.2619095477485704,0.6579862307287313,38.306741134346616,38.123461309719424,139.9111558591314,130.5895312611078,23.93476269572068,19.736294371185807,43.42895218169227,64.68711354868971,-0.819399244079392
2019-04-01,3.4777044120848473,3.477581293810723,-2.999886007146462,-0.584032701540337,86.82977200346232,24.74467280117361,135.37813457090925,384.1680781329335,191.6975611305211,22.713474580723172,52.898331671642126,-162.85005803970157,352.57822098290603,256.72885110342986,-247.23350080060078,1629.9225300426044,292.0875434369577,296.6190911523052,0.418517712347978,0.20235199316661576,0.2509088948033939,0.6052807993404716,35.14998765404304,34.992393078341294,104.33113236254542,100.62445873294917,23.469091152305225,18.937543436957696,-9.495350302829081,5.922054863234251,-1.6227184365764913
2019-05-01,2.599686512420045,2.5996301925355523,-2.2505982200513577,-0.15338408383574828,65.14208373334378,21.5891260964752,114.33122362918166,369.0607675271997,163.8779361864292,18.81608791150868,56.7265693098218,-139.52473682301664,297.6241417722776,253.3370902323872,-212.17506304826213,2097.1091887158254,290.11363750902706,294.78066345293337,0.422475115439605,0.1985317331678539,0.1757291320475832,0.5667157610851598,30.502345668489504,30.357841210051227,80.59028188502138,75.22078103401482,21.63066345293339,16.96363750902708,-41.162027184125066,-27.15028756682989,-3.933042316624139
2019-06-01,0.6997047226505229,0.6997281449507893,-1.7561085502333813,1.4210538845674112,50.82957147278131,20.727984059687877,123.12630114235914,341.42523986010514,166.46068032151766,18.085035840502616,73.58342461777372,-141.62491878676204,270.2232311422061,280.08878573339643,-205.69386626310748,2709.1132123149478,286.67722559085604,293.39913181597313,0.1546881442577935,0.12188023953300672,0.10713541726424695,0.31577864559027485,19.27734195160637,19.230452811313494,20.991141679515685,20.24676345343719,20.249131815973158,13.527225590856062,-74.39491947028895,-101.46166612615221,-3.5160613634808655
2019-07-01,0.9480750974766317,0.9480367703263298,-1.6160336624701843,0.9339567228213546,46.775256737507746,25.654401399883593,126.28198394874236,329.3237180111585,172.88176348425554,18.738254485989888,77.91226199248773,-146.80868820697071,281.7456271154128,268.38430601828213,-211.97209349318294,3482.749965180767,283.9393305101353,291.8850964832566,0.24965132190760556,0.08752809234068347,0.13337279474772443,0.3823713996911851,17.465648112316003,17.40188338363539,29.39032802177558,27.43161951175723,18.735096483256598,10.7893305101353,-56.41221252509919,-72.22261782794135,-3.5332319229083566
2019-08-01,0.6163625775189577,0.6163158264127707,-1.7217455066218696,0.7151289341227022,49.8348288369092,39.20402263483369,143.07365612676838,345.73397311531073,196.49790112559606,21.931013805230016,75.9497398303223,-166.63434733862667,326.93210445186094,271.8270547593957,-243.25928831800042,2448.816250459732,284.75222306201255,293.8648527375594,0.1732614488465665,0.11812772263765918,0.16101113905693584,0.36043744355095103,20.605051581222355,20.54522473633466,19.107239903087688,17.833212569813966,20.714852737559397,11.60222306201257,-28.567766441395293,-62.215138745052,1.6457560365614725
2019-09-01,1.8350220687610663,1.8350268849696296,-2.350892890069883,0.7556713614482943,68.04528720912263,49.16156088770147,172.7984109247549,369.4312823565525,231.57797781453863,26.68497783575213,75.2065394999075,-196.45023501022527,385.9908008639252,271.91687723882546,-287.31568376638455,2798.2534154719174,286.86936562489836,297.2853413318265,0.24992452864502812,0.14284391631494564,0.1829401949205276,0.42826731609681906,26.294603005355228,26.183146592328256,55.05066206283199,53.096842736389746,24.13534133182651,13.719365624898387,15.398806527559088,-3.58648535866746,4.0368474134936605
2019-10-01,1.963824783194631,1.96375605783197,-3.0506305724041765,0.07882956914783792,88.29862006395622,58.87025685049304,198.0731972575094,382.6012085722835,263.6522551096352,31.263301369586706,70.7713608017877,-223.75216420370558,439.2766583491139,259.1042946393185,-325.76349409906015,2470.618502340863,289.5420122048208,298.2567306166553,0.35431150077911494,0.12419259767961449,0.20871784732098878,0.5029751046758622,31.710071218150485,31.57704461653653,60.87856827903356,56.82164519189728,25.10673061665534,16.392012204820844,66.65919945974167,29.370298100214114,5.811926487468625
2019-11-01,5.427748333953523,5.427679393268868,-3.609988097371908,-2.4612952362002765,104.48897010974466,48.268474502460286,169.46622275477313,393.25519282226816,249.84026156013059,30.376607810885858,56.217969116689275,-210.33779874558968,474.07390164503596,239.2012189585726,-323.1712113482605,1760.1679880507013,291.0987139680064,297.2860546183221,0.5231719567435537,0.2043328518752686,0.2799284284847938,0.6754392498500924,37.14637447526374,36.916157662917364,162.8324500186057,157.05090837004826,24.136054618322135,17.948713968006416,83.96999238968789,135.16954563329605,1.3623850166954412
2019-12-01,6.174060607209651,6.173966463289961,-4.133376661118715,-1.8844511976516432,119.63800224923732,33.43673814999351,163.225947488274,392.8067930750164,248.31401152758735,30.299762402928856,51.513688932724264,-207.2168136708709,488.27935425958447,230.8429457226555,-322.71328615587566,1727.6401894280557,291.9893412303654,296.97131778833653,0.6310378692193944,0.19532427610513314,0.3084291377142274,0.7460711990956722,37.89975485665443,37.62919785427266,191.3958788234992,178.64486294241786,23.821317788336557,18.83934123036545,91.87034043322018,148.2488167874849,2.628384338915808
2020-01-01,7.374781561466525,7.3747312660721525,-4.163074290266981,-3.5619515037994196,120.49773911452233,30.52871973925844,152.8968766979524,400.289332938076,238.67880621780992,29.369923937548297,46.72524489523415,-198.65145872359568,484.039121636823,232.3654612541971,-315.60611398161257,1463.814964016902,292.9646020561648,297.4983670101571,0.5816816069946342,0.2459103008149711,0.31101602862465894,0.7445317535525803,41.698846792292294,41.43169913987707,228.61822840546228,213.38921487477293,24.34836701015712,19.8146020561648,83.24065272741547,175.2323735130853,0.8997549745807731
2020-02-01,8.499162758768062,8.499046504600642,-3.820623101606952,-4.236626945264496,110.5856151939352,25.75473504648777,130.6428390319962,399.2058441288332,212.18628244955286,26.213730323487194,42.278978616224045,-177.75867815144557,459.44037905491547,229.99035907572085,-289.65387079334727,1324.149806988537,292.83927481544464,296.76768888309704,0.589426041172277,0.27365005876684734,0.3809726454379902,0.7756591096814561,42.44373113833893,42.152989870029536,246.4757200042738,245.92148450812041,23.61768888309706,19.689274815444662,59.66351171762642,195.86003173701306,-0.8606507052014365
2020-03-01,2.8955435068122997,2.895400938796258,-3.627565475664252,0.3118914923348034,104.99786642748732,36.89319794496445,179.9482924640277,380.06804803731325,240.27730189774394,28.5256971055805,60.75772419002096,-203.1946700724418,412.29301651656397,268.6183390663959,-297.9061862903609,1547.9618952378798,290.8107656275315,296.6996820507679,0.21691987918384756,0.17091948966068937,0.22766481603710306,0.4382797298799,32.109978824774856,31.981910072054962,89.76184871118129,83.77896234942877,23.5496820507679,17.660765627531532,29.287847223965002,7.523061635937367,0.5458815099690781
2020-04-01,1.2649859097720224,1.2649674069670895,-2.73923053462306,2.0158024033660213,79.28546366278229,36.27751496832787,162.75877396193155,361.61155865316914,214.04437029217374,24.718186880921568,68.52684248947394,-181.73677767447933,351.0196577349249,272.1321447248397,-261.3388871991042,1937.5261872173965,288.76221184063013,294.85866111471074,0.20918243457818705,0.1634689449155498,0.14862115371566473,0.3834950914469623,26.469720867525787,26.371602749666085,37.94957729316067,36.60206617381625,21.708661114710765,15.612211840630152,-10.793257525735498,-51.123611568596765,-2.3530434461047776
2020-05-01,1.4201692437841913,1.4200746662981454,-2.0191796945328218,1.0100689042109956,58.44371025023266,26.654585156596923,134.06872803543578,336.03893946840844,179.6631826624153,19.86429706521853,73.39773089165499,-152.80015007088525,296.51722106724674,267.83098700692983,-218.801570141511,2349.7328265816946,285.45450418416374,291.6224379969328,0.28396542711266815,0.1651145990333149,0.13772895671643023,0.40124986850579847,19.13083255362707,19.025249097077058,44.02524655730993,41.090123446126896,18.472437996932797,12.304504184163761,-49.029416865418824,-60.68712744192527,-5.695876227599321
2020-06-01,1.8295041847045135,1.8293897464498414,-1.7077924152396855,0.16383968382622563,49.43104972301586,18.17484178776156,111.80087790540667,349.11817360796334,155.97680897345597,17.200498338564795,65.10865966493091,-132.72235035687913,270.0094075907147,270.23760556337544,-198.40999431676224,3052.474890247248,287.0464352797169,292.80174145667314,0.2761310286959061,0.1733152709262746,0.15607299331237565,0.456104214849906,23.16573664148644,23.060278445034218,54.8851255411354,52.933731089405136,19.651741456673165,13.896435279716911,-71.8276112466132,-68.33272906139473,0.007799181170796032
2020-07-01,0.413946285174952,0.41401774234708494,-1.6088624722699996,1.516619390121103,46.56740478525999,26.532443837778356,130.0034729921855,336.1687954263563,174.64200348354993,18.991978621666842,75.721617553803,-148.36104240676286,282.48709187554095,278.35797024183057,-214.74795759877608,2965.645158353847,284.5294374031467,292.3878637689372,0.14797891009491376,0.09880293614094653,0.12672449260070384,0.31497473818697214,18.629369718474713,18.587050909976746,12.832334840423513,11.979680044765189,19.237863768937245,11.37943740314671,-63.61001264305449,-97.73731361347082,-0.460423770078485
2020-08-01,1.7486464336781697,1.7487037017099258,-1.7679796088329722,0.08844295943989425,51.17290866436526,38.05340602923065,153.6631464073783,336.69798704124725,202.95375910482545,22.343173718079175,81.13185164832736,-172.08054956957912,328.2914670687549,274.1585874475156,-246.69671112401312,2388.862325054506,283.41860709236374,293.0782339870707,0.1474500742426308,0.11133818363828069,0.1609649564695522,0.2986107304206569,18.475898611872303,18.339201881837692,54.208039444023264,50.59906544299554,19.928233987070712,10.268607092363766,-27.46187632350245,-29.75810277252802,1.722383227655854
2020-09-01,0.7065936856750331,0.7066239130078383,-2.178989749891789,1.3714813030191206,63.06927619328433,55.0201139372567,193.62895018496636,359.8548966393973,250.15063440942856,28.43259848154034,86.65992546585969,-212.23213160602654,387.4329009949551,278.5000782187143,-300.0060702029143,3555.4169104543193,284.6730517342933,297.53338360310266,0.2552894409403875,0.09598042994456109,0.12645004369853927,0.37267206665021546,21.899776301226844,21.83738995563726,21.197810570250994,20.446293779161987,24.383383603102686,11.523051734293347,21.505991984200023,-28.599806439548143,7.482816009625829
2020-10-01,3.1814498054455402,3.1814651440531647,-2.8964332840908824,-1.1858719895404484,83.83540230795124,55.57351117793127,179.77281677725355,383.3162668303488,248.343297911271,29.59128104835262,68.67648908235294,-210.73040725661414,440.36250771398636,259.23133498052005,-313.4650863627885,2340.8593081623676,288.4293037198597,297.7905323717519,0.341507971953949,0.16170448750734787,0.24254833429181125,0.5199689775954446,31.535122449304353,31.378151277753233,98.62494396881175,92.05628310339019,24.64053237175193,15.27930371985974,54.23375138226845,59.809627489328726,2.645004688378677
2020-11-01,3.027778640420022,3.0277083519922487,-3.513230843359789,-0.23978834399174412,101.68817544977695,58.8752970401054,207.21627604823524,375.17270534569343,279.8818901334134,33.35004555424191,70.65548507813304,-235.59752625484106,474.63204315605833,260.4699720121909,-343.3389950247771,1941.4059003955686,288.53244667863777,296.8601371018835,0.32258098288067616,0.139373653658953,0.2263841685714199,0.486563593674736,29.559845928694497,29.40911681253714,90.83335921260066,87.60730185162757,23.710137101883504,15.382446678637791,82.86902301258618,64.40958072761114,4.378568686825659
2020-12-01,6.728163399100553,6.728122105284979,-3.903080852367182,-2.983384799561094,112.97221471221157,39.38480569911547,159.6175004342066,396.12550347520374,246.1314508097621,30.105939378381464,51.14833490264358,-205.3803934531939,488.36519674912375,231.1516887395636,-322.14291334341823,1694.6613105790695,292.15213124853193,297.1591161531328,0.578789900972263,0.19696161562868097,0.32706911917546855,0.7372754054045372,39.247777914145395,38.98860356304673,208.57306537211713,194.67945906495888,24.009116153132823,19.002131248531953,90.99122460385462,170.82343081737864,1.8750381392232924
