time,tp (mm day**-1) (Total precipitation),avg_tprate (kg m**-2 day**-1) (Time-mean total precipitation rate),avg_ie (kg m**-2 day**-1) (Time-mean moisture flux),avg_vimdf (kg m**-2 day**-1) (Time-mean total column vertically-integrated moisture divergence flux),avg_slhtf (W m**-2) (Time-mean surface latent heat flux),avg_ishf (W m**-2) (Time-mean surface sensible heat flux),avg_sdirswrf (W m**-2) (Time-mean surface direct short-wave radiation flux),avg_sdlwrf (W m**-2) (Time-mean surface downward long-wave radiation flux),avg_sdswrf (W m**-2) (Time-mean surface downward short-wave radiation flux),avg_sduvrf (W m**-2) (Time-mean surface downward UV radiation flux),avg_snlwrf (W m**-2) (Time-mean surface net long-wave radiation flux),avg_snswrf (W m**-2) (Time-mean surface net short-wave radiation flux),avg_tdswrf (W m**-2) (Time mean top downward short-wave radiation flux),avg_tnlwrf (W m**-2) (Time-mean top net long-wave radiation flux),avg_tnswrf (W m**-2) (Time-mean top net short-wave radiation flux),cbh (m) (Cloud base height),d2m (K) (2 metre dewpoint temperature),t2m (K) (2 metre temperature),hcc ((0 - 1)) (High cloud cover),lcc ((0 - 1)) (Low cloud cover),mcc ((0 - 1)) (Medium cloud cover),tcc ((0 - 1)) (Total cloud cover),tcw (kg m**-2) (Total column water),tcwv (kg m**-2) (Total column vertically-integrated water vapour),tp_mm (mm) (Total precipitation),avg_tprate_W (W m**-2) (Time-mean total precipitation rate),t2m (°C) (2 metre temperature),d2m (°C) (2 metre dewpoint temperature),balanc_earth (W m**-2) (earth_balance),balanc_atmos (W m**-2) (atmospheric_balance),balanc_surface (W m**-2) (surface_balance)
1991-01-01,4.0362534770540845,4.036150636150734,-4.40778669462304,0.23363231030273404,127.58087952425753,40.009190949193204,208.14593176346807,376.0409170600682,285.9844036961529,33.75876479806778,67.17713770543531,-240.25831076489405,494.5080351382623,262.16148489462415,-352.9284309903849,2364.447837229636,290.0197387090389,296.9837233081494,0.28962544160870407,0.166584810868031,0.18318136722397116,0.4588003485157609,30.305361865450497,30.12468773478365,125.12385778867662,116.78676609232447,23.833723308149445,16.869738709038927,90.76694609576077,74.48173007781972,5.491102586008012
1991-02-01,1.9452762822088392,1.9452395371144098,-4.227299514829341,1.222265798242391,122.3566020569087,39.641851109280005,222.20609670584264,367.90650716889246,287.00128632552173,33.421233001929345,73.41631636441555,-241.8567984746642,455.3371895130303,272.54796565352933,-343.4459090828731,2347.9939924780488,289.4480654780401,296.55412318212933,0.19045934256766098,0.10406459559011051,0.12766535281486077,0.321769864278595,27.647649839639456,27.55379659976967,54.4677359018475,56.28586623594936,23.404123182129354,16.298065478040144,70.89794342934374,-1.6148213356755363,6.442028944059942
1991-03-01,2.754860760530356,2.754853468011361,-3.374326154976872,0.746051817705275,97.66744212151636,26.932264275347926,156.6420980961803,377.0053249465664,220.55868925370757,25.8425240251453,60.80549190372632,-186.99572986127245,391.02377366655486,265.6414903062417,-280.03274833019304,2155.013707470418,291.06774779250827,296.30952477586106,0.25977449422018445,0.17548807701957747,0.144247594296039,0.4361328930296291,31.531450031298366,31.41654669104622,85.40068357644103,79.71219525495836,23.159524775861087,17.917747792508294,14.391258023951366,-5.154520403288487,1.5905315606818533
1991-04-01,6.038066056946612,6.037995992420153,-2.3312088883510755,-3.89665611957008,67.47540089453977,15.094374454182743,100.93203416408467,362.9876808547305,154.95459488430598,17.933767978110613,52.510661124103,-132.2755536096011,314.41122565583225,245.45905242690458,-207.0952851021645,1930.3153142008805,288.58457819430464,292.511268371297,0.36198195173051406,0.3237626133402582,0.15740106649213365,0.588739795199012,28.879249243209077,28.63830523139859,181.14198170839836,174.71053218808314,19.361268371297,15.434578194304663,-38.36376732474008,71.67624683202769,-2.8048828632244067
1991-05-01,3.89378910758989,3.8937205090575873,-1.9093801332189508,-1.9484621689827104,55.265818647862616,2.9271297880494465,86.03172756497679,345.1336476441084,128.4299303045566,14.323244827070075,54.88752155761882,-110.09475959399063,250.38317120356996,250.25113041956948,-169.23590227571796,2039.1585999299934,287.1338925483134,290.5209974926162,0.32682877488611906,0.27091082860339183,0.1584233092932372,0.5123922514631838,23.32449527594446,23.119652736133542,120.70746233528658,112.66552398893482,17.370997492616198,13.983892548313406,-81.01522814385152,-20.629812403239058,-2.9857103995402525
1991-06-01,5.5227702998640265,5.522778618324947,-1.481275121473621,-3.906563813744748,42.87452300668876,1.4662492592031404,65.10067957754792,330.66291321040154,102.47509329408884,11.193480764059094,51.99180203223945,-87.82053138549166,219.71206101940797,241.06824409290903,-139.6339900568678,1789.5975231846278,283.9727381063942,286.91640385674015,0.3231274825792147,0.3133717939756848,0.2505434614481461,0.578118969032416,21.001457683218238,20.74395265917246,165.6831089959208,159.80262205801353,13.766403856740169,10.82273810639424,-101.43425403604124,24.005887927923226,-8.512042912639686
1991-07-01,3.9156448721419412,3.915611313858074,-1.6296271071641026,-3.061467540718882,47.16838459719129,-0.29844060710014225,83.24792335359399,315.6214326805389,121.84664823372759,13.115423929914634,59.3585386065913,-104.3757009618267,232.584904353146,249.38905158452434,-158.21145186580748,1892.4928472154727,281.891590109048,285.77167219570225,0.20565354895926297,0.22815135868386785,0.21786110437134873,0.44181208200517713,17.606765248477565,17.434360246803138,121.38499103640018,113.29893847968964,12.621672195702274,8.741590109048047,-91.17759971871686,-23.194264201362756,-1.8527816348557593
1991-08-01,2.3442402886829807,2.344089974589196,-1.9981999282089475,-1.341033796612366,57.83651283885274,4.454129361644548,89.43183324398707,334.575692694686,142.666802529989,15.904062191144572,56.0262831462511,-121.86321560850742,284.4767917170484,245.69565163429027,-188.53332427254622,2874.2935771013326,284.0463258588474,288.54956727924065,0.36215308956148834,0.27766914831567596,0.18762105810897908,0.5943846713705578,19.74003193056449,19.59396456450013,72.6714489491724,67.82667750547442,15.39956727924067,10.896325858847433,-57.16232736174405,-50.71845295688139,3.546290261759026
1991-09-01,4.182683533893513,4.182605928001383,-2.9208331696728242,-1.107552508399103,84.54156259246034,13.831186610727098,123.06904404316067,347.01566969609325,184.22956910794582,20.96017289733478,57.580564012271765,-157.2851470296281,356.4664235703469,244.94189068246817,-241.5176245888337,2414.2223991186515,285.98995210863063,290.90699468662774,0.3509110757717883,0.2673241216989283,0.21606458653092864,0.5477915394689084,24.790275392552974,24.570159951447106,125.4805060168054,121.02447708337336,17.756994686627763,12.839952108630655,-3.4242660936344578,31.72681458310967,1.3318338141688884
1991-10-01,5.144372932818707,5.144363318489622,-3.5861291684088403,-2.406629613471883,103.79816668452408,19.353307781278176,142.299241743173,353.31830236186266,216.6437951012304,25.16634267658352,56.12867824735659,-184.29753288820794,427.58513010140524,249.67178457679995,-283.43257419098944,1859.2720503538173,286.81174099006745,291.8645313607441,0.2870923415382,0.3273259749622505,0.23858777763695152,0.5488142351349189,25.1609473761819,24.94203190779566,159.47556091737994,148.853105280371,18.714531360744104,13.661740990067472,33.76078961418949,73.79834803498733,5.017380175049098
1991-11-01,4.231985426672556,4.231969566932315,-4.225579334330068,0.3683281647642844,122.30685489270442,29.56960251522415,171.74672623871484,357.4308581214799,262.0515899652912,30.577737912755047,63.99176228015518,-221.631870252752,479.9204918871309,252.39175421041665,-330.2125558310954,2303.357517826742,288.14038985026593,293.78850116619327,0.3393703016341998,0.26966586270217086,0.1721419236141805,0.5513007846480492,24.450435010422634,24.272892064100443,126.95956280017667,122.45282311725447,20.638501166193294,14.990389850265956,77.82080162067876,72.20311928056054,5.763650564668268
1991-12-01,6.538660626691953,6.538649787483952,-4.522887649333533,-3.3948485424672112,130.91220123942648,23.068011759301022,155.34166011072148,389.30732607029313,251.26670256668422,30.248780991133657,50.794636335543395,-211.63996958595337,503.44127206382296,238.15843690539714,-332.0819613777094,1828.3100493192248,292.2717248148036,296.7834790543417,0.48555052046340563,0.28232711025171225,0.19372814809820493,0.6493193844967245,34.93279137435042,34.65509761787083,202.69847942745054,189.19704246191992,23.633479054341706,19.1217248148036,93.92352447231224,145.3432454431232,6.86512025168247
1992-01-01,3.2225967800049213,3.222540265756238,-4.669251048913205,1.6100493598217709,135.14861492330004,35.67581805716969,205.65919332689427,377.44430150198605,287.08159347205145,33.896547125680584,64.51991791697729,-241.12932717735123,494.6580804062742,260.6249019036301,-354.25893035472666,2354.0103048781384,290.9812976443176,296.92791377078976,0.3423507027109416,0.18329509074562875,0.16274135857287483,0.4959666128438197,31.44897334661664,31.313562343438953,99.90050018015256,93.24479935637262,23.77791377078978,17.8312976443176,93.63402845109658,45.94523660426498,5.7849762799041855
1992-02-01,5.7921924666086895,5.7921362129057385,-4.2989800783932095,-0.8391745859320202,124.43136291874919,23.847606742280213,161.6991550208876,394.25754519835834,239.29438251487676,28.77110820278424,50.773335291412,-201.5580071762763,454.7535954810554,255.24076785382235,-311.13033010891394,1533.0333966044996,292.94907959753897,297.25767781916215,0.32579991273436365,0.2518153665234071,0.1929607292796713,0.5162542710081895,38.175084376073656,37.971383018341065,167.973581531652,167.59653393824476,24.107677819162177,19.79907959753899,55.88956225509159,96.54903105075226,2.505702223834902
1992-03-01,5.105585499456708,5.10548255244446,-3.3549002164026955,-2.064187310791029,97.10541706449457,15.558746617812767,117.9621807591244,384.8984240484205,190.6933056897037,22.683403647839956,47.85865189867748,-161.41729613580392,389.12556385206955,241.56807462641618,-255.70860496646083,1587.627589652212,291.9730219997144,295.5021005139594,0.45846204643365057,0.30224595349808414,0.17521487988410875,0.6241590991163446,34.42564953680475,34.202546728197085,158.27315048315793,147.7280831147124,22.352100513959442,18.8230219997144,14.140530340044648,63.86871583544338,0.894480554819097
1992-04-01,6.663323182396124,6.663179584779361,-2.555372092318569,-4.945395518502509,73.96365683685158,7.412894206619305,91.85583124288844,358.70709045138716,149.8651896489834,17.259709096039,50.96480989708409,-127.76346354800256,312.53515213048934,242.18002248477876,-200.74563515002535,1713.118892946882,288.5271317929855,291.9150089175219,0.34845909888031956,0.34978403057878504,0.17837699156664824,0.5945382283032217,26.568238001817008,26.264062408666767,199.89969547188372,192.80033520773614,18.765008917521925,15.377131792985494,-41.43438733475341,81.98018842868355,-4.577897392552401
1992-05-01,6.225299165982913,6.225229819164978,-1.7511459842870427,-4.084209289891657,50.68557579229395,2.915862661870948,67.53901519892332,343.94381646474733,111.36525375088155,12.43914174901256,48.80830875911871,-95.23626955385527,249.12365821845344,239.9204032494074,-153.64406098088216,1810.2904254133348,285.81646305802616,288.8830525862978,0.3716834879987174,0.38297162091451026,0.25219132593305954,0.6162503204194941,24.81705558190882,24.531498395493028,192.98427414547032,180.12817763787552,15.733052586297845,12.666463058026181,-86.27634226852524,50.339737236484694,-7.173477659428343
1992-06-01,5.432055746764443,5.431945528764524,-1.5106286653216994,-4.680757428086709,43.72410938539877,-5.710180650188588,56.700665068003154,345.71070162154115,96.42285160719418,10.706564137501097,46.47233082938248,-82.59454456109718,219.47346345539495,238.65812180258254,-135.09846331611848,2203.06949180615,285.95743622693226,288.99169608077136,0.40677321616801776,0.3336985833137706,0.2614490959936468,0.6415901720845947,24.944893993544802,24.679452878131215,162.9616724029333,157.17434979064018,15.841696080771385,12.807436226932282,-103.55965848646406,11.78229692227282,-1.8917150034954773
1992-07-01,3.427807983841046,3.4278109368681093,-1.3933427660160371,-2.1254141167951763,40.32932790351964,5.126196806248244,64.38903250251643,312.4465959294925,108.38575638676642,11.719878324756097,53.84557263929495,-92.60553871432285,233.41345457462464,243.45511604936374,-145.78319054122795,1686.9772282912725,280.599719562021,283.77444463581895,0.2708368403278116,0.3757574174295217,0.22650514328998095,0.5765168420986548,16.033374674633873,15.81388279572438,106.26204749907242,99.18434423808186,10.624444635818975,7.449719562021016,-97.67192550813579,-32.121350538833596,-6.695558634739989
1992-08-01,3.4653499062935955,3.4652411151878257,-2.032754098131421,-1.7742216754999045,58.836839667284195,9.341456719247724,104.76956874400439,315.95028374293827,157.3480974135012,17.11533668095963,64.11864927394623,-134.26846168162547,286.0715080747384,247.11989957154242,-198.5591347021894,2344.6011277180037,282.73625290286435,286.7345817892354,0.2987935810314548,0.2322191212431205,0.15030541974088926,0.4588736242384875,17.09683972488402,16.934653340675307,107.42584709510146,100.26739337927737,13.584581789235415,9.586252902864373,-48.56076486935302,-9.101727178507161,1.9715160211473162
1992-09-01,3.6299512288890092,3.629849689363203,-2.767714870187678,-1.3167441157957054,80.10957419879765,17.291898503837125,120.25494063806998,335.1282828741954,184.85640097208395,20.856791504328314,58.19009806150496,-157.61506386064963,358.29242151711827,252.2623688638628,-240.1522881695832,1329.5961776021722,284.6197311236497,288.98444480822343,0.21851116516191774,0.3576088538130806,0.18897396012306236,0.49916217289124565,19.866702724961176,19.678751466951834,108.89853686667027,105.0303729561112,15.834444808223452,11.469731123649694,-12.110080694279617,10.787224966524036,2.0234930965098954
1992-10-01,4.667166538980598,4.667133879721058,-3.668255401449879,-1.7901147256335752,106.17515245468114,21.419323370141004,153.81767405083625,346.03380670714597,230.45922247142533,26.508639019001592,62.85031486845919,-195.74807257939082,429.12254970748927,246.7233981363092,-292.562501995079,2517.692462686728,286.699295456385,291.81241786912705,0.3403163781140089,0.2472226339026887,0.18315756566363944,0.5214424551663185,23.672559170977816,23.45603904728635,144.68216270839852,135.04438309378062,18.66241786912707,13.549295456385039,45.83910385876979,69.4050526117598,5.303281886109474
1992-11-01,3.863382093623967,3.8633280498455718,-4.247982719694235,0.0360211187924233,122.95509826778134,33.95495459632862,184.53009644371377,353.6891540471574,269.5868509587883,31.424377498502118,65.16977415701157,-228.10039202801298,480.8229857580533,248.93342548329363,-336.71233430067946,2164.4648572102656,287.5356066385629,293.14099958085967,0.3436160872732337,0.2351807791887905,0.1721323748255954,0.5108623537826558,26.01513264086713,25.832878017869792,115.901462808719,111.78611255340196,19.990999580859693,14.385606638562933,87.77890881738583,70.589358096115,6.020565006891459
1992-12-01,3.5577185457089846,3.5576509675998413,-4.538585398475169,0.20771281489943239,131.36647550810287,37.880031615964555,203.63643692597125,373.1317712331838,291.04206970575285,34.26058902540364,66.86911247682357,-245.23351771807793,503.57309947643176,252.36114680056767,-359.3165685802374,2767.289882101818,290.2874368243971,296.6017722205814,0.390251658096872,0.15354803196539343,0.15701054920583396,0.517986856757492,29.61753406840482,29.430594274970886,110.28927491697853,102.94128957175467,23.451772220581404,17.137436824397128,106.95542177966973,69.4123377261346,9.11789811718694
1993-01-01,6.581335786926837,6.581294305576716,-4.679025599177546,-1.9119578100603496,135.4316566901898,25.137724459011185,175.30949557304245,394.09555277209085,260.701546156749,31.300748637736923,52.42139327388195,-219.05553515090054,493.924750430159,243.74006007815834,-336.6614931254613,1678.1475154376458,293.1324317294558,297.74509599974573,0.4535794470227376,0.23976474853948668,0.16811377766907062,0.5795915329085668,37.68122572467417,37.46203060546487,204.02140939473193,190.430969490067,24.59509599974575,19.98243172945581,92.92143304730294,141.85598511936257,6.064760727817571
1993-02-01,3.1914855282648404,3.1914651517817325,-4.264189406140137,1.3820727023810946,123.42457004345513,27.310676091944224,171.5425302397159,375.5130069148443,251.31789340142876,29.7321608171573,58.83111190910225,-211.4684059015812,454.26579981738564,266.4859112286179,-317.1556678465233,1461.4095576213742,290.78695778190325,295.61886826716517,0.21756177626090567,0.26498908619272726,0.16446266462341827,0.4520837981736035,29.2161779212679,29.079442519852464,89.36159479141553,92.34563517886957,22.468868267165192,17.636957781903277,50.669756617905364,17.688773896240207,1.9020478570795945
1993-03-01,3.5848270305339667,3.5848264697449643,-3.3875854295127152,-0.6568619105052103,98.0515140402763,21.29210444203648,138.28519218532276,381.3451942113275,207.92075665643404,24.60357608219429,54.3675726250665,-176.2333580248259,389.6460913034783,253.42745768529636,-269.82250755701295,2162.1064690432413,291.62960141928755,295.8443872170543,0.35976190484611886,0.21628855639146471,0.15760620958871407,0.5252017082498214,33.45100491317787,33.29570296095152,111.12963794655296,103.72761775882421,22.694387217054327,18.479601419287576,16.395049871716594,19.54898667281789,2.5221669174466115
1993-04-01,4.038329183792517,4.038288585297398,-2.5425667898853326,-1.2987598594014595,73.59303017876766,12.990144552612517,104.83152720166727,368.4827301641043,159.4691765863067,18.494322151731634,51.97401021567321,-136.14860780300677,313.063310511096,254.86643840635483,-211.36020835371374,1990.1598263986007,289.661855117273,293.59210320048066,0.31603309174599903,0.29834470017754056,0.15769417466919186,0.5479187685108695,30.266726407629005,30.08314990055735,121.14987551377551,116.8486280467997,20.442103200480688,16.511855117273,-43.50623005264109,2.157944959437586,-2.4085771440466317
1993-05-01,5.865696128664711,5.865607157861032,-1.920974752667399,-3.716805073597681,55.601336095851735,4.553731599026431,85.04350886045287,335.98410892107984,126.09448743926973,13.893411013180074,56.95470576863589,-108.04885585693262,249.46664140541603,244.88629923642085,-165.36876582884946,2379.835261899451,285.449111212587,288.92824165812004,0.3303205509250343,0.25646767938096193,0.20586124397886552,0.5196259703217848,22.265977034813687,22.015463334139156,181.83657998860602,169.72242933625668,15.778241658120066,12.299111212587036,-79.51753340757139,43.66447743941498,-9.060917606581441
1993-06-01,3.4558647299759255,3.4557447889497674,-1.4220684420822498,-2.4893057487455157,41.16093359715135,0.6924656168812221,67.18537575188999,326.06248530455525,107.69912898771534,11.741794724046224,53.712342986952116,-92.21502500692593,219.4955700451562,244.72598745565844,-143.67437656075438,2077.7192240020345,283.31321725432133,286.5753811316836,0.3494408318354709,0.3235920382677824,0.16542993841143483,0.5895672411062798,18.939528896824868,18.76049268906931,103.67594189927776,99.99261542100021,13.42538113168365,10.163217254321353,-101.05161089490406,-38.86921187699642,-3.3507171940587597
1993-07-01,3.7781713195806272,3.7781417215008015,-1.4354773577171276,-2.2220493284961162,41.5470472982693,3.443442298918488,64.55718091327914,322.4436422670258,103.2342213469876,11.266180193814364,49.61441799765572,-88.31439051232951,233.09186792624976,247.47867427659182,-143.06490341741298,1469.56523920817,281.7307641082318,285.04873038891907,0.2234127757236613,0.35795612807070526,0.3268050399510066,0.5562930065004864,19.479831493962152,19.225701015785504,117.12331090699945,109.32123036750005,11.898730388919091,8.580764108231847,-104.41377085917884,-30.349070707434095,-6.290517082514
1993-08-01,1.9644317989723765,1.9644300688597978,-2.0027913229395216,-0.9440350469867543,57.969427953323276,11.08790947862761,112.38637299309512,317.3317006524251,160.07755213474437,17.436780207228836,64.84771652642709,-136.7565993397488,285.4928237922804,249.03455315130566,-201.61683928019434,3440.502580099209,282.14301097237797,287.21896288418344,0.31396362351041995,0.17909619473327054,0.16453931100075037,0.46363111853918054,17.81545345847944,17.690666732416446,60.89738576814367,56.841147825804335,14.068962884183463,8.993010972377988,-47.41771387111132,-51.39753938000107,2.851545381370812
1993-09-01,3.9794659685767844,3.979420744444236,-2.264037661327423,-2.544436246281105,65.53111824004291,19.69390943508419,107.39175677359339,333.71324122069484,169.21026753522716,19.194444599987495,56.956055086022914,-144.20954061877282,357.6222320012379,246.45114985106852,-227.77760539194415,1766.650103560931,283.55909022600747,288.36609103378373,0.2615825649367516,0.3363532845580255,0.27127288236394737,0.5445850771835938,20.517068704212498,20.288272592630893,119.38397905730353,115.14527617026147,15.216091033783755,10.409090226007493,-18.673544459124372,28.912155613471384,2.028457857622797
1993-10-01,7.035471648141029,7.035416310176125,-3.3116633356412812,-4.57509006085787,95.85411789517701,16.203332825074728,124.18271675264785,366.6929814037486,198.4384744668307,23.391062003249,48.864303925545585,-168.863757118078,428.52757330007535,238.50544308297978,-270.5946029567434,2106.2690612453284,288.7585394918707,292.98036257721327,0.41183324000832505,0.37982996734136915,0.23300091848146492,0.6596243534706446,28.373504417602078,28.051360559100196,218.0996210923719,203.57107378981843,19.830362577213293,15.608539491870715,32.089159873763634,131.86411329612434,7.9420024722806914
1993-11-01,7.149058828188713,7.14902964624686,-4.4027189110976925,-3.5650470099064187,127.434143039572,21.23824033738804,171.91012676585305,361.1236230529362,251.6220321532824,29.44611457112591,60.63998148206912,-213.26264059575323,480.42002371068344,244.34605833065504,-322.9201365517616,2296.8667881191927,288.9299751267631,294.1865871843753,0.36119376892332744,0.2504734312831537,0.1975575949007007,0.5320247103466569,27.486340546397447,27.19060520673935,214.4717648456614,206.85849670853182,21.03658718437532,15.779975126763134,78.57407822110653,154.0481561533423,3.950275736724052
1993-12-01,5.055153535341605,5.055133154627325,-4.914964950693797,-0.6310925321916337,142.26070561556818,28.3619261802894,199.25191324709434,374.7329824881325,282.10794132730626,33.28737570970939,60.24132258594593,-237.7345984069699,503.4134204301327,257.6221181985217,-354.0580937110316,1741.723565948055,290.93545421242345,296.12410763740684,0.3036217221149141,0.2404322908443672,0.14181581733500545,0.47638109324589184,30.64870781761694,30.467124299437604,156.70975959558973,146.27121396491103,22.97410763740686,17.785454212423474,96.43597551250986,93.57583983668633,6.870644025166371
1994-01-01,3.300270707451367,3.3002405581062644,-4.485943640606479,0.05818108714546168,129.84276256743325,41.95162167287331,217.660386601158,375.3187867297868,294.77199361412187,34.70286892963912,68.89358289529861,-247.7286877716022,494.0478666448058,262.1369858723564,-359.6535169387108,2363.736133263901,290.20853917794113,297.15305796777545,0.30981997516489895,0.1689211464628933,0.148057014313996,0.4568587984711601,29.958629597162883,29.82848346067286,102.30839193099239,95.49307170446367,24.003057967775476,17.058539177941157,97.51653106635445,56.126119567387825,7.040720635997047
1994-02-01,7.609379947810199,7.609381206663012,-3.817348072227893,-4.451262730457219,110.49060590431525,21.175259250833722,132.70372042540015,388.69083155841145,214.59304752998344,25.899684284210508,47.358295680879344,-180.46649849135346,454.63352401839,240.334332892923,-290.9737390724894,1459.6478314298022,292.2195339170099,296.11247409529244,0.4160901406715488,0.330190467737081,0.22661542639531415,0.6224446254202658,37.44115905055366,37.17636702724982,213.06263853868558,220.17885435946215,22.962474095292464,19.06953391700995,50.639406179566436,158.88531697938816,1.4423376553251614
1994-03-01,3.397176331906129,3.3971279677881663,-3.5880017230649237,0.704389005542037,103.85236289856996,23.24454947154315,156.76575348868766,366.7865342153715,219.26348387017885,25.462974105330954,60.180950919092645,-185.83094432284358,390.17729781456353,263.6989040561588,-276.51726625041385,1531.3784644976731,290.03839935899526,294.7519674594835,0.23399466599019786,0.26120477810598414,0.1496039826817019,0.438791081148109,28.17921597158966,28.031749610928458,105.31246628909001,98.2965268457224,21.601967459483546,16.888399358995287,12.81836219425503,8.709445107769653,-1.4469189663621904
1994-04-01,4.038298577707863,4.03827983860492,-2.5527842238080023,-1.9548124110116638,73.88858175678695,10.57693058787464,106.32448156571485,356.7150988838678,158.97217371468645,18.315181691880763,53.00932895352302,-135.681316280435,313.6020777924723,252.77783024587754,-209.4889862333897,1990.552731441339,288.19575552969525,292.0907956843233,0.2942140515861612,0.28739913959808605,0.21110269414428887,0.534377710413172,27.004389942247983,26.796769031966925,121.14895733123589,116.8483749596331,18.940795684323348,15.04575552969527,-43.28884401248783,1.46447420810793,-1.7935250177496016
1994-05-01,5.331005789336219,5.330953118446175,-1.7944957713992107,-3.455109545554575,51.94045905972101,4.386830509289222,66.8804274651751,360.4765679464949,112.17579482462291,12.85448841374666,44.56409437980507,-96.12142898341405,249.81960708773852,244.94145646187886,-157.16786857802504,1600.8303547772296,288.37045225460054,291.13528890402523,0.35809249288271494,0.39967448072535217,0.18127531320056778,0.6493952547581925,26.145207670838875,25.89759981243362,165.26117946942279,154.25211569578053,17.985288904025253,15.22045225460056,-87.77358788385382,19.308023717606943,-4.769954965401254
1994-06-01,4.00557348333996,4.005534938458448,-1.5182703668577409,-2.4463956241741776,43.945550746539574,-0.2938206378577863,70.65937320850006,328.18760108038265,107.58842858865778,11.694863204735949,55.5516835053887,-92.18984242048477,219.52878135685125,245.2135340442245,-144.25371120497852,1798.3775227051797,283.9738807560632,287.47616241026805,0.3058341766710102,0.31917781022701563,0.1651829212977541,0.5255443934388704,20.4448152313434,20.25980024003008,120.1672045001988,115.90089521002453,14.326162410268068,10.823880756063204,-100.95982283924599,-21.99090718217529,-7.013571193585726
1994-07-01,4.887871683544882,4.887824307873557,-1.6339185332463395,-3.6803798492255053,47.29273688188139,-1.986244974210088,78.70073813620608,325.5316354923012,116.96497613480548,12.703417639678701,55.33349116705035,-100.23826560741405,232.77981550945128,245.40126011015585,-155.2509017686887,2229.398401219783,283.0500367365475,287.03234965746043,0.2913914803482997,0.2793608468604783,0.2231219376642552,0.5096705159410905,20.400622220468662,20.197181231798137,151.52402218989133,141.43010150097098,13.882349657460452,9.90003673654752,-90.15035834146715,4.388723744930047,-0.4017174673075985
1994-08-01,3.6469176345634766,3.6469078386508786,-2.153463530012987,-2.3975000765280456,62.330503573027705,7.796972696804279,108.80104987353165,322.9925487663034,156.2340584530992,17.164841977618437,63.20249175813834,-133.58277443475967,284.9242991453413,246.22679343866133,-199.10637821301404,3017.437819912446,283.239272545445,287.8446226325942,0.35111767134181415,0.1625059501027774,0.18016374507344374,0.4767223913904868,20.194883873317707,20.03989580477433,113.05444667146777,105.52395366466662,14.694622632594246,10.089272545444999,-47.12041522564729,-4.179771540797731,0.25280640678934674
1994-09-01,4.037601906384469,4.037570327735822,-3.052067956503521,-1.2549538941330936,88.34023369412563,14.530818022753222,141.4684206029095,342.11315704214326,199.31344950020488,22.50508896016421,63.17370261926872,-170.3240692317119,356.9631650585718,249.91007839594786,-253.0302122425957,2676.285496351795,285.6890529267975,291.1043421092941,0.32916627764194983,0.20624579209183486,0.14147463260130264,0.4647947054268417,23.31897651621513,23.14663520974084,121.12805719153408,116.82784513124486,17.954342109294146,12.539052926797524,3.120133846647832,27.328430388202733,4.279314895564326
1994-10-01,6.826219340665028,6.826179890531663,-3.531296618949131,-4.264961049497698,102.21114261064535,18.039634914395673,127.89971207429541,362.8337041718249,204.69687005944732,24.182798914289226,51.39193038941037,-174.09746506275167,427.94489318037904,234.78716295156818,-275.94053778654677,2076.7163619997386,288.50282169999485,292.6646378410328,0.445400522361918,0.32606143093866424,0.27129186052541476,0.6493467878011133,29.24403966150755,28.943444089707846,211.61279956061585,197.5167792399208,19.514637841032823,15.352821699994877,41.15337483497859,134.00425431595374,2.454757148300274
1994-11-01,5.454992206354313,5.4549244751623815,-4.463230335483588,-0.8003660533984958,129.18542430570062,26.630422088846075,185.59146461999967,360.1820080779637,266.0784191465116,31.100168659605167,62.89496613441271,-225.20011873415325,480.03009857462683,249.39443751694395,-334.58113074422175,1832.5681680884109,288.69360594543764,294.1758294782759,0.32443444219706213,0.2537857687519591,0.16335806924531654,0.4901931145977416,26.86903464070872,26.63885776456029,163.64976619062938,157.8392498600226,21.02582947827591,15.543605945437662,85.1866932272778,107.35121257640591,6.489306205193856
1994-12-01,4.063839373637401,4.063832124508561,-4.88763016526022,0.17320880874213013,141.46922115416297,32.20659877550268,211.5869363033869,387.52660410681017,292.95101057466144,34.78438604043523,62.63282399594984,-247.2726041571969,503.267237478188,252.9109287499143,-364.08540379169045,3060.0858048499545,292.2346522837084,298.3925388072673,0.47267187921119874,0.17193120760802236,0.12914907088770203,0.5709384375159127,33.07033428671169,32.89506200848924,125.97902058275942,117.58773508415976,25.242538807267294,19.084652283708408,111.17447504177616,76.32902874019155,10.96396023158141
1995-01-01,5.333058669784688,5.33301579540176,-4.209950340157709,-2.136037347242218,121.85450366953711,32.17743852088882,164.77384630165224,392.21785179408056,252.69408895062344,30.515771480585965,54.414401326190685,-212.12138739604092,494.2171244382672,247.02164138262793,-330.90663288947536,1900.4069068229517,292.3300932963741,297.4786617343211,0.45007942982708005,0.2655518911433639,0.2131748288811969,0.6148944774147372,37.01215462691639,36.80797912510606,165.3248187633253,154.3117996354676,24.328661734321145,19.18009329637414,83.88499150684743,112.66724359335359,3.6750438794243223
1995-02-01,6.0891945052043415,6.089194510922414,-3.952023180231473,-2.9281413307822457,114.38901036618813,26.93482387985039,155.40098392820286,382.138992021088,233.5148052758082,27.942797030005597,53.99201982129705,-196.50569266226967,455.04418896795886,250.30706686511425,-304.725228910039,1507.9404877516988,291.3390840746204,295.93260083434365,0.3384568136857669,0.28896012066382726,0.1973069377837286,0.5373729447231691,33.85930303921878,33.61431008234832,170.49744614572157,176.19197080215318,22.78260083434367,18.18908407462044,54.41816204492474,115.0312838859557,1.1898385949340877
1995-03-01,5.064041038291942,5.064000417083397,-3.540720006464078,-1.7502602092970825,102.48380298340497,18.22196020506973,143.68641420889233,370.6501231243845,209.34780672895292,24.466633675355673,57.6062044328306,-177.32818355453648,390.74701662222554,254.23518389201456,-269.08340043935675,2320.231139491159,290.66166556922786,295.07179138735535,0.34773020292410917,0.22854128361604767,0.16056089920178038,0.5198854917241745,30.012031493895755,29.800435523593855,156.98527218705019,146.52778984616313,21.92179138735537,17.511665569227887,14.84821654734219,59.87598747686917,-0.9837840667688198
1995-04-01,3.211059000225999,3.210993916260422,-2.701332285974077,-1.2759889297482943,78.18841780340101,14.203700303574887,124.6998964612063,345.8122086459375,175.35920811695553,19.827439255312125,61.14814561986922,-149.7147252080512,314.1721088681054,263.72032288552947,-221.56998171552948,1597.0244182030974,287.2001466755173,291.4753730758045,0.17423488385897937,0.2546113717839876,0.11345512253917783,0.3940794455687023,22.849290811317815,22.711330263034895,96.33177000677996,92.91070359549832,18.32537307580452,14.05014667551734,-42.15034116999999,-23.60251685910876,-3.8255385187939197
1995-05-01,1.9133315808292481,1.9132266287219708,-1.7797394181779205,0.23773248535326347,51.51346651791784,11.859379606761888,93.13635343701287,328.5881896864246,136.72401943580937,15.131887900350675,60.74061746609127,-117.16691078395252,250.1991281017341,248.17993812650374,-174.72382008838096,2382.341795446106,284.7978320797023,288.16649450162976,0.3492496359117958,0.2590430735851206,0.12111050064067272,0.5194004326971614,20.251374159476182,20.129740608407374,59.31327900570669,55.35956680329777,15.01649450162978,11.647832079702312,-73.45611803812278,-62.663464945924375,-6.946552806818481
1995-06-01,3.43146272435482,3.4314366756348127,-1.4680292912451198,-2.0141012100622087,42.49120683373152,1.9098474259481808,72.11997484660128,328.2345123090316,108.30930497433954,11.811065639562871,53.60178251255249,-92.84516201933091,219.58578511395552,250.66691963517712,-145.14025162735282,2180.2725970447814,283.30494506250443,286.99902530010075,0.2525084312581869,0.30328500909280115,0.2055835611554122,0.5356092880283119,20.53013609752618,20.360440653113457,102.94388173064459,99.28925566072952,13.849025300100777,10.154945062504453,-105.5266680078243,-43.570944427925,-5.157674752901272
1995-07-01,4.873920169164048,4.873813345509499,-1.5436333495376657,-3.596990607927508,44.679318377907386,-3.5882404881189784,69.50465264326432,335.77154706188765,105.8413842125858,11.626637514827781,49.99601477903131,-90.7006892498334,232.49323315230018,250.48461946085325,-146.36351352414314,1671.2139873198398,284.2523207385103,287.998749939569,0.24698524895157978,0.33230360980710494,0.2903980162663102,0.5379180191388736,21.867499811391895,21.644709174627476,151.0915252440855,141.0246917103443,14.848749939569018,11.102320738510343,-104.12110593671011,-7.38932918528684,-0.386403418986319
1995-08-01,2.7847771261007863,2.78473492716009,-2.1354404705706047,-1.3561439998574443,61.80894394775582,5.663035018859841,105.13202924351863,331.3729674125548,149.66256029152254,16.564767008007237,57.84260743618725,-127.99729240216251,284.3852591670132,253.96649908696222,-194.24438896006964,2412.4679388690943,283.005406055001,288.39398217646317,0.24528316915497425,0.20055995984681887,0.2533301006946322,0.4706708826508282,21.275158924029533,21.099537683908558,86.32809090912437,80.57682080903037,15.243982176463192,9.855406055001026,-59.722110126892574,-43.63693926497763,2.682705999359598
1995-09-01,5.43594864593581,5.435961313720962,-2.6428451666150075,-3.4913913594421513,76.49502683171478,14.748760129466293,121.99060823589255,338.118584747221,179.1954509692101,20.195532625225308,61.43285122344309,-152.91457073058538,356.3393206667351,248.85827717902487,-235.37514656732972,2191.058473824117,283.7752724637943,289.91062488208667,0.26825200196431087,0.23905920077001122,0.2517003482582908,0.48445922981304673,22.08841101258198,21.861760738894624,163.0784593780743,157.29054727201856,16.760624882086688,10.625272463794317,-13.483130611695145,67.07445728264742,0.23793254596121471
1995-10-01,4.924702667383918,4.924705776907728,-3.649995121959112,-1.521155624932995,105.64674275358708,25.124969756557466,165.0930651405424,338.1709393714743,237.0890324578471,27.167745272391457,66.84545237267326,-201.56308017428663,427.40319139918427,242.58108876258126,-296.1839086896404,2553.075014958814,285.09276181008966,291.0244171334952,0.3331281292504467,0.22220256796709106,0.1868866465636323,0.5040764703420738,21.18237633554786,20.94492556997373,152.66578268890146,142.4972736373764,17.87441713349523,11.942761810089678,53.60281992705916,86.50743551937965,3.945915291468822
1995-11-01,2.4940516751318196,2.494030017167158,-4.195623777082593,0.7466316464399925,121.43971908534226,41.32252867152014,210.44339128095922,362.65752557984194,286.6071876855132,33.453482364080195,70.82312003199178,-243.02835025696933,479.68524508840994,262.19548067352866,-351.7227795565388,2749.2908375381094,288.5136390699537,295.4978534302894,0.2671614912230042,0.16676726780645143,0.14330080274628998,0.4407977285642582,26.054204771746985,25.92648735701021,74.82155025395458,72.16522040414229,22.347853430289433,15.363639069953706,89.52729888301013,30.809817733695006,9.442982468115162
1995-12-01,2.834348358378534,2.8343581351666978,-4.180156538820658,1.1808512741142587,120.99170663508862,51.66677059784513,227.5327393583137,374.8052397715984,303.4620476169417,35.64033469784117,74.69496377490786,-255.97121240910286,503.1679527014434,261.3684700858143,-369.83345931301443,2732.9158316637536,289.1955593904987,297.6349246682821,0.32126498500652306,0.14564089221049795,0.13650126103657675,0.44029953003200184,28.972033819474877,28.847979929807543,87.86479910973455,82.01267752218455,24.484924668282133,16.045559390498738,108.46498922720014,60.868188713034826,8.617771401261237
1996-01-01,7.304633450474091,7.304610913940513,-4.077802035592332,-5.20380751551524,118.02945391285152,35.256394179411345,174.88661433857055,391.20056657530023,256.38063988794437,30.85204531394756,56.92783713537735,-215.47277868788888,494.3874496609486,247.59099934905112,-333.12373486481084,1739.3056353280126,291.76573274309095,297.60645402638437,0.37008165093700024,0.22413914452130027,0.2039960368742365,0.5300986375911335,35.97778092555079,35.72335974210775,226.44363696469682,211.36026950059355,24.456454026384392,18.615732743090973,85.53273551575973,173.6044576432531,5.25909346024865
1996-02-01,6.1411183261369295,6.14101691127559,-4.071549356821163,-2.8716738938683264,117.84847377653072,24.93878087938228,154.69125650382043,387.92783008520894,234.18834413442357,28.145421881715368,51.9534697473236,-197.04575878438624,454.4793522623968,247.11931997300158,-306.237357517776,1571.415782333257,292.15302379545386,296.55666061201293,0.3904674986532268,0.268110834327363,0.16703466046517307,0.5623306448986825,35.99984602581789,35.78711555300357,178.09243145797095,177.69146155311313,23.406660612012956,19.003023795453885,59.11803754477441,116.65599094020718,2.305034381149639
1996-03-01,4.365614101480542,4.365535939588815,-3.4052604875381425,-1.8702078845860093,98.562987264664,20.701666083173137,137.0366890082075,378.1663018303796,203.63553868538423,23.997167095528752,53.720743301794165,-172.53346136791535,388.86516787468315,259.31247089756727,-266.0654712357139,1496.5547778145915,291.17789700851233,295.43104034778855,0.26115840318581757,0.2753172828317563,0.1654518207800656,0.4984934892043707,31.482726046307384,31.301303528414902,135.33403714589681,126.31759084458376,22.281040347788576,18.027897008512355,6.753000338146649,34.959539199782355,-0.4519352817159472
1996-04-01,5.969709405612303,5.969695479383842,-2.680670683381875,-4.270769535275678,77.59047569197344,7.943619545492764,102.27119852615718,366.16896731097387,154.85231932065997,17.945020698244594,50.4342996178179,-132.29164277960302,312.31019065206925,245.24800808642667,-206.9710685737862,1612.5959711146515,289.54113962228416,293.03744299617983,0.3361226277363135,0.2920673796461266,0.17241627729535824,0.5294127552581559,30.607476236800917,30.375878780943342,179.09128216836908,172.73424419513432,19.887442996179857,16.391139622284186,-38.27693951264047,60.5435810662015,-3.6767520756810796
1996-05-01,1.3727963108003818,1.3727413441165548,-1.8521768577081725,0.8570364436503638,53.609840216249154,10.58684385357162,95.35921027929422,334.827206281056,137.58686377937536,15.238294698928993,60.30561863365948,-117.90287738737482,248.9511834951454,259.65968996099656,-175.90802128834025,1847.902392391039,285.7382938257574,289.1373206399603,0.19482754211605022,0.2486934341629333,0.12915000669381474,0.43274996233092805,19.80115908345543,19.706789057393554,42.556685634811835,39.720525003372536,15.98732063996033,12.588293825757432,-83.75166867265631,-91.04155856942748,-6.599425316105439
1996-06-01,2.7896940113890745,2.7896005371022405,-1.366002507946205,-1.490846775387627,39.538079210037,6.10479601170417,80.80144680916219,307.3914501805311,115.4665612235401,12.262068818028974,62.62327816372882,-98.85339836380426,219.35621524042685,248.5596354890942,-148.23751014312475,1997.0281785303162,280.8218375117591,284.51642136626026,0.2503630834362712,0.2686975118133997,0.20636210583006653,0.4369838703331015,15.319485363321245,15.152117671615786,83.69082034167224,80.71760813374539,11.366421366260283,7.671837511759122,-100.32212534596945,-49.72984140059535,-9.412755021665728
1996-07-01,1.7861422951615442,1.7860798095307648,-1.3714794817200584,-0.8415829625320211,39.69647716730538,8.984882024600665,91.92676917173176,300.82887248108335,131.46842446422698,13.981448997867687,65.82982309137152,-112.52846647867412,233.3318806333695,249.77093600268088,-165.1180822971792,2635.7801928655517,279.86513711683983,284.1392963750838,0.2244216498327359,0.2015549111887095,0.12223277765586688,0.4260567789160382,13.994931348498305,13.906828993880994,55.37041115000787,51.680550044292964,10.989296375083825,6.7151371168398555,-84.65285370550168,-70.68606502391063,-1.9827158046034512
1996-08-01,3.7083727357950362,3.7082632348019056,-1.9630492567433495,-2.918817356157746,56.81929279244412,7.181570585225304,108.82804521323577,332.142464628129,153.97251298731456,16.90875525674448,63.03945808080261,-131.6168878327364,285.9911382218078,257.8317260568403,-198.07123355228813,2414.7916183364687,283.951634702969,289.51995686829156,0.24909646752232287,0.21705211499351704,0.18211461652327354,0.42681028535032767,19.911016860436906,19.732046258673094,114.95955480964612,107.29928341440699,16.36995686829158,10.801634702969011,-59.76049250455216,-13.85706825685368,4.576566374264388
1996-09-01,3.9932754375600292,3.9933002947065575,-2.474686772146692,-1.9883181109115584,71.6282226184199,17.831973924827153,118.01863577566105,333.61567268683064,178.20038649390636,20.08960127464535,59.730311885226534,-152.06058105116557,358.1794823660053,245.1082875096531,-234.74089935612233,2088.4094874004154,283.5114972490769,288.82716627863283,0.2750280550772803,0.3066286950206196,0.25256287127235993,0.5420242186455059,20.436124046549992,20.196093134786707,119.79826312680088,115.54688352738881,15.677166278632853,10.361497249076933,-10.367388153530783,30.681200132746156,2.8700726226919784
1996-10-01,7.620462893508175,7.620413119890027,-3.3664786782833414,-4.885957040230913,97.44075245801614,15.965878771266684,123.7243703190444,361.6172662712579,199.91465007806752,23.611036754886463,50.90921166338651,-169.94486468501634,428.9568001326002,235.39344499065692,-270.9727173622518,1844.1157724247514,288.1319393962242,292.2731152067225,0.4158036707381793,0.34888457838475184,0.2607461752206371,0.6383919636149955,27.182194288309365,26.83648459950231,236.23434969875342,220.49806481163273,19.123115206722503,14.98193939622422,35.57927237159487,153.00756293286446,5.629021792347004
1996-11-01,4.0881220783704695,4.0880710671683325,-4.45508919267213,-0.1712027655701719,128.94979708638937,31.156914175213963,194.46712049910735,366.13856992954055,273.7711348649976,31.974831896949585,64.16607354107072,-231.81726593869763,480.6062760897979,253.56914101472785,-341.6272385320356,2022.8974000102062,289.392535274515,295.10569816716526,0.3600254021615325,0.2426652375580473,0.1302783904962229,0.5037647946900075,27.19364865669443,27.01605595628145,122.64366235111409,118.28909337871333,21.95569816716528,16.242535274515035,88.05809751730777,69.85291267360816,7.544481136023592
1996-12-01,6.657260469601774,6.657201287595339,-4.373525546342568,-3.114033366056186,126.58915677999538,29.780787273736472,175.43497700091592,386.6255756915667,260.87980013506086,31.28318157465561,55.51217517042027,-219.87397332236716,503.32059047858155,246.78639474162438,-339.3474709866988,1767.030869728138,291.7700390892087,296.8474569284655,0.4076290450431489,0.2634484177442961,0.20215063228755262,0.5723522656427805,33.88864871152504,33.643059682399546,206.375074557655,192.6273520716244,23.6974569284655,18.620039089208717,92.56107624507442,150.6074174384884,7.991854098215029
1997-01-01,3.6131555084838762,3.6131411799056226,-4.455805090330503,0.7890372355044696,128.97058329047113,38.57805759160786,202.6260707251421,394.40631886634736,280.0398636396861,33.48962367395434,61.00421469073679,-235.55190290517152,493.79904383504334,261.7943250210924,-352.1343900662022,1955.425627965804,292.51643468289575,298.810261154461,0.3051043848442024,0.17897557307574585,0.17201154860595752,0.4655349915699652,35.892036010929324,35.73280584054137,112.00782076300017,104.54690914078769,25.66026115446101,19.366434682895772,90.34006504510978,58.91734356307059,6.999047332355758
1997-02-01,6.762084395426782,6.762009334474824,-3.9583067651483197,-3.195499864390634,114.57083339704106,21.729880494300122,134.83451691168415,395.2350871707444,216.77290913112463,26.263049385842606,44.96224136600286,-182.38273290030253,454.1251380901065,245.59899888432963,-293.81963547706044,1323.3139026130896,292.6328442309107,296.759388019821,0.41395202189185804,0.3534968214165243,0.2043567938996406,0.6465788867274319,38.422657093317625,38.182082611898934,189.33836307194989,195.65999231697984,23.60938801982104,19.4828442309107,48.22063659273081,128.19001786971108,1.1197776429585105
1997-03-01,1.633880531927203,1.6337956067142465,-3.57141255460586,1.996623792111159,103.37224049819439,29.393415391358683,176.35287832434025,362.0448063680714,237.66252679428038,27.445634340923682,68.87134015436787,-201.5321097591483,389.5001244262988,267.03751850280764,-290.8031362643952,2031.2239309087286,289.3127077454923,295.15128170829865,0.24251443967272715,0.14989645504943241,0.11045713917152436,0.39078573142565454,26.572233292664848,26.498542016422235,50.65029648974329,47.274178435018705,22.001281708298677,16.1627077454923,23.765617761587578,-32.227558016815486,-0.10488628477261841
1997-04-01,2.2323418782395965,2.2323085158526252,-2.454693465861114,0.06843377373122055,71.04933531696878,21.03972426423098,133.19319072435232,345.3797338105,182.66765669759528,20.603972108178706,68.11839290043294,-156.03367343115787,312.9300305537026,259.1627902080492,-226.79206399760278,2425.676594869222,286.82434285767454,292.2657971745291,0.25602509768518816,0.16016102390613748,0.12842309749237785,0.40605873194771247,22.850050463778278,22.73403936632895,66.9702563471879,64.5922602966616,19.11579717452912,13.67434285767456,-32.370726210446435,-34.65402218027877,-4.173779050474835
1997-05-01,2.839849108820185,2.839778606136354,-1.74239868693979,-1.1582406121150899,50.43247545890398,9.11996936475134,91.48023109864288,339.03883088284925,133.3373616854434,14.815008922627145,59.70915686836575,-114.27882210573333,249.3670808278874,248.78184859791364,-171.90470177326472,2471.5482491159883,285.1186564170415,289.8323968919886,0.3393582689267025,0.22176319541498138,0.18328245307115326,0.5221341315453429,21.386765010120772,21.230715708717973,88.03532237342573,82.16951985348246,16.682396891988617,11.96865641704153,-76.87714682464892,-40.15732284378268,-4.982779586287748
1997-06-01,4.7018364636627945,4.70178103258463,-1.4337986396005429,-3.2123787637397485,41.500212849545775,-0.8032410574538537,56.557094145962225,335.8897646459604,94.2328964209968,10.463015635274814,46.26134473473206,-80.72403672117908,219.44202233044913,240.85897801073088,-133.57277089855808,1450.5495557070553,283.46199091804334,286.8093141733556,0.29836631867835695,0.44511607864200836,0.26701649979324094,0.6335524770492341,21.04742669865565,20.800367863767097,141.05509390988382,136.04690487802748,13.659314173355597,10.311990918043364,-107.2862071121728,-6.505235278046172,-6.23427980564491
1997-07-01,2.8144810269205784,2.814365933887132,-1.6240388455227255,-2.556374925861759,47.00668143362007,-5.042743493172735,76.2762431424974,334.3489066228812,114.7579224419427,12.544225695152656,54.43058607929197,-98.30982206660458,233.07859907817445,250.50574926796097,-153.82138923330402,2606.7362895206443,284.4465063416061,288.6826368007628,0.3246456149871482,0.26252273045641505,0.2336554074140086,0.5692707389138237,20.224285486115544,20.055932734476446,87.24891183453794,81.43419947590081,15.532636800762816,11.296506341606118,-96.68436003465695,-64.17214003924147,1.9152980468652814
1997-08-01,3.830002776518248,3.829955805832183,-2.168271391210905,-1.7328035833127997,62.759584855211834,4.186448637047584,103.79370061417377,334.08805696136125,149.32659560248118,16.536721301606356,59.603792783247336,-127.6980947042879,285.49660362943075,248.77714133917814,-194.53363030042328,2401.156509558747,284.29282969254416,289.35694822443764,0.29783014591586804,0.279063685050801,0.2113934789760006,0.5064329271787213,20.4858822723299,20.290893156115963,118.73008607206569,110.82048049282938,16.206948224437667,11.142829692544183,-54.24351103875486,-7.330883829918463,1.1482684287811509
1997-09-01,4.707933426876138,4.707884920391371,-2.5950179833752047,-2.7941868794352063,75.11106985434103,19.385342696155245,115.75333233700123,346.46061307111285,177.80501001091255,20.37936664491517,56.30525776138607,-151.75840471686112,357.61431464857793,242.70378938159536,-236.99419714424337,2216.665686313055,285.1716947199767,290.47543157050075,0.3410118240731899,0.25641196209146516,0.2510978286142354,0.5543307493424448,25.401480576632,25.16676351892034,141.23800280628413,136.22352200206515,17.32543157050077,12.021694719976722,-5.709592237351984,54.44612550539337,0.9567344049787749
1997-10-01,9.67061393177553,9.670554549691987,-3.2529050170279876,-7.321737479636554,94.15344105136734,12.326600757613424,103.8209961482245,367.5257964519294,182.45606704282258,21.85313831087675,45.39859751689253,-155.1259708471005,428.48805730340644,229.40882066612502,-258.31873878051346,1694.9665350188945,288.2053489254495,292.2877444296082,0.4292983477277301,0.36684739245026454,0.3063726264000429,0.6816733128672392,29.86029127810016,29.45643026669279,299.7890318850415,279.8192867387728,19.137744429608233,15.05534892544955,28.909918114388432,211.3284322805667,3.24733152122721
1997-11-01,8.071647267093693,8.071523908345048,-4.035403749314687,-4.961751754414684,116.80240491761585,18.256206353679797,137.57052740332787,380.4619840298104,222.8164899627281,26.784462847276522,47.05426764095794,-188.5281926899166,480.3448676714785,234.64099955993885,-305.02777216220176,1517.4563884693978,290.57329486045336,294.76079368049943,0.4493827106765041,0.36479087480681377,0.2437710838157475,0.6526974794980821,34.21443784977188,33.90048109036754,242.1494180128108,233.55103901461368,21.610793680499455,17.42329486045338,70.38677260226291,180.7200929215977,6.41531377766303
1997-12-01,8.184300206226379,8.184340325100063,-4.625376730096338,-4.810877551031243,133.8786321993974,21.390833941345395,167.27656377136898,386.9336393761562,254.07797851250618,30.544463075445297,52.64327504344715,-214.32506223172425,503.30924433798833,232.50373068308502,-333.9494187549682,2095.168813579556,291.54826425762127,296.691576701735,0.4687230696364792,0.23830211055723294,0.18475543236079456,0.6069585165743853,36.18041562939108,35.854855001434345,253.71330639301775,236.81540292534908,23.54157670173504,18.398264257621292,101.44568807188315,197.97013775030052,6.412321047534306
1998-01-01,8.138991801946556,8.13885187698359,-4.6213505362650595,-4.212780274879835,133.7620145205162,18.381435717910744,154.1733055316146,394.4342093466023,242.27452004643902,29.33294486214716,47.301772731617575,-203.414748490672,494.13694774488255,240.3202117597487,-322.4371265764402,1876.3235993314936,292.74008824031597,296.99492109825286,0.4426895114937592,0.31811592539763306,0.16575815299811364,0.6244580889391319,37.74407121119543,37.42721063394026,252.30874586034324,235.49918625531225,23.844921098252883,19.590088240315993,82.11691481669152,179.88456103086008,3.969525520627485
1998-02-01,8.718574835288491,8.718481399828677,-3.6758657132799364,-4.880361131489712,106.39565553878641,14.27956579872818,104.95216720033669,395.52625347687405,190.86340799083337,23.35848118091294,39.0144347511094,-160.2459089592795,454.6902457477555,236.26830892537654,-273.7484195186497,1253.211132418758,292.59371689860683,296.06283744627206,0.4309304700430576,0.4611250095779765,0.26274420832777695,0.7142057652622115,40.11808539474886,39.76404712953577,244.12009538807774,252.27087383763532,22.91283744627208,19.44371689860685,37.48011059327317,182.7990760214666,0.5562528706554843
1998-03-01,7.027611660707633,7.027390128031259,-3.327269897094972,-3.828019035346298,96.3060929503536,12.685476578056496,113.85474444974359,376.66664995358144,180.9199898031859,21.480761708021564,46.787967717799624,-153.09259124434132,390.2009773958016,243.0568850184001,-246.86183479384871,1681.508176915876,290.56267620059,294.20134912153696,0.36704869756017583,0.3663038254609192,0.26098690117648676,0.6239341350746839,32.8488489581308,32.550829033061014,217.85596148193662,203.33883472312672,21.051349121536987,17.41267620059,3.8049497754486197,113.52463755009015,-2.6869460018684066
1998-04-01,10.000361080850702,10.000220519080667,-2.297252054985538,-7.781416604704249,66.49233399176453,6.616809706712814,75.32814514485358,370.69585891945485,129.05051550560844,15.208029582073603,40.463891852749406,-110.06091872735685,313.60465787337523,232.74804477623857,-185.58197091206998,1298.1256650135329,289.01102918906963,291.9588068150578,0.38909137402438443,0.4813981747788837,0.2613664220785932,0.7022014431745536,30.927587684311945,30.511472315800088,300.0108324255211,289.3582326122878,18.808806815057835,15.861029189069654,-47.166073864168595,179.21194158022456,-3.5121168238698885
1998-05-01,4.213439269885044,4.213256448184918,-1.7868681280935736,-2.5751435142204704,51.71966098402763,4.3308765065683525,74.46939920177527,341.9300109863395,118.24731786413017,13.309067360209196,50.475953665031945,-101.30381850570109,249.8283771972312,245.41614907522563,-160.1347030771914,1678.400893374091,285.7311117216108,288.88534586903774,0.32696240476369537,0.3879690845832919,0.20220408636379425,0.6025895385580373,21.127642121171856,20.909282169130087,130.61661736643637,121.9113555609062,15.735345869037758,12.581111721610796,-85.28144599803423,-9.867078771228819,-5.222672649926835
1998-06-01,4.138982049146662,4.138833863675859,-1.431348957553973,-4.007247105070805,41.429113652921785,1.6266318826225519,71.85575809996463,325.3654092293698,108.86267036919396,11.851052421064104,54.442483862138346,-93.3238237754904,219.5697678703113,243.23751852141572,-144.68819198281366,2286.1256706079316,283.39455468348314,286.5477319524306,0.3348654603193893,0.2806881546691045,0.23369394175193356,0.5690273583455965,19.745157245826015,19.531382613685658,124.16946147439987,119.75792429617648,13.397731952430604,10.244554683483159,-98.54932653860206,-16.046110273155065,-4.174405622192289
1998-07-01,5.102187529340565,5.10210283727987,-1.488242033906322,-3.8713161147124198,43.076471248998274,1.3591313575489088,70.52129274093177,333.6265580079066,111.31780103817964,12.20205835337149,52.72637111559659,-95.32560708064314,232.86753902368113,245.79720499173453,-151.07770431264902,1918.4078950796732,285.01782331800933,287.92178351843734,0.3291966448655402,0.2970974250488406,0.21336949893557183,0.5651860940507052,21.05067755918816,20.833200295539687,158.1678134095575,147.63029043055178,14.77178351843736,11.867823318009357,-94.71950067908551,11.670685143968626,-1.8363666415006392
1998-08-01,5.636660789627778,5.636542884704402,-1.7608329521167234,-3.8185423511115406,50.96631456776076,9.827134714406432,75.62703377686029,341.43126875798913,124.5753123606604,14.041508774181015,46.05445397099974,-106.31081467290217,285.0518625337173,242.48104503582883,-175.06912673270875,1415.2234018142256,284.7234298003472,287.65571981645667,0.3110794481149324,0.4525719819314233,0.27188425798745863,0.651489459613189,22.192335359906807,21.909740820987473,174.73648447846114,163.09441217315978,14.50571981645669,11.573429800347242,-67.41191830312007,45.25326788254371,-0.5370885802647649
1998-09-01,6.2175829376526925,6.217552489949252,-2.7333929719609014,-4.393617091840244,79.11649537431856,14.891405698725796,116.77960314394936,333.96975314990635,180.13128182794867,20.418501683749806,57.912420065897116,-153.5615626800582,357.1107643191519,237.15447480214522,-235.8915074908452,2209.5236167452376,284.20803151993726,288.5625963954064,0.3627547289758497,0.290575321407489,0.2121489277223436,0.5670505751153776,20.99596344237956,20.707109348037424,186.52748812958077,179.90603269529086,15.41259639540641,11.058031519937288,-1.2629673113000024,97.88532846855558,1.6412415411167132
1998-10-01,4.634486340418422,4.634441917638157,-3.7081658343418007,-2.030928938350364,107.33055363292385,22.118740534969685,157.8249280155715,352.46843417996047,230.99899516770793,26.796341593358243,60.341182289742314,-196.52158126042337,428.0919208910832,248.44559948434136,-294.8015500373327,2270.1922179343587,287.5765075030401,292.4449770314865,0.3386015046092826,0.2606808584162385,0.1738474820025538,0.5311804433316206,23.45137575552838,23.224632132215714,143.6690765529711,134.09843511684483,19.294977031486496,14.426507503040114,46.35595055299132,66.39272723412476,6.731104802787527
1998-11-01,3.117145867003147,3.117079393356565,-4.387014445584051,0.6972713766579693,126.97938235490267,33.259678254017345,201.41644712460317,358.23110823080003,277.52737990714,32.36291129186039,68.21981108535037,-235.22628022379152,480.16382855459335,258.4719198872001,-343.4524908001889,2358.3173037426327,288.14123190234847,294.50890316795494,0.2878894358567058,0.20003557035829841,0.17123365704307808,0.4637883237993438,24.533406627942178,24.35820899534517,93.51437601009441,90.1932694836969,21.358903167954963,14.991231902348488,84.98057091298881,41.42704951226189,6.767408529521163
1998-12-01,4.7379796599097075,4.737903535315526,-4.574282107347693,-0.8123457587918408,132.3999343864199,35.14484720405166,203.78032188863918,370.0374904636159,283.88892452718216,33.46601943812152,66.12221132660862,-239.39318148471077,503.38257644526544,258.7106472704087,-353.99614374317434,2221.0702872120796,289.3505524556156,295.77595358392443,0.27313974390649337,0.17850612770237012,0.1931269658840079,0.4495577524250027,28.464465842101216,28.234542637675297,146.87736945720093,137.09211618389833,22.625953583924456,16.20055245561565,95.28549647276566,94.25148970261348,5.726188567630629
1999-01-01,3.892844232310956,3.8927825598709083,-4.322488615321493,-0.2142988046566727,125.11183164939676,38.84593301023073,193.49599381592992,383.56776091056133,275.30533244307554,32.926047733735274,61.04130167007497,-231.3666960717769,494.44424352883664,257.12937293295664,-347.1435600398858,1881.9039978435414,290.9705050961022,296.86446818337305,0.3170004177849488,0.2174042350626331,0.16818977293443582,0.5051009080711885,32.929694458574446,32.7744025119155,120.67817120163964,112.63838425552396,23.71446818337307,17.820505096102238,90.01418710692917,71.17310997098195,6.3676297420744135
1999-02-01,5.512702284890039,5.512644736895832,-4.3201899573396725,-1.7824397363318363,125.04514862698733,25.559148842308254,178.42658898501784,384.24472629256934,251.43573822837186,29.88632499193877,57.16853178468393,-211.7608238334345,455.2281143597946,258.7190167331369,-318.52589776815415,1740.0207876700883,292.02137922115924,296.79287173253124,0.3023491783343924,0.2265069743405831,0.14526125039011223,0.47060397224419404,33.15435208038607,32.938635257561714,154.35566397692108,159.50939632221736,23.642871732531262,18.87137922115926,59.80688103501723,90.28313415079225,3.9879945794550054
1999-03-01,4.308247276981873,4.308118771364589,-3.3437836993330556,-1.8953308574704184,96.78374239902323,25.791689373175576,139.55165519266535,391.7372519228062,206.20947021306554,24.607802405192363,51.894747888405085,-174.87811974481735,390.87932256099714,252.2168399445992,-270.2514885933289,1759.127397761765,292.25481108435196,297.1384063972811,0.3645483098820357,0.2187670051829776,0.18950588365473137,0.5458059458129192,37.13881306074707,36.96222647924883,133.55566558643807,124.65621444920687,23.988406397281096,19.10481108435198,18.03464864872967,45.49918061469984,0.4079400842134788
1999-04-01,5.016708070975372,5.016731554076338,-2.4987968155705227,-2.339592718984635,72.32583169729565,11.256254191441709,94.91575289798426,356.4522340058848,148.1785518272741,17.176825128073578,49.26843895558404,-126.46045302119875,314.2624031389814,248.6228740722665,-201.70425413861025,1444.1112377726388,287.393928113472,291.07358584239876,0.2618608334928492,0.35784261302697556,0.2476575667566499,0.5614156371686256,27.87496939006586,27.649666014851352,150.50124212926116,145.1600565415607,17.92358584239878,14.243928113472009,-46.91861993365626,32.305676733731445,-6.390071823122668
1999-05-01,3.364482202511389,3.3644890345267986,-1.8335973349262706,-1.7140283139692625,53.07222705904616,8.654301960380215,89.1335087563276,328.41780451069445,131.93558792805723,14.622836901599225,58.96487656421787,-113.03671227441542,250.2773620929465,249.08441623517618,-170.42989078548115,1663.9427427986602,284.026271251514,287.7811360379327,0.2438550676864083,0.2886994274578459,0.15806544606437758,0.4926483780940735,18.853689502774767,18.696905842069533,104.29894827785307,97.35211326755783,14.63113603793272,10.876271251514027,-78.65452544969503,-26.71994593195454,-7.654693309228826
1999-06-01,4.063389622201106,4.063226431669385,-1.2673007683193165,-3.465408995761242,36.68122680377093,4.224876561750475,60.960892407116305,329.2488413528336,100.715554709265,11.12108294140771,49.048370198670575,-86.25839674951901,219.68774964954864,242.69064752601312,-138.71810104020258,1552.2500546239003,283.1971519636372,286.1098165098147,0.3199122149604491,0.38699266692052525,0.2133805141087763,0.6092090049002531,19.62293397377162,19.409301019779928,121.90168866603317,117.57020924969285,12.959816509814743,10.047151963637248,-103.97254648581054,-19.387487225215636,-3.6960768146729777
1999-07-01,4.127501865470861,4.127470352545327,-1.4507716379237836,-2.8481823320836637,41.99154760858348,3.019761919742853,64.91394943202563,329.51079977008004,104.75046299541381,11.542012636023692,47.81323346751015,-89.67092132549158,232.64542873279956,246.82398249184098,-145.1615531413562,1346.1109320405058,282.81226960247153,285.8767628185688,0.24524326221219053,0.38648122370395493,0.2592517148180826,0.5789844692117823,19.4252077094262,19.195690996230198,127.95255782959669,119.42911899726063,12.72676281856883,9.662269602471554,-101.66242935048479,-21.07123629146274,-3.1536216703449114
1999-08-01,2.042876258781817,2.0427801434182404,-2.3064590036108448,-1.0782930551476002,66.75909050460427,4.8275186343249255,125.46994091545893,317.25770989944834,169.59257080990238,18.448278343660004,70.03739698960176,-145.0595545419684,284.59177113688884,262.7910959921213,-209.59771927976607,2390.3377175581613,282.4605089540424,288.1364232846571,0.12425690366711839,0.14388334973712708,0.1347090700075387,0.30073942171503776,17.138269872679867,17.053482715296184,63.32916402223633,59.10822174242594,14.986423284657121,9.310508954042405,-53.193376712355246,-64.27979388797102,3.435548413437431
1999-09-01,4.22355297038323,4.2234487476905285,-3.036355201553228,-1.8814974852465538,87.88539068584637,15.615181428327244,146.339603159038,334.5984148417141,204.40329236425748,22.91403030576121,68.40400928299626,-174.5921617511328,356.5858772276143,248.05992420012817,-254.92664831331192,2893.5178618051864,284.8602668165716,290.7460606078075,0.3264716451662355,0.15518162335308408,0.15397003766960513,0.4486392421333031,20.573450663554603,20.393408711011876,126.70658911149691,122.20627163456392,17.596060607807544,11.710266816571618,6.86672411318375,38.500024707938366,2.687580353962929
1999-10-01,4.249436419878906,4.2493683192013965,-3.394190232566073,-1.7616952817237599,98.2427727789257,24.77527413821027,141.722392928063,352.3790223503561,219.21219203262697,25.65048686722999,57.898039730035464,-186.56104494888942,427.66937176908687,242.78614219692125,-285.6642076188047,2191.6379271998912,286.20134632499463,291.70309100302023,0.3826823441744468,0.25007321959243783,0.2378852904150002,0.595446553629019,25.36607033246603,25.17015268377578,131.73252901624608,122.95625923615151,18.553091003020256,13.051346324994654,42.87806542188346,61.94659357739129,5.644958301717978
1999-11-01,2.256394805530632,2.256455033646223,-3.8962611048306273,1.1134919301118256,112.7747571520496,47.06959509491881,212.30001211547884,348.24469028967445,286.0267362352257,33.12993329883031,75.67015029092975,-242.2804126817209,479.95279953333636,259.21941394278923,-348.0053188553282,2462.927840497835,285.8710468603972,293.7057695924381,0.27230903896572645,0.1554821587516251,0.19487524849133123,0.4359399888945832,22.107780960692622,21.97508415820551,67.69184416591897,65.29094426059673,20.55576959243814,12.721046860397223,88.78590491253897,34.53618187726336,6.765910143822737
1999-12-01,3.758730563889668,3.7587285347929598,-4.131945933926317,-0.47330078755356153,119.59658683591968,46.741652171587724,209.9348733620781,374.12460642045795,288.23132214377654,34.05436243430441,69.55873669667561,-243.08255509837971,503.42408173864465,258.0874730581041,-358.0996614224296,2531.654466377155,288.9135753047698,296.942862590014,0.30463886366522264,0.15961769948088683,0.20361158729676604,0.4726721017298489,29.365259713054893,29.203487119216504,116.52064748057971,108.75950621507407,23.79286259001401,15.763575304769802,100.01218836432554,81.98952834928323,7.1855793941966795
2000-01-01,4.474680065072838,4.474584203785433,-4.168389931245733,-1.2697982943240917,120.65162875731083,44.316080809376324,204.21635812835325,385.81153763102066,282.81750637797046,33.596140440291656,66.76083111424933,-237.72075190390117,494.7545924672032,257.2732493134289,-352.2482445224705,2272.723141591066,291.1074238516415,298.1012647882828,0.32950141003318256,0.15017230524433914,0.17279099425079916,0.4698873804570329,33.54793779404928,33.3758125800264,138.71508201725797,129.4729225632359,24.9512647882828,17.957423851641522,94.9749952090416,97.80407779200198,5.992211222964684
2000-02-01,4.1008873352481805,4.10086981358025,-3.949858943228487,-0.40506223277472925,114.32627599022203,31.921482309073852,172.87558366019246,384.97089686588197,247.86474720660675,29.52094252276636,59.629872508210866,-208.67425894358635,454.7912961714048,254.3547174470932,-314.9914822266618,2157.824747799745,291.0990318912696,297.0921872081123,0.3430602390759007,0.20303940840442194,0.20003586874576143,0.5247453339822015,32.85552242527841,32.66899024865054,118.92573272219724,118.65942747628036,23.94218720811233,17.949031891269613,60.63676477956858,62.1732881295473,2.7966281360796046
2000-03-01,4.464512310015661,4.464443756768304,-3.398585266919782,-2.262699149330682,98.3697546946665,21.12217506962691,139.5713260750997,372.6728654013687,205.82921367618468,24.238797031305953,56.80084371077181,-174.4084685189991,389.1065485415962,253.07687790459886,-266.99519256153155,1873.9049118252065,290.07106324267636,294.9438657270989,0.31511522612417076,0.22991179857472704,0.1669628030437783,0.5028633515695554,31.438364424190347,31.25218201223526,138.3998816104855,129.17950685093473,21.793865727098932,16.921063242676382,13.918314656932694,46.61237176926704,-1.8843049560661171
2000-04-01,5.186756187883826,5.186722466061798,-2.5981246353185825,-2.8777980783127086,75.2013875398233,10.823310473527256,108.2596703604343,363.0337138258036,159.8670358816532,18.464721693439362,52.88869338470038,-136.5907911335911,312.4878408019584,252.03406796334536,-210.57999149706643,2091.2043936686077,289.24282239888464,293.1132858320284,0.3038116644685152,0.26980408775401216,0.18846879945781017,0.53067966764902,28.393955837877623,28.17849552572249,155.60268563651476,150.07877505965848,19.96328583202842,16.092822398884664,-41.454076466278934,35.7459113180161,-2.322600264459851
2000-05-01,5.38754153616045,5.387453053927576,-1.8372007592937696,-3.441286983507912,53.17660903556169,4.426725546135875,73.33011566439895,338.27676425425426,116.29798369370113,13.063372927891123,51.27281240283135,-99.62356146685357,249.10006168279557,239.1080758995723,-157.9060688238717,1935.940272002227,285.02937572868774,288.33800429811,0.32095650488725996,0.33125690398637386,0.2548908082007769,0.60942672765297,21.94810985357378,21.69136843343389,167.01378762097394,155.88695179188588,15.188004298110002,11.879375728687762,-81.2020070757006,30.76092119829893,-9.252585517675342
2000-06-01,5.188863614101016,5.188807258901356,-1.4452182609540758,-3.9882131634014013,41.83082013740737,-4.248008896300278,51.66867588601246,345.79665868134356,89.68141768120378,10.092218929963162,42.40760959299027,-76.84421796548227,219.52056687002369,240.56120147490466,-130.45310603741942,1604.5606209361367,285.12878934661296,288.04562009446175,0.3461920949190105,0.4420435045649192,0.2968526720656912,0.6792023899544223,23.501465634835117,23.23541080832486,155.6659084230305,150.13909892654388,14.895620094461776,11.978789346612984,-110.10809543748525,1.3463862202663393,-3.1462028686150916
2000-07-01,3.0651251466026768,3.064987834247227,-1.6097795981589675,-1.8525864415169007,46.59439114579129,6.310202183159789,89.75757993194424,298.99628262976694,127.35762943687469,13.508563068041896,63.748902487710076,-109.05266824078927,233.5514264994343,248.4991274359653,-161.47230236203865,2010.864526176806,279.230521059323,283.39776340140423,0.18307564099903703,0.259021688783774,0.18042541824329658,0.4121893643897423,14.56613987915636,14.41203947035842,95.01887954468297,88.6859905742832,10.247763401404256,6.080521059323019,-87.02682507392666,-37.33439806956288,-7.600827575871882
2000-08-01,3.4327900598874868,3.43272824642214,-2.014515221849716,-2.2851592141018804,58.308780893946164,9.349373037297635,104.66301519890193,324.29767310869516,152.01385960500406,16.74934188780152,60.24543686801495,-129.91111234265665,286.2797735763313,245.85839610815623,-195.81048285137604,2476.0571891943305,282.79632032092167,287.7087017023313,0.274633424068844,0.19926564915898035,0.20761534148578317,0.47978128615784954,19.199939415142122,19.031737856463206,106.4164918565121,99.32662750064063,14.558701702331348,9.646320320921689,-50.04791325678019,-11.037588193483629,2.0075215433978997
2000-09-01,5.713200335563713,5.713116414255252,-2.67246732096868,-4.034882716171821,77.35288131620904,15.065723694035908,121.65658810614248,338.0937495872968,179.8707364817322,20.36256470981752,56.62491483214651,-153.44417010559562,358.52791653556756,244.88698041201403,-236.9972149283757,1756.1464023220726,284.51244070329494,289.20711045134027,0.2909145280881466,0.3240005806080238,0.20613894815950726,0.528069681183931,21.526546332160457,21.272613347862634,171.3960100669114,165.3100814309969,16.057110451340293,11.362440703294965,-7.889765483638314,75.66678436794538,4.400650263204156
2000-10-01,7.12421501113061,7.124005877908616,-3.4824457855867177,-4.534680996975506,100.79723202652875,18.75998295632586,135.6585916262761,364.8061922558025,207.74048649491587,24.531513505369443,51.49822842042084,-176.8474997466264,429.34430237304895,231.84859554737585,-278.62713131729885,1906.4998059309964,288.55928376997366,292.8554288066518,0.45688141017625933,0.3369265930182817,0.21691865838825466,0.6282756732543869,29.665040435990566,29.33780665036837,220.8506653450489,206.13442933763358,19.70542880665181,15.409283769973683,46.778535769922996,146.32367673767686,5.79205634335095
2000-11-01,4.785502223806163,4.785463600036664,-4.3335167981336005,-1.1421145477143262,125.43095607105705,27.228629934392732,171.79823610736184,358.53568369514954,258.9423623887236,30.40752765982782,61.82063011603772,-219.07801530062926,481.00940319738476,242.67962704508815,-329.0470341290205,2074.3436134112685,288.2703785846285,293.5682854010546,0.39801727999682024,0.25286947751232414,0.17639832012782355,0.5604208772476658,25.811962409155615,25.58628769655338,143.5650667141849,138.46827546402383,20.418285401054618,15.120378584628497,86.36740708393236,94.80692729775737,4.597799179141774
2000-12-01,4.8455513902937675,4.845485153534676,-4.604835120647056,-1.4603545818419557,133.28408196999482,33.23721193715497,196.61476368281996,376.73191673887993,280.5907970856772,33.27869763275691,61.958943897038104,-236.63248031109993,503.7170287992819,250.03648435617382,-353.12077470006847,2482.560268311273,290.36923435619065,296.364018239469,0.4060540830699788,0.18994600211896256,0.19659539019321426,0.5548329429495866,31.00394551394036,30.80246114533545,150.2120930991068,140.20501022959132,23.214018239469,17.219234356190668,103.08429034389465,101.85297609657911,8.152242506912046
2001-01-01,6.721295929771658,6.721317542177511,-4.742112824776039,-3.6997101395927183,137.2576335753132,23.523858016509806,174.32089844690697,394.5710921154457,260.7976256713111,31.35077041124158,52.03645661479014,-219.12137454907563,494.0892784335921,239.70319438098937,-336.7599358406068,1910.9419267739938,293.1454128775328,297.603310283956,0.4992768250732358,0.21452890599532365,0.16943432834841385,0.6266717035327439,37.49710661371263,37.26361919820842,208.3601738229214,194.48256777134,24.453310283956,19.99541287753283,97.0567414596174,147.97824931318172,6.303426342462501
2001-02-01,5.969174281406029,5.969073981480595,-4.245332549695928,-2.132462827588775,122.87863647256856,18.465524504928283,144.98470629658073,402.43843542548404,226.25027562155677,27.51986503459468,44.75065068359348,-190.5276577299789,454.36710983495516,240.41291909388787,-302.5241612537197,1694.4806935536342,294.2900857497952,298.0603099157762,0.4989069405547942,0.2663907764081959,0.19376594006885633,0.6491163871633419,41.10791294908517,40.90788732070359,167.13687987936882,172.71626103821168,24.910309915776224,21.14008574979522,62.11124215983182,107.51602065658636,4.43284606888858
2001-03-01,5.15837794456178,5.158317615432955,-3.625331345573561,-1.7921335502788465,104.9328473586738,17.3192654087654,131.3562154757219,393.66535278985475,198.7272620396511,23.774906026931838,46.89986064342483,-168.56291315862984,389.68230202110686,251.8996989211554,-264.6662395084771,1511.1837252694247,293.2261042882969,296.9776638012466,0.37258156089740346,0.30076726230716316,0.1669987272646254,0.5885006914091823,36.972045576602866,36.780739020276265,159.90971628141517,149.2568754465554,23.827663801246615,20.076104288296904,12.766540587321686,57.67962892743748,-0.5890602522341908
2001-04-01,6.170058606225498,6.1700092417605905,-2.6144289111794667,-4.4732453967149075,75.67288017083399,7.948908815356868,94.79046688484658,370.61151183319896,148.4855749252715,17.330709089937756,47.034830790874736,-126.75640990749304,313.0603312505708,244.6283639106307,-202.67132767566216,1698.2042715215819,289.85835385971404,293.2539253896755,0.3909128239461373,0.3330391133444516,0.22444899159894463,0.611376559915386,31.203556978590623,30.967681372973054,185.10175818676495,178.5303600046467,20.10392538967551,16.708353859714066,-41.95703623496854,64.80065346841673,-3.9002098695725635
2001-05-01,3.11836526474507,3.118317449329714,-1.6771613003934887,-1.6723717380128909,48.54432895818615,6.763724542663324,71.20413649474621,339.87868558180327,116.62629018236188,13.171984618868125,49.335411449003,-99.88022383196999,249.4777913072866,247.9378787290916,-158.95656943582946,1452.359338473356,285.26937487382895,288.0793301436518,0.2754784605048212,0.3920248659519239,0.21568464265018145,0.6175037890693917,21.214436488039446,21.040601632545197,96.66932320709718,90.2290928625496,14.929330143651839,12.119374873828974,-88.98130929326214,-42.53330427101622,-4.763241117882487
2001-06-01,3.8042654229485997,3.80421574948679,-1.483308850642094,-2.0778525240926755,42.93326299554346,2.998858750995402,68.37422083015467,333.1308727131109,105.2246559568236,11.550717318421292,52.38077586186833,-90.21457015853825,219.5745716616965,250.7091415297292,-142.61481412569407,1988.8998406160817,284.7470320287532,287.6260603690973,0.2550469441624028,0.34091957612446405,0.20321142667086306,0.5531401876421913,20.56289985988366,20.375776741416658,114.12796268845798,110.07568719579832,14.476060369097297,11.597032028753233,-108.09432740403514,-32.85357575391133,-8.09832744986894
2001-07-01,3.359655116058355,3.3596257170626536,-1.657565952444417,-2.4433928937698006,47.97709654079382,-0.9714858615870541,75.5013868703438,328.90218340489105,116.12252230710078,12.739992324100129,54.27356515816452,-99.51754761460454,233.26177017101324,246.41897533448213,-155.26018485527823,2269.5314389266277,283.4905950554866,287.3217365198645,0.2805406167793503,0.25723223024858843,0.2116536762107187,0.5372880723064558,20.900934677490948,20.754382879520858,104.14930859780901,97.21139227611845,14.17173651986451,10.34059505548663,-91.1587904792039,-40.16286652111252,-1.7616282227667526
2001-08-01,3.015458395319699,3.0153689649490625,-2.2283324477693687,-1.585017068647875,64.49769427154885,2.855061571120179,108.45833276522673,340.36285428084636,156.61178773477826,17.37467112471517,61.81102431972756,-133.9795735912193,285.74078323968513,253.32566493715444,-201.48834981010023,2749.1029897861085,286.12532363840506,290.92725029768536,0.2982119533839076,0.18200072794787828,0.1537908774258845,0.4541685038473223,21.856592770169893,21.716449689733334,93.47921025491067,87.2502594024613,17.777250297685384,12.975323638405087,-51.83731512705421,-33.90054342496448,4.815793428822715
2001-09-01,6.583260404879398,6.583164994314893,-2.5123503663302307,-4.937272112203067,72.71833244610905,12.16015561877166,92.6240287209633,349.4226620135435,157.09381093245932,18.14049078249372,48.41072606516198,-133.94990618436182,357.9076220713758,232.92152411734492,-219.66569699496299,2038.1928618747208,285.6538981502576,289.6704821661619,0.4346766490745613,0.3991123653091477,0.2715746792726916,0.6889180786766823,25.30695077632974,25.005473193379412,197.49781214638193,190.48509821513,16.520482166161912,12.503898150257612,-13.25582712238193,103.85024659231988,0.6606920543191421
2001-10-01,5.505500196019811,5.50545075842491,-3.673651653860574,-1.7800058876262752,106.33160685688186,16.81982769800555,135.81714928301793,362.34965539359183,212.5875311562021,25.048147747975715,52.802131887860256,-181.06723565960522,428.809804883787,240.17457279950392,-281.9853411810891,2190.728183998125,288.29407033968334,292.9380563084641,0.3837575061992737,0.34300856595807727,0.20021435138615698,0.6447240854041912,26.602792181618877,26.302422849910666,170.67050607661412,159.301237222943,19.78805630846415,15.144070339683367,41.81076838158518,89.66672953078876,5.113669216857559
2001-11-01,5.297974968581862,5.297858766671395,-4.471754570378583,-1.7577219385839744,129.43221088772674,26.312007352214433,178.41893749443207,366.5558641752872,259.2279623415747,30.597305513209612,59.64577394905448,-219.55812894811893,480.6744546696297,248.2682980334166,-331.26590951177707,2144.8785267509984,289.4083689985916,294.6491156442917,0.3330007673502407,0.23955287900374095,0.18804529925475805,0.5245567276267518,28.56863110517023,28.351508826981544,158.93924905745587,153.29452449859363,21.49911564429175,16.258368998591607,82.99761147836045,102.69178833010406,4.168136759123286
2001-12-01,2.9294378805088908,2.9293923398195996,-4.59986107957834,1.0429851861396573,133.1401271938253,38.51359888962873,205.57662825516726,370.52223075072897,289.30206209965945,34.251619417692744,64.79950324733815,-243.9418944889217,503.62930575804745,260.1657533742148,-359.66398056928693,2106.51972782069,289.84406551009357,295.694190981868,0.31129255286322466,0.21597904749412436,0.16204780774475558,0.5026482407697452,28.3438770859006,28.20967066909137,90.81257429577562,84.76250983274305,22.54419098186804,16.694065510093594,99.49822719507216,43.6319446758604,7.488665158129521
2002-01-01,4.8824536552392,4.882442404765682,-4.150528525087848,-1.2759650524274326,120.13466984550037,40.46162689905824,191.49410379001887,382.8858473726696,272.2776265259068,32.3759769062051,62.71708490729481,-228.79512138801306,494.3250670129812,261.2332042961533,-343.72054941442894,1767.1290568105608,290.83293643228893,297.2180607819261,0.2511088527059493,0.21033736456290766,0.19690699548784182,0.4571213731821938,31.95472650448995,31.756549825805674,151.3560633124152,141.27437513789587,24.068060781926135,17.682936432288955,82.48734511827564,98.1453106745115,5.481739736159639
2002-02-01,3.18412332405024,3.1840866783875867,-4.285331815349574,0.20955672343311474,124.03654493557418,28.517535169268466,180.89219316990443,374.64977294411773,255.61238678446608,30.266134180686226,61.05198210379648,-215.19933129301177,454.838278455906,261.3131526069887,-320.92528566490523,1778.6190360944026,290.668899568021,296.090554357735,0.25907648464612104,0.18354606527151412,0.18988451335198978,0.45114380651100316,30.324354069795465,30.191416186640218,89.15545307340672,92.132137684826,22.94055435773504,17.518899568021027,59.61213305791654,26.114456722795737,1.593269084372622
2002-03-01,7.2244384683236404,7.2245178552305225,-3.541952569015666,-3.747311486963209,102.51983769680473,13.608054867859673,119.64197446741161,402.4733660925248,187.1647618127445,22.603768777191693,41.57632875342711,-158.8936992983473,390.3026675859128,238.78612856563197,-256.3125797275351,1782.0520361705214,293.6951171684306,297.48261541501455,0.4642088087921729,0.30800058717071266,0.19776663179673462,0.6388584211517089,41.54522914336274,41.283791732899054,223.95759251803287,209.04276201477205,24.332615415014573,20.545117168430636,17.52645116190311,122.85989749961466,1.1894779802557736
2002-04-01,7.137231931814258,7.137153548783653,-2.5886407508614613,-5.057637554831838,74.92654370541047,9.956708904148496,96.71165080867836,369.7889291249325,148.97108511714598,17.41532303817674,46.92360508388352,-127.20931190436202,313.670095921883,243.13572244924495,-202.72351754426836,1634.550646894757,289.4585797471326,292.90566878856055,0.3688855738966269,0.3308293854044141,0.2406693432157267,0.6058350635165308,32.349576688080525,32.05073488442449,214.11695795442773,206.51485962915663,19.75566878856057,16.308579747132626,-40.41220490497659,95.77365680785003,-4.597545789080456
2002-05-01,4.993315200095723,4.993188767305663,-1.8642982401083172,-3.6808925560845482,53.960736308001515,0.02596058334548148,72.10659702509174,355.1648163823719,114.73494991093457,13.006737610911653,48.33566433292779,-98.3077091615767,249.8870777809501,245.72158154293655,-158.32998109821398,1845.0500106703073,287.8393750142212,290.9655172719163,0.3228773367379189,0.37236245356837583,0.1863595773139012,0.5900789072043524,24.48085053512531,24.231243633200595,154.7927712029674,144.47884164657592,17.81551727191635,14.689375014221241,-87.39160044472257,7.141156956549935,-4.01465206269809
2002-06-01,3.816581810589305,3.8164840614245943,-1.4694707339928021,-2.970519509976155,42.53255797400563,1.400270994830983,68.7217883212064,327.3808418901154,103.30840571172517,11.242911936483063,52.49210871715276,-88.49798848393203,219.6565275102237,252.08883296041049,-140.34578149074073,1610.0103151416185,283.2058277973739,286.56718957137707,0.22601111809321867,0.3259591780777942,0.2672792190107255,0.5182423462739483,20.418126912174298,20.223418794465832,114.49745431767914,110.43067307362831,13.417189571377094,10.055827797373922,-111.74305146966975,-35.91798716798975,-7.926949202057337
2002-07-01,4.536813719049925,4.53677326275764,-1.4647969849018079,-3.1894125010607146,42.39746909605043,3.2322904726905244,69.39880244222198,323.99696886651003,110.31708849810474,12.066485219672282,52.531125927445956,-94.48120056164197,233.00197870663274,234.04517234886822,-149.86443659722732,2029.5253805700315,282.8856435159324,285.95050551074536,0.37985612240919364,0.3211898717121193,0.2371520120555635,0.5812054433706842,20.27908867777324,20.046822530931532,140.64122529054768,131.27237450108913,12.800505510745381,9.735643515932395,-84.1807357516409,8.373854587942745,-3.6796849345449374
2002-08-01,3.841297807211646,3.841246310780991,-2.442219126218081,-1.573480056190588,70.68861797821869,-0.25904321221505827,105.21355001052628,336.4926033614427,153.3120943546517,17.079985485990125,58.34629283534626,-131.12278363430164,285.2366207743933,246.55769122236515,-198.34187742645602,2499.466291073009,284.7829927695581,289.39383144697285,0.3176440536667778,0.2267400974527853,0.1823697526314801,0.5042909571094014,21.767812081770927,21.593900661481936,119.08023202356102,111.14717334435738,16.243831446972877,11.632992769558143,-48.21581379590913,-10.104174462722185,2.3469160329517536
2002-09-01,4.965128035797294,4.965048965880918,-2.9331813704427083,-3.42216139874456,84.89905717486877,17.052172971778145,141.55464970408343,328.6552722382576,199.94362511814455,22.438757857585273,65.68470076793339,-170.778836086029,357.32935787084455,240.99689526645355,-251.5968506522142,2499.377189664887,283.89043422017704,288.9664208762295,0.3172444203083175,0.19363530719378097,0.1716027017624305,0.4625872347501572,21.097189734155947,20.872350584516813,148.95384107391882,143.66461128127656,15.816420876229529,10.740434220177065,10.599955385760637,66.22260432071974,3.142905171448689
2002-10-01,7.692818104969455,7.6928574143339175,-3.7489160719326353,-4.589712537696408,108.51009235345316,14.578436126666794,130.34374730643688,380.34064753111926,206.15469850523817,24.593651839143725,45.9828065131738,-175.65880095497033,428.3244224669751,234.09332791091205,-279.4957368584998,2184.4489602864965,290.13386737005465,294.00577965010916,0.49003031279608117,0.32914327342168886,0.22392461963202603,0.6816488382210603,34.23851613794944,33.919574215536954,238.4773612540531,222.5942538869768,20.855779650109184,16.983867370054668,45.40240894758776,152.8991045194348,6.5874659616766
2002-11-01,7.064737277307663,7.064725621332923,-4.47828393453672,-4.859164289917997,129.6211566846173,17.259438940914023,163.81449115185555,373.0862228241736,246.32909710699565,29.17773284785409,54.760657344390154,-208.727686142555,480.3936886305749,241.70442956967062,-320.64207597679973,2280.090893737922,289.86756731283424,294.8130725130897,0.41664491341638976,0.27309171391245124,0.18827218754015632,0.5939896597288373,30.353808963528362,30.045947409310987,211.9421183192299,204.4191441357906,21.66307251308973,16.717567312834262,78.93764640712911,146.64920068566886,7.0864331726335195
2002-12-01,7.581301887908824,7.581174142001572,-4.666354870811091,-3.529268874097248,135.06480669603695,19.70305614860009,160.36907344568525,385.95179530551525,249.24887626461572,29.93780163582225,50.6155927092455,-210.0701993741837,503.5980493780198,238.1817449131686,-330.2316274201517,1851.3498135652842,291.6406248798176,296.3305013311058,0.4451186694212746,0.3042691489404992,0.22182683807032108,0.6258318147960257,34.72802781427139,34.42846085014419,235.02035852517352,219.3626777199529,23.180501331105802,18.49062487981763,92.04988250698312,171.66100971059794,4.686743820301132
2003-01-01,3.5038772923650394,3.5038894466611947,-5.072309489356632,0.8869989448229477,146.81451773367303,28.907506984165487,213.3174939224062,386.06744363100177,290.51599532042826,34.511075901441636,61.65471535112164,-244.21673637883708,494.3670604477027,262.9366347721771,-359.13668311666294,2067.301241752465,292.2774919842963,297.9214191395633,0.30218487994230603,0.17396193907237054,0.12808362679244348,0.4346437099653619,32.25057619024725,32.10699687700672,108.62019606331623,101.38569000755771,24.771419139563307,19.12749198429634,96.20004834448582,43.931224308493576,6.839996309876938
2003-02-01,7.223030120298623,7.222932496701881,-4.284759503584176,-3.8683451882205495,124.01957824831717,19.451010545816843,157.693471650363,393.9854972990306,230.8089930574262,27.76350867788419,48.936185862887676,-194.54315454062595,455.13181259888063,247.9358194427742,-304.90072021600844,1666.119004899364,292.6343837634285,297.20909688867766,0.3554230134426725,0.25828953396517423,0.2114574985269799,0.5229812782740832,38.7898092827277,38.54014734984059,202.24484336836144,208.99688937216092,24.059096888677686,19.484383763428525,56.964900773234234,139.80583201347372,2.1363798836042633
2003-03-01,5.09702564560515,5.0969308156843045,-3.568644906061347,-1.3934161524387156,103.29230339043086,15.447694365148084,129.39768466194914,381.46327138707977,197.99215610555328,23.466849931012234,50.29294616654359,-167.7933284988382,390.77133181552273,247.49565228265953,-261.72440581752875,1520.4177882738024,291.71030082840764,295.47718972331904,0.37461898428362234,0.2697475847173642,0.17168017857961865,0.5626212813318597,34.06316711160687,33.86505733196089,158.00779501375965,147.48063702790233,22.327189723319066,18.560300828407662,14.228753534869213,59.656702595625006,-1.2396154232843202
2003-04-01,4.708742846061201,4.708687975103054,-2.6898662791781853,-2.7385395736024467,77.85655955646858,13.0369444975589,122.21409576139338,349.6420230210797,171.96479377034012,19.504214107689332,59.55789332812743,-146.88917323023105,314.15924212193283,252.72713338916265,-218.64825015016868,2044.178690282712,287.75577426775556,291.8754171862656,0.28508702049403684,0.2302098981133909,0.1597688117508127,0.46189887888135833,24.72827515728018,24.52922509538571,141.26228538183602,136.2467585388615,18.725417186265645,14.605774267755578,-34.07888323899397,27.87353989532282,-3.562224151923857
2003-05-01,2.9240432220486756,2.92397554546879,-1.9331349199761398,-0.7514457067954029,55.95353658141321,6.420641549534953,97.44309853647206,329.670622489167,139.02452153631737,15.220192230164653,63.541144309801034,-119.14167644855202,250.20172018817019,247.20625925922172,-175.42188269412583,2998.3763987132515,285.1917697221775,289.233820485444,0.35168835030876516,0.21212232163859782,0.14813491064025033,0.5087693860579948,19.430769301813495,19.291757071168252,90.64533988350894,84.6057738850923,16.08382048544405,12.041769722177548,-71.7843765650959,-36.358493269219636,-6.773645992197181
2003-06-01,3.4275991699248083,3.4275524346413695,-1.4189062650315751,-1.8886746205581322,41.0691761313951,1.5646343542960364,63.14128051006337,346.86815386360496,101.6194941934719,11.331960221249947,46.69456180004692,-87.13735857975816,219.65503354311866,249.532956802495,-140.91838456203172,1614.247067103547,286.11255966144364,289.13060313856954,0.31440586476157073,0.3531457346372112,0.24417742668385717,0.6118020409746616,23.170525659813524,22.98366663700254,102.82797509774424,99.17686442828037,15.980603138569563,12.962559661443663,-108.61457224046327,-48.31587023759812,-2.1910137059799055
2003-07-01,2.586013118547618,2.5860075448197173,-1.5643885210949464,-1.2965532337477015,45.28011432446062,3.3922248253906484,82.19569050796318,320.1177947474311,120.49405890332964,13.034481084549116,59.514344204608705,-103.19873047461003,232.65442353218702,242.45782002051317,-157.35317696612347,2751.6085199371146,282.4526712219177,286.636974582799,0.3440463735466694,0.20672477400631656,0.22707885866892852,0.5257099747478726,19.26441825573094,19.117543395662587,80.16640667497616,74.8266071996446,13.486974582799007,9.302671221917706,-85.1046430543897,-50.5701972993558,-4.987952879849942
2003-08-01,2.3805496468038836,2.380460519395323,-2.026697310557995,-0.7890614599415752,58.66134683177046,12.866802061012516,114.74773912530877,307.71526343217,161.87914294722555,17.526625415394054,70.12704765133172,-138.32401463391236,284.6233050915987,250.2018545716573,-201.236060187636,2462.094560192464,280.823865911821,286.22027129403796,0.22444970614490067,0.20157275390749183,0.16985500599921433,0.41198235165941205,15.041586236917583,14.894868670167623,73.79703905092039,68.87906595472577,13.07027129403798,7.673865911820997,-48.96579438402128,-35.41689335086362,-3.3311819102023392
2003-09-01,2.9868851552460973,2.9868748219091956,-2.7710064238753924,-0.9860327656438649,80.2048044880823,20.46320221650267,148.50999125044808,328.1980796320169,206.245438344832,23.02550348949303,69.96822671791695,-176.09245953906571,356.612974648054,248.9485822546172,-256.2479825819243,2975.8559724979086,283.5622029056625,289.8248267869723,0.30141106340527696,0.1808907930409507,0.151881951165418,0.43430269029348667,19.65633640301662,19.492383321421332,89.60655465738292,86.42577609690959,16.674826786972346,10.412202905662525,7.299400327307097,8.064145819570584,5.456226116563798
2003-10-01,4.127166864886801,4.127141550284464,-3.772876819240828,-1.5099082182740915,109.20338838365258,25.21356067463823,175.04383257230296,351.6732375567593,244.57126578237867,28.197674345854935,66.62452272258822,-208.20306015460488,427.6722125214555,245.84970547863713,-304.37847919419136,2447.788644811457,287.2929212468354,293.19045290257435,0.3623317193060014,0.2026643724178775,0.13193735873246365,0.47414539463112665,24.27190151234157,24.062445983727915,127.94217281149083,119.41960504295325,20.040452902574373,14.142921246835442,58.52877371555422,61.58340200112903,7.161588373725863
2003-11-01,5.012857914570599,5.0128676248930875,-4.386534356077309,-1.4875082734030656,126.96552577257711,31.29972668296695,195.5298766881554,359.1695733112431,273.83523474396156,31.95024474031991,67.35859371983064,-232.02165292055602,479.92520793310695,245.4184471685655,-340.4400643660301,2846.395130060509,288.12048238359483,294.3086482931066,0.37110772381186097,0.19435284200500935,0.1536965295249915,0.5069963503503706,26.17138963619439,25.959642586543435,150.38573743711797,145.0482530351009,21.158648293106637,14.970482383594856,95.02161719746456,106.70653771480703,6.397806745181356
2003-12-01,7.201137536636653,7.201037527655225,-4.765546606994681,-3.128981896223169,137.93590433771837,27.50278760421513,193.6583264185237,369.2045392480761,275.4109419573864,32.4661796199123,61.90549344925087,-232.02078856993552,503.3690072011449,246.18463405495714,-346.7830313619485,2280.9119120859755,289.4646431769624,295.05054128952804,0.37985294871203606,0.20819981732125875,0.19592768356674015,0.5245216530998136,29.865536813322294,29.578853588431624,223.23526363573623,208.363354388172,21.900541289528064,16.31464317696242,100.59839730699133,166.34924417869382,4.676603178751151
2004-01-01,2.1531115450562317,2.1530948570442647,-4.705699690895417,1.252524029521535,136.2036775488297,40.64798608712027,223.35708211846094,383.63780669752464,298.17791204608363,35.39536947624099,65.28437612893151,-250.8918244396833,494.50370244683114,271.4038276570799,-365.50083669762455,1904.7492845759602,291.57720884198875,297.67211747172774,0.19618946162398207,0.15870702279083806,0.13921520717782596,0.38429617356239854,31.643171683695254,31.56326101050806,66.74645789674318,62.30019840984563,24.522117471727768,18.427208841988772,94.09700904054466,11.437745226758786,8.755784674801816
2004-02-01,2.601749747297481,2.6017239071017983,-4.173092448534038,1.8252013733402392,120.78770149482915,37.391398965000384,199.6989550442438,370.28447390453556,270.9412174521324,31.710702031941754,68.77590238349597,-228.26428599780408,454.53506558499345,268.2373568093052,-331.4806496018915,1875.9767171052986,289.6586418616445,296.2879124712238,0.18782602431614773,0.15877318837578008,0.1570639172557746,0.3754046248667185,27.935852291240206,27.83053481225905,75.45074267162695,75.28136305271407,23.137912471223842,16.50864186164455,63.24329279258632,16.427671195992666,1.3092831544785781
2004-03-01,2.1582383596116457,2.158224988468079,-3.25239701866192,0.3699082601567436,94.1384509298105,30.623841583301854,173.02702504063308,366.18349121191795,232.48772758634308,26.834901758574073,69.92992015119803,-197.1862366600502,388.8615535838273,272.43643956192255,-285.79882717455274,2167.639508230606,289.3524924305659,295.9913911116312,0.1947546682849898,0.14974608027521985,0.12425189264135608,0.3502029115106949,25.677669643843526,25.56984525569261,66.90538914796102,62.44863971261803,22.841391111631197,16.20249243056594,13.362387612630187,-20.821447600302108,2.4940239957398234
2004-04-01,4.703130533155052,4.703102182697416,-2.4283913725854576,-2.44009221029478,70.28822556438007,16.84704108007611,107.94786333919276,372.7439208205518,158.92174165244515,18.4132484120303,52.516998813038505,-135.77925588511147,312.2753658690066,254.11481703213497,-211.2086175528004,1633.9556093064182,289.6746764301886,294.3234714904374,0.2930584963101642,0.27552487054209596,0.19446766068635582,0.5110151403701751,31.188775854027003,30.981707997091103,141.09391599465158,136.08513260119835,21.173471490437407,16.524676430188606,-42.90619947933456,26.763717129866933,-3.8730095723832108
2004-05-01,3.423292395062903,3.423259186105736,-1.5640157714199547,-2.3878012985158463,45.269547792884595,8.78259831460567,61.87588407111934,337.86799893481566,107.05066525291976,12.14485022720743,46.843298794288685,-91.59729271578566,248.9376428452859,242.05802743020442,-150.2934738394534,1209.2122859961516,284.1608215530993,287.19095659270664,0.2916082295232245,0.469814562793901,0.2625423413709036,0.6701570059358135,19.958546780053684,19.746537496475003,106.12206424694999,99.05263848685578,14.040956592706664,11.010821553099333,-91.764553590751,-28.68331071078653,-9.298152185993295
2004-06-01,2.7564788219303,2.7563487273637866,-1.3134266156781422,-2.2815508775178617,38.01646665068235,0.5389078907397851,63.975260370642154,336.38429515402316,102.36564165176183,11.298721957258246,50.02404940087573,-87.73128076696631,219.41267748943832,252.59639610917458,-140.42580694505352,1497.9303777785765,284.7787855878791,287.9554112000653,0.23488753421727668,0.3524191598895534,0.2156450066973914,0.5479083287549399,20.685528486805303,20.527439001428526,82.69436465790899,79.75546086122067,14.80541120006535,11.628785587879122,-112.17058916412105,-69.58345177825119,-0.8481431753315576
2004-07-01,3.552170450248927,3.5521189468110217,-1.639671554665826,-1.4989922559174622,47.45903189412947,0.7006120654298579,80.94584397938873,318.55507766690147,119.77096484802755,12.920414894892682,60.159474662927956,-102.5183882958921,233.47904984274348,244.4030334963335,-156.60732013061042,2521.5278653654227,282.1618985102828,286.53792135926733,0.2898921221379495,0.240761775693368,0.20960236018154516,0.51336253606731,18.057904243135457,17.88453473383934,110.11728395771674,102.78121952578186,13.387921359267352,9.011898510282833,-87.79571336572309,-26.67279540747552,-5.800730326595186
2004-08-01,1.819310184221803,1.8192813799564456,-2.0349415393303976,-0.35337402813945185,58.900114420935694,8.820185545817385,103.16467397321483,325.6927707331611,153.37328411287038,16.945023465456128,61.6009197049521,-131.08579784460784,286.2108034061417,244.52167382624359,-197.0614093297194,3292.4450054701224,283.1181540444456,288.1130045740043,0.3752520144494213,0.22906920221971885,0.17504022110330758,0.5593548750485204,18.716651609096647,18.582543073299625,56.39861571087589,52.641243632999,14.963004574004344,9.968154044445612,-47.46026449652419,-55.48371345736354,1.7645781729026595
2004-09-01,3.8129966067636585,3.8129338104777664,-2.8144859430922007,-1.289285967123162,81.46343943495806,16.976800407277178,134.74155917004737,344.85025786912905,192.64968788438873,21.852559568139718,61.94085130126149,-164.57330433145924,358.4288551399806,253.02680755424078,-248.19975907678023,2493.7027882120788,285.5653907760469,291.15514505685394,0.28633088350443336,0.2559614757904474,0.1961428834982978,0.4960900914229527,23.25030550920943,23.061608797253534,114.38989820290975,110.32794590502796,18.005145056853962,12.415390776046934,-4.827048477460551,19.84524480464684,4.192213187962508
2004-10-01,5.132982427227843,5.132896215818516,-3.755695655095957,-2.456666582112644,108.70620627412477,29.95193018462774,187.7572331501129,338.0748282318634,253.7129608932309,28.938281654094308,72.59496572132137,-216.0302363807584,429.19565052636483,249.88073429469554,-310.17851007450605,2767.042297362802,285.5547395061647,291.9022243250834,0.29023550878430004,0.17582863158004616,0.14245990000969821,0.41682583085168434,21.32108892269866,21.103932412050092,159.12245524406313,148.521302541045,18.752224325083432,12.40473950616473,60.29777577981051,95.33573784604621,4.777134200684529
2004-11-01,5.7204479832238935,5.720434005173488,-4.154584514792487,-2.2252848913325516,120.25168210541929,27.152868050029735,165.93474569996553,363.1557395531232,249.25982468568563,29.405175654455515,58.07981851126688,-211.07094204550125,480.81180338115394,242.68121992648437,-322.4793008336845,1907.5067127626314,288.6434105815129,293.6991360444705,0.37603315099781115,0.2885858170625469,0.22268751102171916,0.5696108332775063,27.76168128486298,27.474678094614983,171.6134394967168,165.5218172793255,20.549136044470515,15.493410581512933,79.7980809072001,119.48164270232097,5.586573378785332
2004-12-01,3.1535241590232586,3.1534789364548725,-4.6194381214738245,0.748652367507013,133.70675081746882,37.56940504526896,208.58895102115437,370.95563233444585,291.2557129295381,34.30853172483068,67.28852704039348,-245.58964735313256,503.4844500303663,258.5575527520218,-360.3118440433479,2267.0265374306723,289.8868334533682,296.35439504239434,0.30179187453041606,0.16404982721707576,0.16737472304301826,0.4606829594443123,28.116204126670254,27.950618575225903,97.75924892972101,91.24649700390256,23.204395042394367,16.736833453368206,101.75429129132607,52.26907302775849,7.024964450001335
2005-01-01,3.2650485038211294,3.2649948398385686,-4.337068338244228,0.3371920024454664,125.53357944798078,45.47316570331938,221.79697896398642,384.70375281419814,294.4107996840329,34.734974600935494,69.69608011279557,-247.5492985999982,493.79753709349256,266.83859349313957,-360.5968761953936,2536.135757546461,290.9835703506567,298.46529235137876,0.3022434877869883,0.15521793113188093,0.15020359510195583,0.4373285428056154,31.91726402628404,31.774981164675555,101.21650361845501,94.47323031940303,25.315292351378787,17.833570350656714,93.75828270225401,55.85146023777378,6.846473335902473
2005-02-01,1.8747543590133113,1.8747457840964057,-3.785462795902041,1.984261220156049,109.56765714175361,37.28265420630401,176.23603669600053,383.4311149350319,251.88500827528856,29.940521400239632,61.332251268141164,-212.09160496015826,454.07360913328404,261.00022248221666,-318.204855974939,2541.4328612292397,290.95371651942844,297.21451528425877,0.3308073031908979,0.1913380582196604,0.20522708630461303,0.5509506592693179,32.331691170241186,32.213292351381895,52.49312205237272,54.2461164379747,24.06451528425879,17.803716519428463,57.20463349272234,-2.025949555016055,3.90904234395947
2005-03-01,3.2169564245799314,3.216887406888242,-3.1719026931392844,-0.8632259680617635,91.80853859661174,27.763070049907046,149.8311059587434,375.5822967697247,211.5367062177963,24.843691173940226,60.26529247756312,-179.36402150041465,389.40537403646226,265.3117045434363,-270.7187451925871,2030.3885280613106,289.6832159776225,296.0367361569107,0.22513059965954307,0.21704911885814204,0.20155872776448547,0.46165154379213985,29.883596250974964,29.70319275461724,99.72564916197787,93.08123283820146,22.88673615691073,16.533215977622547,5.407040649150815,7.152614514407787,-0.47287962366725367
2005-04-01,6.765972659401946,6.765863286037739,-2.5325874483520794,-4.082345298971281,73.30422659064487,10.595000174863381,96.15264170334528,360.9695861488347,148.73081968918805,17.25182123820189,49.72894302674044,-126.99591580508314,312.82168128634015,239.75546001017992,-201.1208592722385,1711.9080543191626,288.41370733604344,292.0094346769354,0.3696063002829539,0.3168014687105889,0.2410578415854488,0.5864719356321886,29.48374189810381,29.21115496562987,202.9791797820584,195.77150711914751,18.85943467693545,15.263707336043467,-38.63460073794141,90.46493377772678,-6.632253987165555
2005-05-01,5.343388739344421,5.343343127413229,-1.859679533759336,-4.2377349631045185,53.82723107504456,0.1263729352410011,77.99787018389704,346.8845772390208,117.8741697257734,13.221301280178404,51.37190102002101,-101.06900455262462,249.2946208198287,244.30990718868094,-160.0079410006655,1874.916201954202,286.79601304499397,290.28237360909554,0.3390713610752238,0.3255352022113923,0.23738584954770084,0.5587239093513416,24.714463889435944,24.47765608270398,165.64505091967706,154.61062289968834,17.132373609095566,13.646013044993992,-84.30196618801543,20.737926114310284,-4.2565004776819535
2005-06-01,4.575593836266508,4.575348092830469,-1.4100451837710193,-2.9817701415279387,40.81247295231941,-0.1482756813249173,53.37030310489176,357.5427405729871,92.20581940756367,10.527969707032165,41.00271821609071,-79.12430969294047,219.44729272106608,239.35942860567403,-134.10725553614373,1763.4696547450674,287.6128991596468,290.102757291511,0.4332551765428204,0.4279002269365201,0.2547699612612026,0.71067354446318,26.37235572020789,26.12865000264618,137.26781508799525,132.38854435273348,16.952757291511034,14.462899159646838,-105.2521730695303,-11.133495874971516,-2.542605794144734
2005-07-01,1.856379347094199,1.856262326976726,-1.7329352931315298,-0.24021785237289003,50.15854903308844,0.9429543437276642,88.33109434423395,317.15696323652213,125.94683059531548,13.545155813107886,62.0486573618768,-107.94126980373639,233.17026445393734,257.55472671248066,-161.82340213343403,2352.901893170891,282.85922579606523,286.8268370827061,0.1943250097797572,0.2429571551138609,0.1711182958704263,0.4473409072673674,16.789908282835096,16.674466058838913,57.54775975992017,53.71129418335434,13.676837082706129,9.709225796065255,-95.73132457904663,-86.96968849382421,-5.208890934956514
2005-08-01,3.141505316174139,3.1415235813835922,-2.2397745197983268,-1.337748906659871,64.82858621620164,5.267384449001204,106.95061817672759,330.7346436269323,154.64397270724015,17.097454349122064,62.45603069545518,-132.24240749555014,285.6485240662796,250.89817215354304,-198.27731261648657,2576.875061449213,283.9652997111766,289.13652381561315,0.274531302523293,0.19139077315057995,0.19092878779522532,0.46704925872868397,19.769595058906287,19.614731762039085,97.38666480139831,90.90056659096042,15.986523815613168,10.815299711176635,-52.620859537056475,-26.23928529718981,-0.30959386510788534
2005-09-01,4.605050289691738,4.6050025437919455,-2.6056639551220204,-2.613928026536838,75.41918541932269,17.913920875032133,117.26271363757422,329.37635351501336,178.35307805235175,20.227200856941902,57.70624996155406,-152.14339911441223,357.77938608534845,241.51199278987528,-234.87150873384658,1831.0006291338157,283.0256346118935,287.62416941944394,0.32177714851670347,0.33569618791686695,0.24761292232180734,0.5617440798722508,19.902551025674352,19.65301899096091,138.15150869075214,133.2466013828688,14.474169419443967,9.875634611893531,-6.640484056028697,50.08288904901404,1.1040428585033624
2005-10-01,6.19258704095864,6.192604094669823,-3.430385132678303,-3.201773852462596,99.29061068836049,23.980286915588753,139.61781089740543,355.39098812968086,213.15103430422974,24.951203796567683,54.36916697409869,-181.12551865691336,428.62628338907524,246.84203588645607,-281.1387442739015,1671.865883896485,287.10240132788374,291.6130186940623,0.30785019136655895,0.3464061866293685,0.2506785149063584,0.5709445327237336,25.950049781460887,25.69143204697304,191.97019826971783,179.18414625780738,18.463018694062328,13.952401327883763,34.29670838744545,110.70478987802692,3.4854540788654305
2005-11-01,2.8767933175680107,2.8767865461984745,-4.495953878244811,-0.08593714679305874,130.13277000797197,33.81203793078577,215.19810040782377,358.9398841483827,289.0829716863706,33.65821797477839,70.9847487254301,-244.97305320636534,480.4377539180455,256.91628971354777,-353.17448259496905,2838.868255805484,288.2856137342787,295.2407510082471,0.31059717482638616,0.14034922597947339,0.14363161592578977,0.434007118604131,25.861667239646327,25.720577634642755,86.30379952704033,83.24035145250215,22.09075100824714,15.135613734278706,96.25819288142128,39.32227778377395,10.043496542177508
2005-12-01,2.827925430073356,2.827857710491771,-4.331229832602278,1.1557157554849278,125.36475138656783,49.716192358999145,226.65016825171568,366.27728287481875,303.4571707334722,35.54304675279765,74.00578532068819,-255.96816727641817,503.35601299628064,260.10170759346033,-368.76077412741796,2440.40587126218,288.47072435469056,296.133222106342,0.28117883391630993,0.13218203718205856,0.16686774885072936,0.42311274887672035,27.406442075904007,27.270855077948003,87.66568833227404,81.8245865304332,22.983222106341998,15.320724354690583,108.65906653395763,58.23746346765997,6.881438210163026
2006-01-01,4.145822140580296,4.145811335059147,-4.374435923670384,0.3715816032200704,126.61532266552412,42.195863519882984,206.89342499221124,392.9535513309491,282.8792714922918,33.792831428092356,62.340237706965034,-237.95606424900117,493.98918878406937,257.56637185464643,-354.0210401170137,2180.7642149696903,292.02525537492255,298.6588735454391,0.34531954663356945,0.16565045720787605,0.17795540197626583,0.48921682989354043,35.399910292810524,35.24597444735544,128.52048635798917,119.95981872277623,25.508873545439144,18.875255374922574,96.45466826236725,82.99452396299034,6.8046403566290365
2006-02-01,2.6256741095468477,2.6256412499182105,-3.8677234185948475,0.5694812061012403,111.94890478061835,39.645959428886414,187.92293923332332,384.6672968522899,260.78350258163005,30.95458050084699,64.65346796040289,-219.72505202692605,454.5038782424816,264.74832478799664,-325.60151421484596,2178.6778812431794,290.7947548017076,297.55661635733304,0.25794062710183263,0.15787062290564444,0.1835156599572149,0.4545784466579892,31.77410283321766,31.64654086769626,73.51887506731174,75.97341579624451,24.406616357333064,17.64475480170762,60.853189426849326,21.400980585457106,3.476719857018381
2006-03-01,3.9052400256504036,3.9051910352559394,-3.342466229421297,-0.6265379006852471,96.74569559384649,28.322665291598273,155.85191863603126,376.3292700056234,218.21031204856286,25.447393505366545,60.41259334761736,-185.0142958552996,389.99037545599367,265.3045879234194,-276.88059299072955,1783.7109355206424,290.6347875588488,296.0587863956614,0.2336647753113459,0.20565939060528016,0.16481215863090767,0.4322810319230068,31.15102097638602,31.00844636197882,121.06244079516252,112.99742578865565,22.908786395661423,17.484787558848836,11.576005067310177,28.29439363988186,-0.4666583777625277
2006-04-01,2.2548075546796538,2.2548051227098043,-2.498337012681818,0.014033156628281777,72.31268157021921,19.474173790285118,125.77673831236376,350.7722878416967,177.33518772276747,20.151842617267334,63.866413104828034,-151.42350484060478,313.40323095813375,258.109635462079,-223.57399676348365,2243.3166759822507,287.5797197417277,292.5671550535177,0.2681751163057139,0.18825896277437568,0.14718562726162437,0.4440670115063269,24.4674420817585,24.345728986392302,67.64422664038962,65.24320378211239,19.417155053517718,14.429719741727695,-34.535638698595335,-37.37535286197456,-4.229763624727596
2006-05-01,1.3940045562545575,1.393877722442825,-1.581178651223416,0.2164287876167641,45.76621792249624,16.48690007956215,102.15315400146591,319.1715137411799,142.51488132478195,15.549010758849587,66.4094453880813,-122.11950666089224,249.68102079036896,257.89008707081774,-178.1835124389741,1949.20480027718,282.9485401719511,287.33007782494343,0.18143145606254346,0.22744686169641026,0.1356499429192126,0.4082428278520173,16.93099251223276,16.844795251229606,43.214141243891284,40.3321100243873,14.180077824943453,9.798540171951117,-79.70657463184364,-78.59762580070515,-6.543056729247439
2006-06-01,3.771250575655452,3.7711953196174752,-1.5424894376268525,-2.7792183989310786,44.64646767868508,-0.7399846488106591,69.8916970781666,336.10790045777105,106.92289862107312,11.767370307575781,52.566029883723544,-91.70373468560938,219.50897836942121,249.80482245686093,-144.3192614149432,1991.647385974474,284.7142625778448,288.43268290839967,0.24687955048705915,0.25954169475045336,0.24101190529078578,0.5246444928015194,21.831312788553348,21.637078635575808,113.13751726966356,109.12023494263528,15.282682908399693,11.56426257784483,-105.48556104191772,-36.243015549978935,-4.768778227988584
2006-07-01,2.0385474302135225,2.038375591705498,-1.6998952746979,-0.11690898576925589,49.202108988198624,1.2562837041565424,85.18539734538037,337.23812099122136,123.88930506132759,13.557874468768203,57.63162268732009,-106.25688309747915,232.8893000691806,259.1517609058583,-162.3138641515288,1933.741508684901,285.1645179653388,289.58218379052886,0.24536062562493624,0.23811267006644354,0.16706172575892247,0.4673556360805383,21.217197518516265,21.114772360728264,63.1949703366192,58.98077522296003,16.43218379052888,12.014517965338825,-96.83789675432948,-85.22609823737196,-1.833132282196111
2006-08-01,3.22046798249772,3.2203798203347396,-2.0869972951065376,-2.0612481404560246,60.40697298916871,10.963519888937961,112.02079952221631,321.01051336777385,160.19741157345655,17.538715486999497,65.65474342185132,-136.9371576027951,285.1190038028374,248.2719704401538,-201.61128892908252,2323.342680322204,282.1410600243,287.8545138188408,0.2530056937630129,0.18160098482172346,0.1696692871797329,0.4257125421443833,18.609440566160753,18.46628311537485,99.83450745742931,93.18228646801909,14.704513818840837,8.991060024299998,-46.66068151107129,-13.797289335058025,-0.08807869716287797
2006-09-01,3.655203631698165,3.6552842523375255,-2.796554585731878,-1.763993471630043,80.94448820391354,23.714972207104765,153.08687804450952,323.205188338573,210.1654113150001,23.38928513832162,71.09557106464901,-179.39892268870128,357.1697021435548,251.17794558860217,-258.38320014729555,2910.692640667417,283.10237808165436,289.1498623887657,0.293846191730968,0.17687620867200798,0.14480943785671826,0.4314758128716201,18.345014413594622,18.181584290026418,109.65610895094495,105.76632674587748,15.999862388765735,9.952378081654388,7.205254558693383,28.383201887623358,3.6438912130339673
2006-10-01,4.712117193827847,4.712114566314763,-3.6141313193203857,-2.4057602890344425,104.6089256750189,26.849694467040027,160.79673015341248,363.18470279284503,234.0094448445997,27.32570204169529,59.88357928544035,-199.14822305432457,428.10318588930113,250.9893648650761,-298.6319453417631,2154.3101665593363,288.8116974696983,294.10741136030543,0.33513421227372725,0.2527159698828502,0.1466910217201708,0.517829177404655,27.24880976197265,27.0177659579495,146.07563300866326,136.34590759012625,20.957411360305457,15.66169746969831,47.642580476687016,71.57353876496904,7.806023626825322
2006-11-01,5.779116868371492,5.779037247672557,-4.4279422569042675,-1.4876311713972838,128.16393772345486,27.18834802135982,184.6910419582906,361.4784952282475,262.8724421894638,30.73607510809214,63.185987711448284,-222.59660171390735,480.1142839965727,254.66920061833426,-331.847091670908,1968.770775526336,288.49668773220384,294.3667550877104,0.27571195775912394,0.24718217222276267,0.20051264000256167,0.47768162604145104,26.40800244153402,26.173046888990935,173.37350605114477,167.21751295348835,21.216755087710396,15.346687732203861,77.17789105257376,112.17313802496287,4.058328257644376
2006-12-01,5.202989361110691,5.2028754241333335,-4.6559923477347755,-2.194544446787413,134.76482664847586,33.07295074986259,198.1616241004668,389.6178319684135,280.6576948596579,33.421069910248264,59.51319011353913,-236.8415204198107,503.27910607016344,249.26849260966472,-355.1780026628821,2413.752158362054,292.21748041165455,297.9927843557733,0.40634210912251084,0.1918283710725054,0.14011807899699427,0.5318706052933573,33.93806677047159,33.735301983449,161.29267019443142,150.5461638927469,24.842784355773347,19.06748041165457,105.90951005321736,112.2002943895553,9.490552907933107
2007-01-01,4.227188613554693,4.227180409969479,-4.490540206140547,-0.5379111488929245,129.97609541087274,34.5299252162382,185.30050752012988,392.3713709994038,269.15546939193905,32.256828254692316,56.98319383207902,-226.08376107502562,494.1630410096564,251.71095411200022,-343.49020445068055,2237.8484484944656,292.5649541835378,297.90628172966785,0.40617195952295687,0.2056857318263814,0.20058865140792395,0.5695744730895395,36.15613295847831,35.96660553115318,131.0428470201955,122.31424797365392,24.756281729667876,19.414954183537816,91.77925033868033,79.52285628562585,4.594546615835668
2007-02-01,4.821555343532977,4.821484890156685,-4.332566336115174,-1.6504961320712688,125.40356082471094,28.30365676535706,186.93059346579133,387.0770942616482,256.1965930667651,30.45382769798167,58.673659749437796,-215.99554630361985,454.9186956136289,262.8435234262458,-323.062975238963,1891.1327608738366,292.14021473612996,297.5973357458486,0.2555992083090715,0.18510574884605255,0.18713286870594195,0.42983476018470296,34.58909265283256,34.40825163823347,135.00354961892336,139.5105581642559,24.447335745848648,18.990214736129985,60.21945181271724,70.71178018814817,3.6146689641140455
2007-03-01,6.516517821642607,6.516435347978817,-3.655879394600068,-3.4044585620632213,105.81737313744898,13.376669236389727,130.29266737887244,389.6484797619174,197.70348092046297,23.54079318360993,47.990577507496944,-167.72428472917227,390.56310169376263,240.7189842619565,-262.42348902095506,1960.9916631758538,292.7244712143722,296.5492777661823,0.4506365771556658,0.24532439943915635,0.19992338161958312,0.6099424422544338,36.71648985636738,36.461203495452345,202.01205247092082,188.55426354105373,23.39927776618231,19.574471214372238,21.704504758998553,103.90173031476668,0.5396648478366188
2007-04-01,5.422222365146116,5.4220887829236055,-2.7637916174219073,-2.418493280903152,79.99606774046296,9.552829130903527,106.89224026413139,368.6602238048324,159.0415998951263,18.418577001492473,51.68761434339594,-135.84818928383638,313.97550822924666,250.68898494975312,-211.01530344836286,1617.0568072201027,290.30178409831404,293.78307368348175,0.31788003990045377,0.2854089412118189,0.17283251071504668,0.5283037489397494,29.825743996302826,29.633464950776656,162.66667095438348,156.8891430244099,20.63307368348177,17.151784098314067,-39.67368150139026,42.60771571348273,-5.388321930926068
2007-05-01,3.947646628901507,3.947564033211285,-1.829960108423957,-2.3258674921387956,52.96655122108788,9.825407815833128,85.45375118600761,323.8126838619589,127.80916575579084,14.115225585095185,58.461383520944615,-109.46291921902888,250.06186424705692,244.23246049606024,-166.55880777308047,1853.7144444646087,283.2227827529728,286.80717657598854,0.26682424867097965,0.2610480876053383,0.1976680719847417,0.49698826953671904,20.05217438824858,19.87750610943362,122.37704549594672,114.22349633134505,13.657176575988558,10.072782752972842,-77.67365272297977,-4.626284273885858,-11.790423338836746
2007-06-01,2.88997816775858,2.8899024075044135,-1.4334012186777751,-1.6131723627388352,41.48869726782643,1.4064027082227626,69.82984094218378,325.76081713117156,107.987107491546,11.752676235942593,53.56107116146398,-92.52122751594655,219.56576188683658,239.282469827282,-143.61096224119217,2771.9685835642717,282.7896116510846,286.6314268962306,0.4091678077917207,0.2531315252525897,0.2576063587455862,0.6118795884840731,19.73995474679034,19.579143304759246,86.6993450327574,83.6198613282527,13.48142689623063,9.639611651084635,-95.67150758608983,-49.60539990409693,-3.9349436215666245
2007-07-01,2.4891426573341815,2.4891589702524892,-1.5294937406958609,-1.4653371383205551,44.269795157678466,5.511144521114224,88.07906224129684,301.9110037225732,126.26218845110351,13.441430799763992,63.90240304411632,-108.03570295769678,232.60353312312748,243.64976679995192,-160.07573103276488,2449.7668273085337,279.4922826121729,284.08590374702305,0.2745813207406451,0.21560576624767727,0.21749501790903725,0.45765607318669127,14.830179431298138,14.680611708687845,77.16342237735962,72.02427575962064,10.935903747023076,6.342282612172937,-83.57403576718704,-50.171915400032645,-5.647639765212226
2007-08-01,3.098455611706523,3.0983401399971537,-1.814774078460556,-2.193239227727994,52.527610800848514,8.155589686309026,84.94077627804633,325.16043747956616,134.14507619981384,14.958664311585903,52.766043359542984,-114.60582167736882,284.581682982527,243.4794656114116,-180.34704249872033,2302.6467874529653,281.65641544688094,286.10522498054974,0.29046882021210874,0.34076390949357704,0.27214030303086595,0.6125241853897052,18.501009325759405,18.28596252599834,96.05212396290221,89.65104571751023,12.955224980549758,8.506415446880965,-63.13242311269127,-27.16556602669786,1.1565778306682972
2007-09-01,4.427920264423539,4.427859577081242,-2.898294059182638,-2.255708221431726,83.88944591861413,11.797215479235215,128.96925111227154,352.94857720334613,188.7189295451723,21.573277873340594,58.199264019340596,-161.37343731402976,356.5485261264202,248.3853917057997,-245.4031837017925,2484.883096250671,286.84917556198013,292.07031687943993,0.31443600129133387,0.23210315855277733,0.189975963136863,0.5129204019804718,25.63784430054428,25.439265865913033,132.8376079327062,128.12093683684148,18.92031687943995,13.699175561980155,-2.982208004007191,33.761771017380354,7.487511896839806
2007-10-01,6.320785464687328,6.3207372926051315,-3.763225215407696,-4.406405714215491,108.92401827984534,15.067956610157944,138.87525394791152,369.05955698929546,216.0406544266904,25.556612353702498,52.389822385551064,-184.00125541439786,427.5653064469638,235.8821343446112,-285.0266832220646,2519.48982228016,289.33311402503216,293.73026238133133,0.4722918762187124,0.26257357233015444,0.20320935733754775,0.6433552876152709,29.92219074644676,29.65121734965109,195.94434940530715,182.8917040684355,20.58026238133135,16.183114025032182,49.14454887745342,115.49277652720008,7.619458138843498
2007-11-01,4.31493697656359,4.314942350520061,-4.721151669193902,0.49559841629840384,136.65076279594146,31.488293228017834,217.50872416368833,347.029650903416,288.3659198340254,33.24167896262956,71.94735936105269,-244.29376915138639,479.77403445285063,259.1960387287515,-349.4920927874749,2319.673797393884,287.12161587772874,293.4311725102401,0.24519357843362816,0.17216507945241633,0.16614120317797215,0.39198146207130413,23.07980156932379,22.891332350032517,129.44810929690772,124.85365597569621,20.28117251024014,13.971615877728766,90.29605405872343,74.29159347210378,4.2073537663744105
2007-12-01,3.910156894047106,3.9101356088325168,-4.517183950577608,-0.34893157228481886,130.7471943476084,42.35954184860887,221.44661132799556,372.8899438086454,298.9639679855982,35.169923689726666,70.60194009935329,-252.18629448429667,503.18522707977945,257.7186680612121,-366.4714971134595,2431.651479559595,290.0617120602421,296.9605930172602,0.32564202708546647,0.13958283493698828,0.15905967095940107,0.44139162883543936,29.244660059432526,29.077855723467977,121.21486371546028,113.1404979407557,23.810593017260203,16.91171206024211,108.75282905224742,82.66851445666862,8.477618188726098
2008-01-01,3.3727707850081385,3.372678788146261,-4.624913946971336,1.2517831188360762,133.86532448073308,36.44571122236565,204.0334545469029,383.0024962786161,283.12836710467576,33.65234308577975,63.50034235185297,-237.9384322218685,494.3540306640556,260.0630809939074,-352.7677570738357,2088.4128689839426,291.30510379096035,297.61049604305714,0.29235709672659005,0.16849343202307002,0.1949067996800725,0.46458408147745034,32.828880037460316,32.689619876600354,104.55589433525229,97.58908530515802,24.460496043057162,18.155103790960368,92.70467607992828,52.301382737436406,4.127054166916821
2008-02-01,4.684571808190219,4.684474106948723,-3.958264185462336,-0.9182921752560042,114.56945186092338,33.35075022528361,178.9441974402676,383.4010139955767,250.94943156553327,29.811822084904712,59.805876282437424,-211.38904302610692,454.37196756548434,258.107624046099,-318.0824843741926,1903.3756336725523,291.4466971208946,297.07841549330936,0.316177002102943,0.19028927014382302,0.22851058021514556,0.5019822354006392,33.257975419325156,33.080382491967924,135.85258243751633,135.54612577976627,23.928415493309387,18.296697120894635,59.9748603280936,77.28856958947398,3.66296465746251
2008-03-01,2.392817555551282,2.3927717874650556,-3.4430059752185915,1.3505258362861299,99.65571968336268,26.079022316982563,155.44820601668678,374.0907385655328,218.6923094974515,25.643702234874734,59.24159091591862,-185.50958984227495,388.6963982678926,267.11607674247466,-277.9821531401645,1708.0595547510457,290.61952308212096,295.77023766832144,0.18346391690537522,0.21541065044896118,0.1693982337208026,0.42044002533196706,30.767624770933576,30.666505000802506,74.17734422208974,69.23529477618794,22.620237668321465,17.469523082120986,10.866076397689824,-20.087605435496002,0.5332569260110915
2008-04-01,3.532302329878578,3.532256086218997,-2.352691301608096,-0.8221576157437435,68.09714111450006,21.804020531864992,127.41145386190358,346.691874132305,175.0316323732617,19.829520865879978,64.4810982054757,-149.41764766695638,312.12679036792804,260.5667639104847,-220.4017662431688,1807.1906299772663,286.42137054020304,291.9312918393177,0.18161491484313405,0.18627872287742156,0.17873962185314576,0.3810822511291573,23.445887424498213,23.29273337706326,105.96906989635734,102.20648397624413,18.781291839317703,13.271370540203066,-40.16499766731593,-1.0910426206874888,-4.964612184884373
2008-05-01,2.331607002177128,2.33146361031436,-1.6735067738553127,-0.8764770966489357,48.438466376870885,10.928399610993761,91.37529361998185,331.6611065127519,132.40693405078542,14.662884122514347,60.35305603669304,-113.50690790538638,248.8263891184498,255.05128716351473,-170.37463480229474,1756.6254540037685,284.14583048121256,288.7659740752861,0.2243825611735341,0.23245498799399422,0.21903059478880943,0.4647455845434703,19.677123704220683,19.544021441935797,72.27981706749097,67.46133131696642,15.615974075286147,10.995830481212579,-84.67665236122,-59.44077330195316,-6.213014119171298
2008-06-01,3.445820253541233,3.4456683811649005,-1.2548791912849766,-2.5374913985096446,36.32135902858222,4.736456177220973,63.97155931304453,321.6558712363821,101.5800536330841,11.12363684342214,51.45814974764241,-86.99504524830452,219.3484298561658,243.80983608445354,-138.26200923784714,1550.1291287040563,281.6667966918784,285.2439162845262,0.2852098755901528,0.3575764031796542,0.24696952438555383,0.5955425583210316,17.7528298359944,17.55184402460987,103.37460760623698,99.70105269574364,12.093916284526244,8.516796691878426,-105.5478268466064,-36.64721347430387,-5.5209197051410825
2008-07-01,2.7119345870966454,2.7119171953012433,-1.5839167417450113,-1.657567394687712,45.8452334422474,-0.25768655305955096,77.98938580864012,337.58479380445687,118.05752522432714,13.004944228037276,55.108196831219715,-101.22912976778743,233.4545547314559,257.65404936165555,-157.20405339873403,1674.154239718186,285.3110747255975,289.3657065548424,0.1972223146211331,0.2364411498669787,0.2192969870381058,0.46708694458411987,20.380573386854604,20.24353535011276,84.069972199996,78.4698262529295,16.215706554842427,12.16107472559753,-100.44999596292152,-68.35878919961928,0.5333860473798637
2008-08-01,3.3631453385836343,3.3630659523325006,-2.0703570705331353,-1.3881189264281029,59.92517605236088,10.206106811396877,106.10737639302438,325.099092538185,153.50550828318293,16.875592476040403,61.800388259486375,-131.12895718846423,286.2000918015192,252.3099440019081,-196.63734453144187,2026.3691759304313,283.2901510035538,288.0122139195309,0.20984641707217624,0.2541961059626298,0.19156473989993558,0.45660283909287946,18.329322148085197,18.15507110814235,104.25750549609266,97.31093612073208,14.862213919530916,10.140151003553797,-55.672599470466224,-17.484125467315124,-0.8027139347799022
2008-09-01,2.9680664486466655,2.968010349944244,-2.4743939001683612,-1.4950188326074545,71.61906425059625,23.797157848770283,128.07835943524614,326.99542146319044,190.28154024435298,21.392547264159,64.40473460637325,-162.39053775751788,358.40296043857194,248.98613422903938,-243.07397876744898,2702.4188538684984,282.88704810205957,288.46211520524633,0.3248184741435215,0.27121121535188064,0.18827076567907575,0.5655376488899309,17.80770755878661,17.610440189532746,89.04199345939996,85.87992910718297,15.312115205246357,9.737048102059589,-5.912155461590402,5.7791283432182325,2.569581051778087
2008-10-01,6.741014348392121,6.740953562621652,-3.2986380913167417,-4.425189651817835,95.47701991907141,22.65284687673393,138.00293912592036,357.86325552063175,212.84935289497056,24.88323158931537,56.603959676274265,-180.9209479759323,429.1346551146812,238.76692881387225,-280.2976132037271,1918.703299586307,287.5384926166106,292.44097311145543,0.3928559031889028,0.3012365779365743,0.21408100950605172,0.595508861660697,26.557053345623117,26.250517587771512,208.97144480015575,195.05073965919132,19.290973111455457,14.38849261661062,41.530684389854855,134.91728262612207,6.187121503852708
2008-11-01,2.9597831061990183,2.9597284909456096,-4.13087266043683,0.21507208390795837,119.56561448582033,42.37171425367841,210.7411948762936,365.26871173176704,284.7083493313091,33.23784243690761,69.79535853240489,-241.3005769876565,480.71253751416367,265.00618499927873,-351.04715745774973,2117.0360539726494,288.84043898186854,295.744643568853,0.21923562250517892,0.17811672365049075,0.15589951902836896,0.404777534143536,26.55997699801599,26.428201321241257,88.79349318597055,85.64029198337991,22.59464356885303,15.690438981868567,86.040972458471,42.547760240277704,9.56788971575287
2008-12-01,1.994010794632647,1.9939866134098037,-4.175363704782481,2.3023150626331863,120.85344099353887,54.16014592178491,228.8325771277124,371.19701257894036,305.00011414893635,35.7895202899513,74.94503358405073,-257.42322157485427,503.3560932254001,269.0227616744939,-371.35837494164315,2252.247777252966,288.90397433673843,297.1272587072371,0.194494006913016,0.14763666279532817,0.15927712084218415,0.37542037261949057,27.719060584231833,27.621708612862673,61.81433463361206,57.69637191579293,23.977258707237127,15.753974336738452,102.33561326714926,31.713943113923577,7.464601075479749
2009-01-01,4.116071219760362,4.116019078442964,-4.049143098597663,-0.17435952988758058,117.1998978076264,46.47694980313725,201.99143273284997,378.24666160805396,279.3997817920267,33.0740186831899,66.54371332020541,-234.77517934954653,493.6884728023555,260.9030279064082,-348.4368054084184,1978.1708699785427,289.96383201421366,296.935012897105,0.2704675064062631,0.18610442196150914,0.2114109943914483,0.4583611840063516,30.530832453233614,30.353008563650413,127.59820781257122,119.09777426050242,23.785012897105048,16.813832014213688,87.5337775020102,84.87703553630877,4.554618418577462
2009-02-01,4.848946681525145,4.84887281093214,-4.206373605717782,-1.7017289492590262,121.75078907286837,28.214956476686226,175.6236904363001,387.6790284643552,249.92953138447595,29.81071625470226,57.13904741912692,-210.49399773091338,453.94829762327726,253.71622674974407,-318.0971033083255,2150.764430152898,291.93067138384197,297.2096732708717,0.35337423786810124,0.197304545585659,0.1899291230339059,0.5236680982328508,35.53368068835849,35.36521668511984,135.77050708270406,140.30303272373092,24.059673270871713,18.78067138384199,64.3808765585814,79.54391544721209,3.38920476223187
2009-03-01,2.5261842004110426,2.526159448470131,-3.5650134954999064,1.108030188622725,103.18715006514718,27.19090899979983,168.1737899588202,377.1717628077922,229.00573369098566,26.84334442383953,62.01149099558387,-194.40808852096984,389.2726802327106,266.54929557858185,-286.2543922121626,2140.5214633026603,291.13208209942246,296.42394233104426,0.2544417405034613,0.16178958497002566,0.1319225086016378,0.4180041306882444,31.08949743880306,30.98351339030918,78.31171021274233,73.09489144878852,23.27394233104428,17.982082099422485,19.70509663358075,-12.405700443216872,2.018538460438961
2009-04-01,1.0934042197936304,1.0933535655022926,-2.420149577568265,1.7357026198639174,70.04951953190401,26.94812806739391,151.63225018451305,346.92791093667523,196.0178012733789,22.0337082713027,73.57445581538286,-167.5551561506541,312.69901995969326,273.5065477824052,-238.38522478165874,2432.4572120142966,287.2386610387954,293.41116454666513,0.13936208095890606,0.1247843221035097,0.09047994319385937,0.27717527444095363,22.29980423048643,22.235814223237785,32.802126593808914,31.636387890691335,20.261164546665157,14.088661038795408,-35.121323000746486,-70.51750737793249,-3.016947264026669
2009-05-01,3.4656293827322844,3.46564485486327,-1.6262857727418931,-2.103706973604476,47.07187166565388,12.337904876774877,89.43553675502977,342.9160440025076,128.91156467553665,14.39841168655358,57.46609068428052,-110.52282242372705,249.20371095409803,252.39931490841138,-169.14956000584078,2372.383835173598,285.5787163563858,290.1240594582359,0.2764088346818773,0.2522749587012645,0.20641795878587252,0.49282369663887526,23.41312631964181,23.23196570048581,107.43451086470081,100.27907566155295,16.9740594582359,12.428716356385848,-83.2497549025706,-23.689506103689297,-6.353044802982232
2009-06-01,2.4070864630253026,2.407057342969535,-1.340726417684771,-1.1383506905046976,38.80628670619566,6.687985587420856,82.89387186040793,306.64092167714665,119.75346951190139,12.761358769508584,64.47053055950089,-102.56216886125054,219.40228784148144,250.39970476097136,-152.14999482389638,2289.3044654566334,281.25534301459516,284.96168550680244,0.22064592340616204,0.26016433439064207,0.14483441203309672,0.45134215680859147,14.889957504076868,14.768395802819057,72.21259389075908,69.6486499701833,11.811685506802462,8.105343014595178,-98.24970993707498,-60.0047126812205,-7.402633991866857
2009-07-01,2.9668926893093706,2.9668744414595447,-1.4238014786497422,-2.238056720930766,41.210612441618565,7.663801501109193,80.97266041578132,305.23052869638286,121.8461552637227,13.048230170620927,61.88782026782161,-104.23729465576965,233.164893019298,239.1763688748156,-156.86294139973225,2435.1065653220194,280.1014078423356,284.2000326415941,0.30063052781850674,0.23040093070666348,0.18272161255310704,0.5061344611198535,15.586836070599396,15.427685126226343,91.97367336859048,85.8470613848248,11.0500326415941,6.951407842335641,-82.31342747508336,-31.152038977097405,-6.524939554779721
2009-08-01,3.063663654861605,3.063655712077023,-2.0498906565413804,-1.5680340891125628,59.332639881094444,6.083644886939061,111.62528388806632,328.5640291822005,157.59677081699832,17.347083169605305,62.75135883077783,-134.7275313667739,285.6618991725986,254.51509274646668,-200.64524392913015,2611.4822170546668,283.9958516574911,289.1362366408776,0.2733370343020412,0.23624522842249074,0.1744954641910152,0.47069815304257134,18.39362747389341,18.225140159370564,94.97357330070976,88.64744537259904,15.986236640877621,10.845851657491096,-53.86984881733653,-31.114931093794496,6.559887767962557
2009-09-01,6.050086295568529,6.050052590271686,-2.4494097948731697,-4.203888430725506,70.89640491499435,19.643743057261904,100.44924911332217,344.2315430299481,163.20225531636564,18.775100618999403,50.36612469730642,-139.1774030105429,357.78340586186823,243.89276596994125,-223.63731591216657,1444.512733656776,284.87611363707816,288.9300717238206,0.2748564119952228,0.4102755053038795,0.2759145892292048,0.6143524847987933,22.799178152691507,22.510149764948284,181.50258886705586,175.05939207962052,15.78007172382064,11.726113637078186,-20.25545005777468,85.63640676587127,-1.7288696590197787
2009-10-01,4.312473288803789,4.3123789633978165,-3.6863219099780955,-1.4677661063077307,106.69802561172537,27.818044078037598,179.2830356336991,346.5895076669565,246.3938779435902,28.38174183148543,66.07514267468437,-209.69923787363265,428.60131923144564,252.08804500094965,-306.23159826841214,2766.0050443665978,286.60415029710657,292.27438707178374,0.2923588582723108,0.21376562445090003,0.1470311117297376,0.4601439373855249,23.345602830852943,23.130639531439215,133.68667195291744,124.77948389461274,19.124387071783758,13.454150297106594,54.143553267462494,63.11698604116455,9.10802550918531
2009-11-01,9.841319672976072,9.841211570190476,-4.042106658832284,-7.249730611666444,116.99611372972433,16.5973351602702,133.22795968491633,395.992338543329,218.33213448663693,26.508234927357595,43.60055795124578,-185.16493876343864,480.37862684351114,231.0144161779608,-303.05885924126534,1909.5597817632195,292.23585282291896,296.42748925666666,0.4968294298234232,0.31589152070339277,0.22586338968032868,0.6649800357737302,38.918080110265436,38.46998333986868,295.2395901892821,284.7572792300485,23.277489256666684,19.08585282291898,72.04444306330453,231.83467664143035,7.970931922198332
2009-12-01,5.553697440195383,5.553657091228894,-4.766941399286513,-1.7999336377254684,137.97616207731414,24.183771532976603,168.21127142550677,386.54171359024815,260.88016982106075,31.35173011094173,52.29203406454281,-219.93856488225768,503.268936050552,240.18290631969404,-339.92763930390123,1767.3158075154747,292.10648668089175,296.5725999720529,0.44611376955666143,0.2468372066454297,0.1902250379817045,0.6138064897425558,35.48879366809914,35.25288650835924,172.16462064605687,160.69609638972494,23.42259997205292,18.95648668089177,99.74473298420719,116.97807008919386,5.486597207424126
2010-01-01,5.665765163018301,5.665781528471313,-4.9710794717751,-1.8832032358412223,143.8852553864214,21.07052013736469,185.27522200714984,391.61176706945577,266.64672471353543,32.03283053527506,53.76493617477244,-224.15069139600152,493.9420573891421,252.0190252158391,-342.02852640267326,1767.081238543034,293.19508519829014,297.798167875925,0.3706071329224111,0.2060612633615162,0.16902176129273686,0.5155628283213259,36.8591856197832,36.65063168431368,175.6387200535673,163.940437745119,24.648167875925026,20.045085198290167,90.00950118683417,104.63470384808878,5.429979697443002
2010-02-01,7.114608804829277,7.114584994266555,-4.505955873563396,-2.347473694856383,130.4223135119903,16.82517739664688,156.48371363229006,401.6885890171803,233.44776944064697,28.248204255045334,47.38797755773164,-196.72990572172813,454.43550170595137,243.55316594158634,-306.8503232995598,2082.3827111956602,293.73792314771566,298.21888267310703,0.4434492416926303,0.22216221062411873,0.2451850846094959,0.612145002592723,41.13073374638378,40.840899147906484,199.20904653521976,205.86183432484245,25.068882673107055,20.587923147715685,63.297157357973475,136.6422409154663,2.09443725535931
2010-03-01,4.105365450733985,4.105376747487141,-3.7024130724576008,-1.069511357855693,107.1643526030814,17.19741323723859,149.31733338463837,378.88436791073514,213.6721076640266,25.136901427983613,55.572665048325156,-181.10658468922747,389.90666282688534,264.9671767371258,-274.24435026074616,1767.9983413161915,291.6982133932648,296.20263410592713,0.2114785083910044,0.23170147248251474,0.14043648957210844,0.4306873469868112,31.19189334397475,31.01514518869647,127.26632897275354,118.78983644349367,23.052634105927154,18.548213393264803,9.277173523620377,19.730503563450313,1.1721538005823362
2010-04-01,3.742117970897054,3.742100455624873,-2.6377278439388068,-1.1037617077131496,76.34762255156002,13.088687613765433,114.06862103938975,351.7446738633546,166.3201753544864,18.984233449641714,58.31419507541006,-141.91450953594494,313.31980245596975,255.8312643090276,-213.56685346063574,1994.949996785508,287.3793936778407,292.0245444041749,0.24420233348988185,0.2377334062121741,0.23149996690266536,0.4934015702876454,24.049957933120826,23.889849900448056,112.26353912691161,108.27836966507157,18.874544404174912,14.229393677840733,-42.26441084839186,-4.497668030089756,-5.835995704790562
2010-05-01,4.375953837282974,4.375918110793038,-1.6662070354509684,-2.6992023114031394,48.22754047200764,4.651306720654582,65.33360557358131,343.14619209974364,110.3129795461405,12.493720291645158,47.52080888720477,-94.45270192301636,249.62158659910799,242.32452819273706,-153.41982372776914,1797.2572152567964,285.6364165297491,288.5678387644081,0.34887563778667424,0.39919437912589234,0.2293244486570573,0.6624390592096555,21.823353638478412,21.54529554068431,135.6545689557722,126.61800089100227,15.417838764408145,12.486416529749135,-88.90470446496792,-4.567289889122648,-5.94695415685063
2010-06-01,2.6555561450168192,2.655564603709721,-1.5237147774637212,-2.0096772921580213,44.10273057787199,-1.8534716970560807,71.82808517386181,326.9836096985963,108.89547051909643,11.864546145266992,55.17121792146953,-93.30274617721491,219.48935063531889,249.21041042198385,-144.94754287882932,2283.5737884143846,283.7457828568394,287.1337870737475,0.33585527915185137,0.26156159787943534,0.23486076266756253,0.5707283344151823,19.723920779308667,19.57947642536612,79.66668435050458,76.83925357956369,13.983787073747521,10.595782856839435,-104.26286754315453,-67.40861391639231,-4.1177306250705215
2010-07-01,4.991221117513175,4.991175738687144,-1.6680597499266823,-3.793353413889375,48.280629721291014,-1.7911020212656594,79.20834750166986,320.14766875331713,114.84963156964244,12.388243030195166,56.24049623683171,-98.40330131632803,232.91275268423647,250.07872126860443,-152.50195528727707,1696.0804692278632,282.17198787304477,286.10163300511414,0.20822780582036549,0.2642823233192413,0.27251649642668074,0.4604691009364868,18.963478462513674,18.698305634084964,154.72785464290843,144.42059429071594,12.95163300511416,9.021987873044793,-97.57676598132736,2.8899212086266175,-4.32672262052904
2010-08-01,1.4480112681407324,1.448008142247172,-2.115471734790296,-0.47786116474454565,61.23111522995627,8.18216658755469,110.14513831924617,318.5785691589581,159.19439338684285,17.503288189024786,63.76025789934576,-136.10832529395952,285.1682438610037,254.85788495013452,-201.56851673826029,2499.1833135937836,282.0535220542833,286.8637162077723,0.1951943831129598,0.22129267288877805,0.14381928890091086,0.4322315598496123,17.617481134289573,17.52233396758734,44.888349312362706,41.898383745577895,13.713716207772336,8.903522054283314,-53.28936821187423,-75.55688527335542,2.934785577102801
2010-09-01,4.853662920996396,4.8536939017353475,-2.808747307218929,-2.519232161769231,81.29774385715757,14.899316561959177,126.12686704196663,339.3137089053217,185.04757782706454,21.00685763551255,59.40986090240802,-158.06467712516374,357.2184109656516,245.59786143053495,-241.08184804779071,2229.5721813391683,285.4385668244046,289.83841598376114,0.3065705438416971,0.27644846887823593,0.21483163859602475,0.5190637386798259,22.27173655894097,22.009507820937113,145.6098876298919,140.4425318789163,16.68841598376116,12.288566824404597,-4.516013382744234,52.17101883537552,2.4577558036389746
2010-10-01,3.517401416833327,3.5174093598938545,-3.6679350314862478,-0.6436648389751062,106.16683271561693,28.66982107508179,171.1546524854629,336.31420773663143,243.8134134113629,27.948577431276462,68.39406984060615,-207.29738879813897,428.1320887690879,253.594218576119,-302.01693607197024,2315.9071483823554,285.17729785566036,290.9368634652258,0.24231177457799993,0.22129978389048224,0.1651177487455569,0.45172198538905733,20.05529547545262,19.858589517463948,109.03944392183314,101.77689120063236,17.78686346522585,12.027297855660379,48.42271749585123,39.966110814032575,4.066665166834085
2010-11-01,2.531693558696123,2.5317165358972744,-4.055383689749349,0.9053620740877125,117.38069070149638,43.441960359332754,211.60791794581021,347.4120663296683,287.2492450862997,33.228491089861386,75.30998817177536,-243.41521771766014,480.1159518824657,260.1878544078659,-349.46630740214283,2415.911663901522,286.4704638708223,293.86717500470417,0.2286095743195175,0.15946862621490335,0.17536077303328532,0.40104022819839613,22.09247803996142,21.948211554543576,75.9508067608837,73.25568680258317,20.71717500470419,13.320463870822323,89.2784529942769,37.870870610308046,7.282578485055652
2010-12-01,5.574735310087226,5.574697090833005,-4.41985615814587,-2.4643215789353423,127.93065233881859,36.871557054142315,206.97600066767748,376.7135384896585,282.6275366722263,33.36094165750564,65.1289391018284,-238.33171035343724,503.25642407267577,263.82383957836953,-353.97659204802045,1910.650354258095,290.09828455063075,296.9905747661443,0.23977878210027542,0.18037902736452488,0.20203925308548046,0.4132627279105578,30.766208130546364,30.55890057446402,172.816794612704,161.3048926745661,23.8405747661443,16.948284550630774,90.15275246965092,115.12643094675049,8.400561858647933
2011-01-01,4.517090040950466,4.517086639439754,-4.339701012410859,-0.7858200530783118,125.61029964826943,40.353914509459806,192.20475536669767,397.41542547086414,274.5033484646677,33.134337938274264,57.325246199809385,-230.91379950203077,494.2787341106619,252.55359746985727,-349.33445214179136,1865.916727746895,293.2141992997286,298.7168950490335,0.35695110424024185,0.16908311836453527,0.1989555232466181,0.5323313277017195,38.47756427344511,38.32239060640806,140.02979126946443,130.7027384097151,25.56689504903352,20.064199299728614,96.7808546719341,94.2489542888876,7.624339144492154
2011-02-01,6.58785728231401,6.587856274911251,-3.9334883611152858,-2.0594455163203524,113.85254860102386,24.55139424929914,146.68276035256767,392.13524510476145,223.132616112371,26.873837539988173,49.07853729981539,-187.67195589420282,455.0000962973742,252.7256255950192,-298.4739097151649,1194.0252133171252,292.9828586964764,297.15626488064686,0.317861324310198,0.3040457879081505,0.2618703308635074,0.5765319484113557,38.247300204031376,38.01949680232268,184.46000390479227,190.6208412879413,24.00626488064688,19.83285869647642,45.748284120145684,122.32710106299868,0.18947574406443835
2011-03-01,3.3860187054213657,3.3860331496331275,-3.379142214883771,-0.6549317228828189,97.8071489515396,25.606111221338686,154.28297483696244,373.08559146089584,214.74962690124403,25.16269005819721,59.072214123593454,-181.97143478437917,390.60789703750623,268.3664011014178,-273.9340815047476,1670.5759675885022,290.4900604604939,295.65751569563844,0.1756027761158741,0.23009440661573952,0.19639735313384174,0.4171220785206329,30.291683464822192,30.155541633022498,104.96657986806234,97.9754962278104,22.50751569563846,17.34006046049393,5.567680403329803,6.2500671916931765,-0.5140395120925803
2011-04-01,3.813139065414334,3.8131443577263133,-2.592644617292996,-1.8066474521510347,75.04259382873589,14.704050772210815,120.19368213023562,355.05146699001966,170.0094830303232,19.398999404356278,58.9963569823997,-145.16791589207264,313.9946888248007,256.8221795551208,-218.4280551472083,1666.7837127281716,288.6310211664971,292.9398282000653,0.24014083839276948,0.24271642284264308,0.15562217265664582,0.45119399998528675,25.4522441649507,25.276248164768546,114.39417196243002,110.3340381286549,19.7898282000653,15.4810211664971,-38.39412440791247,0.472405583280306,-3.5750856912737703
2011-05-01,2.042413703180459,2.042441450995556,-1.806481084901179,-0.25394714347382663,52.28757271722323,9.142976634465178,87.03506925112264,334.8159687874556,129.84161091345322,14.432872232713933,56.89018294473298,-111.20938383858957,250.08418991213858,255.0520512258701,-169.2184441554089,1761.8729787271886,285.4655180549404,288.89911474026275,0.23077136102014306,0.30798705319213926,0.1718405293052485,0.5165726998824678,20.262282341595128,20.13147027066563,63.31482479859423,59.09842161445476,15.749114740262769,12.315518054940412,-85.8336070704612,-71.91140971539784,-7.111348457831809
2011-06-01,4.100037255964822,4.100057333413784,-1.4245644171611627,-3.3127506644494917,41.23330365249734,3.353432525814828,68.8433518353429,323.2128338112277,106.10656829324368,11.518107539088602,54.02697335928958,-90.8716421449136,219.61892884504942,242.26761299359964,-141.98898279576778,1962.2229231202011,282.98498198519667,286.26960390027665,0.3139749165759842,0.3266603646968873,0.23055651284869474,0.5597309180116623,19.01240482724552,18.807363097088864,123.00111767894467,118.63591821220442,13.119603900276672,9.834981985196691,-100.27863019783186,-15.133948245436613,-7.742067392688156
2011-07-01,4.404459041406961,4.404476033683502,-1.5146773638428648,-3.645956624529693,43.84179772843385,2.27201418863244,75.83441341878513,320.3570893985871,114.90392740274787,12.476855677504037,54.73628831861864,-98.36108292570957,232.7035315452545,241.99276052967653,-152.88755992339242,2557.1862055438296,282.1696024378907,285.94368081732614,0.3474128738641557,0.27620418250453654,0.21121166426506868,0.5607624257109296,19.035727560288418,18.838020173966534,136.53823028361577,127.44432967834209,12.793680817326162,9.01960243789074,-89.10520060628411,-3.0136513464005077,-2.4890173099753667
2011-08-01,4.053204961206806,4.053245542415829,-2.0933231390874654,-2.1054623283208573,60.589940025984184,7.6558481454892995,95.20273842310009,327.9982030619866,143.43869080724892,15.889249740993563,54.88985558411575,-122.58084268003472,284.72437389623593,248.91081034698365,-188.92915986744876,1702.3544272056,282.89055313074954,287.2381111686344,0.24902719688433048,0.31081811564980527,0.21676068887293287,0.5198391179726922,19.540397369625275,19.342360863910127,125.64935379741098,117.2814103708284,14.088111168634441,9.74055313074956,-59.98165047953489,-2.7353790591361644,-0.554801075554515
2011-09-01,3.1892242687815746,3.189235037135682,-2.926288470123081,-1.6730242895835319,84.70004771029697,17.916996406649957,155.7825346914751,324.2942269205341,211.71576817919595,23.494028555184062,72.70121830561295,-180.81510917926957,356.71482652271396,254.5839463198791,-259.7416078484638,2971.1766005962877,283.8332841351941,290.0032332885861,0.2548903058735067,0.1720748093004989,0.12248375762439172,0.3932604016809719,17.842473749014008,17.692820111340207,95.67672806344724,92.2811063986019,16.853233288586125,10.683284135194128,5.157661528584697,7.241873460179946,5.496846756709687
2011-10-01,5.478580198987123,5.478573308297852,-3.7380085129701897,-2.1089600473715104,108.19444599372734,23.99292401712427,159.9523739580835,351.14730830764603,231.03538414084818,26.799155027845046,61.19609217545855,-196.7261177804216,427.7350909254913,251.03151351799178,-294.12560142176403,1688.338818544124,287.28901044475464,292.26932938144006,0.2514493005409237,0.26892752506055057,0.1946584599337905,0.47392727142460406,23.89340942406499,23.639716631069913,169.8359861686008,158.523533226211,19.11932938144008,14.13901044475466,43.09408790377225,90.08051954214446,3.3426555941114344
2011-11-01,3.633137107355901,3.6331712966289724,-4.546443588753378,-0.1814110192968854,131.5941828598437,31.27611434278936,211.85913853514265,357.27426055404226,285.0785211907779,33.12567120055205,70.20952425110106,-241.5337168164384,479.9330718434394,255.79838931340515,-348.4432481608271,2822.7322017738966,288.5145769555267,295.02726346500026,0.30639004141129866,0.14531633444470382,0.15888518795345874,0.4300804986996175,24.637616398270097,24.45049830118061,108.99411322067704,105.1264842774587,21.877263465000283,15.36457695552673,92.64485884742197,57.72326490233269,8.453895362704287
2011-12-01,2.4285030963626193,2.4285140890255916,-4.272897100740457,1.6131330297051778,123.67694065376692,49.07278214928832,222.8800141080501,364.94541141532073,299.0022738121435,35.1253808589481,73.5067250653362,-252.2725208161459,503.32820230348966,263.69185840088517,-365.4872869753271,2397.4054963623144,288.3593645056001,296.13816567894855,0.23195826573449366,0.16325827109678825,0.1836092194846206,0.42429733635006656,26.916158370785446,26.797970341567673,75.2835959872412,70.26950489078679,22.988165678948576,15.20936450560015,101.79542857444193,42.37191986370731,6.016072947754495
2012-01-01,2.4665291193806773,2.4664955701752915,-4.10695678814732,1.1683647895396518,118.87380938590493,52.0643914159411,230.78622531011595,377.75300094410983,301.67933578368974,35.53619246490884,74.87443198123067,-253.705145803329,494.58415862720386,271.68568554217416,-365.11514151176647,2277.4539459118128,290.0542948859404,298.27833979799055,0.2204906871438339,0.13945212676550178,0.15496141198844868,0.3739331058858681,28.92245801035872,28.801072459606846,76.462402700801,71.36850608146099,25.128339797990577,16.90429488594043,93.42945596959231,38.03163964489606,7.892513020252309
2012-02-01,4.6792050077175436,4.679197465903389,-4.0711204324795345,-1.032180168154514,117.83611050201122,35.115333651014275,188.97000510012086,393.80999413879533,257.80820075849147,30.654211081460552,60.05484386215787,-217.4755547987935,454.55820734948554,253.09335790747414,-324.5334281514094,2374.448642833441,292.342204317313,298.7017229143916,0.3934162296313398,0.12738214904528303,0.21014794022755864,0.5213291986414011,37.57061100918379,37.378451353531766,135.69694522380877,135.3934451939638,25.551722914391632,19.192204317313042,71.44007024393525,84.5281381522777,4.469266783610124
2012-03-01,2.3755605150452817,2.375565063332445,-3.6220061705352165,2.094654032720129,104.8369839856372,29.568027776463953,182.981154761148,363.84927281261923,238.72627682928987,27.47428222082887,70.19834474081145,-202.598454551192,388.82999901145087,270.1933600789487,-290.4500997584929,2183.186703940373,289.4962874640264,295.6981932493039,0.20871440393687815,0.12924010739270247,0.1266677492329771,0.3427193951916526,26.45633968156546,26.341118277442522,73.64237596640373,68.73741502698047,22.54819324930395,16.34628746402643,20.25673967954424,-13.837927327391881,-2.004901951720612
2012-04-01,4.3570177432430155,4.356988758656819,-2.4635429128362034,-2.6821461316427433,71.3061635199711,16.435695277021214,112.66668794389093,353.2505012924981,163.8023427564212,18.77556271885715,58.02633974046815,-139.82427537389933,312.2184189545293,251.7928153701179,-212.709391629697,1933.1288811683885,287.6037346222114,292.018364793584,0.26644785806436144,0.22279573730437477,0.2081198141041685,0.4821269318962108,25.9191631806792,25.700845842109914,130.71053229729046,126.07027658150515,18.86836479358402,14.453734622211414,-39.0834237404209,21.6246124846743,-5.943923163561138
2012-05-01,1.8962313261582295,1.8962240335396097,-1.7561621608751958,-0.3663286285659807,50.831182507257125,8.458700814536382,99.43811014491658,338.071527179757,139.63681394853182,15.43294093352591,61.66608033608451,-119.72494452013954,248.9066181709832,257.49438598513416,-177.52879392501399,2349.889746917259,286.387568035854,290.4513415215778,0.2661870533179744,0.23330312208691473,0.12561370943283784,0.457772132582948,21.131241708796637,21.028673789312585,58.783171110905116,54.86759356306741,17.301341521577797,13.237568035853997,-79.96559206012017,-74.69816186657144,-1.2310191377384712
2012-06-01,3.105359457938043,3.105333552570258,-1.365689255331507,-2.6096587075679203,39.528696360887594,4.712874007819502,74.02275243417755,325.4915263603676,110.98824846733623,12.081792700824527,56.25161171104981,-95.12402462821306,219.4549057907302,251.40606833464938,-147.33499650941113,1887.9013023942814,283.4368391656024,286.9956294028404,0.2130987824908183,0.29415218840369406,0.17143183646648297,0.4811704038188825,19.478849998805213,19.331457069067298,93.16078373814129,89.8534014053894,13.845629402840416,10.28683916560243,-104.07107182523825,-48.377209329192596,-5.369157451543842
2012-07-01,2.952694048790251,2.9526961752633754,-1.4955190232441964,-1.8292257045504174,43.28717072659839,7.5996371796913165,88.8959561632534,306.2327439164855,125.86069020136931,13.395228379657844,63.892807045133196,-107.73122121012304,233.609485356412,247.66194226559227,-160.70306871940255,2863.9928045609336,280.3035349774571,284.84801169689206,0.2753602120480544,0.21517622364560812,0.2202106259308038,0.48221596536338046,16.15930400730809,15.998711235773799,91.53351551249779,85.43681062683378,11.698011696892081,7.153534977457127,-86.95887354618972,-37.760839904654475,-7.048393741299861
2012-08-01,2.9621473690540157,2.9621382188447285,-2.15479526408919,-0.7374393725069067,62.36961086560068,3.6359564331973404,97.26429386990742,344.49313774450786,147.5464514122471,16.53387886849318,55.929077555683115,-126.21809318537731,286.40977809644335,246.3594424169363,-194.01599346607802,2745.8920329254825,285.6850069015164,290.57872389531985,0.402547335740853,0.23610812445237786,0.21685126470608282,0.5921356795393847,22.5654054440389,22.382454768180725,91.82656844067449,85.71001790638682,17.428723895319877,12.535006901516397,-52.34344895085829,-33.286490240968334,4.283448330896192
2012-09-01,3.133895433995802,3.133832893652331,-2.9420424611006477,-1.1432893061748097,85.15562489154917,19.87203238572132,141.30981692932298,340.02400680601954,202.74176033949325,22.926356616737184,65.38774640915848,-173.2776978455477,358.6518014713625,248.46145136965544,-255.3727082196158,3287.235381298454,285.1419249366846,291.0952386625668,0.35513521609870263,0.18827428334995996,0.16469028691934987,0.5269639783492319,22.031158742106424,21.873597005012822,94.01686301987405,90.67803511725495,17.94523866256685,11.991924936684597,6.911256849960353,9.571372916547404,2.8622941591187328
2012-10-01,7.447647874180211,7.4476387927625,-3.4619801367090726,-5.15367585743732,100.20490736415437,17.239145696326315,129.35698295938852,370.0488935118476,205.73430836474785,24.43060189252263,50.78994106100082,-175.2050585260107,429.40310239381427,237.79384973173492,-276.61916358757327,2047.2290843848557,289.16101033414617,293.60244047390074,0.3904297298240034,0.3024957943795724,0.22096327109910105,0.6217602369449273,29.849715906268806,29.496725226564543,230.87708409958654,215.49880766095197,20.452440473900765,16.011010334146192,38.825313855838345,147.14814974810673,6.971064404529201
2012-11-01,2.144432152866252,2.144410830637611,-4.4770716513025075,1.2708564512046316,129.5863660094154,35.34297859638744,207.83306075028796,367.7946311601585,281.7471283825762,33.069957483063405,67.18548432475251,-238.96360611018588,480.9822742876631,262.61855297742665,-348.9946295275932,2368.198816092824,289.41876755602726,296.02895299718614,0.2503243010782222,0.17575766630714332,0.1828983727410071,0.43998306034783036,27.231855921421666,27.098874189268404,64.33296458598757,62.048924497616056,22.87895299718616,16.268767556027285,86.37607655016654,11.98985785873667,6.848777179630531
2012-12-01,6.843658363877796,6.843615214451679,-4.895788665462464,-2.8857197451869636,141.70560683699935,26.95482054191898,194.13401866132287,392.42579211954063,273.64099985492413,32.80460078214298,55.25187200359135,-231.01969501169805,503.61413274753016,250.1905418893448,-350.5753575753782,2317.781610552541,292.39617743634096,297.8077381690448,0.4090103402201292,0.1948007923116236,0.18803039568974678,0.5383133273803077,36.67455618055795,36.39406348211164,212.15340928021166,198.02127356631016,24.65773816904482,19.246177436340986,100.38481568603339,149.59308678615582,7.107395629188346
2013-01-01,2.902459016071611,2.9024216090008625,-4.846294153209082,1.8479354057385584,140.2729379527075,37.137481092849335,224.4798039689492,374.8491256219372,299.32892644403057,35.208560440890814,68.8319229150685,-251.6190465184942,494.05447635216086,263.6678262658655,-363.31097595443583,2569.74197361721,290.80724256166457,297.08927300830754,0.2938916171949232,0.15687978214018256,0.12756773400855256,0.4343402756275397,29.06105402663477,28.919387594155076,89.97622949821994,83.9821067419231,23.939273008307566,17.65724256166459,99.64314968857036,37.9756139199171,5.376704557868862
2013-02-01,5.578522671171769,5.578542260126796,-4.073213559741857,-1.3992188137461756,117.89662285015153,30.265014532791703,170.44780836652407,384.4255263184631,244.71739737945646,29.12551856961362,57.545073327152295,-206.13973495780644,454.2594580426712,256.3236720878064,-313.54555096007493,1805.3901729545448,291.6437382919678,296.8536725444729,0.3053266980866326,0.2293401688937612,0.1924800254894568,0.49222033395474096,33.819349441120146,33.629614643052044,156.19863479280954,161.41615336015036,23.70367254447291,18.493738291967816,57.22187887226852,100.30838513455643,0.4330242477109181
2013-03-01,4.801969298501159,4.80198465059333,-3.4377513081711237,-2.3975137437251086,99.50419181492116,16.78623484970707,133.88272461223576,365.6168959063406,201.39040705446158,23.631217303420232,55.765572349669874,-170.482796792866,389.5136593099671,253.98035897486128,-262.03433989903516,1798.225978081761,289.3543052976008,293.8019832152081,0.27886205207637577,0.2720104753338763,0.2174953822527775,0.5141736967351378,28.574645340907786,28.375733444082343,148.86104825353593,138.9463151213348,20.651983215208134,16.204305297600797,8.053980924173885,49.06930645201963,-1.5732022214320978
2013-04-01,4.193527656683917,4.193555661923707,-2.7239943992752553,-2.2829852943471236,78.844417618572,13.10365702497683,136.11722528170623,344.2320558974003,181.88446425525754,20.41285605713322,66.12852885351919,-155.39853857483874,312.87683719281034,263.07444372990244,-226.03134279954136,1768.862355763338,287.8809533504122,292.3724531400494,0.21288737266234867,0.1889004203758656,0.11414071040174666,0.35813268480028776,22.79686830744187,22.61452172583946,125.80582970051749,121.3413096621443,19.222453140049424,14.730953350412221,-37.04310093036108,8.131856035440492,-2.678064922229268
2013-05-01,3.953997692250296,3.9540295965609897,-1.7911052383870398,-1.9718795740419728,51.842672849747075,5.200731539811791,78.39213209326567,339.7862069762805,119.93109042237177,13.400052462950773,52.897082097904004,-102.75579233146547,249.35304909014587,247.86442818549952,-160.81417447266804,1912.5250871977437,285.4548611319324,288.933165865573,0.29753029209016757,0.34619820401852924,0.2105209823557836,0.5798395955194677,21.917348663907582,21.716611505467075,122.57392845975917,114.41057860419531,15.78316586557304,12.304861131932398,-87.05025371283148,-17.297653802385838,-7.1846941559973985
2013-06-01,3.4322724051536846,3.4322957690513425,-1.3050950131657977,-2.130717857654209,37.77540089972856,5.015022144279551,66.8994853622827,329.6956394856384,104.34169938921343,11.416993389821947,51.921982565333,-89.35194481752382,219.5653773316851,247.33189730972447,-141.76433395764582,1841.259932940485,284.0974923661956,287.0178699827816,0.27922509772419185,0.3609674152054867,0.20364987631266815,0.5553371632192936,19.475449547571333,19.28193459590981,102.96817215461054,99.3141136878282,13.867869982781599,10.947492366195604,-105.56756335207865,-38.66838977216172,-5.360460791817296
2013-07-01,2.1637529295206406,2.163762429626842,-1.581265751254724,-0.9461548504239999,45.76948270816648,4.439719814148954,86.4847196136815,317.1996216941489,124.52756573544669,13.441166080964615,60.28821131621355,-106.66314570597399,233.3843211703998,252.992735624349,-161.2861736529649,2494.082488440633,282.5460577890606,286.53388553283355,0.24856216394310005,0.24930176820676697,0.1782257322837801,0.4709350278088564,18.38867752216721,18.265977545824956,67.07634081513986,62.608866597998905,13.383885532833574,9.396057789060649,-91.7065619713841,-71.03290994899669,-3.834268132554989
2013-08-01,3.0985536977818025,3.098565939855358,-1.9786885330317092,-1.7329997917737552,57.2720073521949,11.824369280742747,109.0552354341627,312.4318466923508,154.1985820418222,16.774692780958098,64.07771568880138,-131.70572938273497,285.9498950757341,247.37504014746742,-195.53432110135614,2509.0521288434525,280.6022699380398,286.1443570791016,0.25615390132503274,0.21855241165185002,0.24829164783988603,0.45873411152334514,16.59268069974569,16.398194849469842,96.05516463123588,89.65757927822217,12.994357079101633,7.452269938039819,-51.840719046111275,-17.986784181079955,-1.4683629390040451
2013-09-01,4.303766219692658,4.303754116963444,-2.594944108188568,-2.2872546112539824,75.10909207257235,19.494421474031068,124.88844596612473,338.28690520841,185.0977999904172,21.018130635220043,60.27880419958599,-158.0542055001539,358.1319400623977,246.75500073802849,-241.22705483940484,2367.001512677897,284.3657720385802,289.89601631584054,0.3059131370090186,0.2754620952915238,0.22227114149278632,0.5328410336002467,20.957221494453524,20.737834861968754,129.11298659077974,124.52992236584038,16.746016315840563,11.215772038580212,-5.527945898623642,40.7209966406799,3.1718877539644836
2013-10-01,3.944978291960697,3.9449296299994803,-3.521936849471613,-1.9026825142333463,101.94050561776848,28.978628410012703,165.9978720121905,348.4528338926132,238.8840945807181,27.63019309044775,65.11366245580749,-203.27195679417557,428.9889264481306,246.33284982390828,-300.3940830096791,2406.8523887880515,287.0036668934884,292.67569382637527,0.33302415980835,0.21711275109894443,0.17282880552457958,0.5148765593641897,23.679968191936762,23.48733233587158,122.2943270507816,114.14726938655903,19.52569382637529,13.853666893488423,54.06123318577082,59.02883664397447,7.239160310586897
2013-11-01,6.028771105479203,6.0287798619740025,-4.549416391447497,-1.8841625273445959,131.68021702796528,24.779117118092255,191.59634882004724,364.5197991028712,265.1268173471264,31.026432227472213,62.725328808993744,-224.82086677553716,480.7816361194117,255.52485810011623,-334.5315351259481,1854.1907804351852,289.67898937744593,295.2096380633112,0.2822945564730535,0.22324730853321642,0.1920590310559933,0.45433935935177283,27.691621042144618,27.418964127878212,180.86313316437608,174.44386174693295,22.05963806331124,16.528989377445953,79.00667702583186,116.13411792431366,5.636203820485889
2013-12-01,2.74977576957241,2.7498008583458295,-4.702103743645276,0.7558022349844453,136.0997411395317,43.397541624716524,235.82343713204364,383.75156533142217,308.68766256483065,36.388339729807456,69.75184326034558,-260.6424323766713,503.66564312153537,269.32298997452745,-376.3686370321228,2484.683938284728,291.6070181951962,298.6453828910984,0.2535545928357377,0.13413619626707174,0.12826718016181857,0.3962061789440823,31.106671825715324,30.983693423369616,85.24304885674471,79.56599705861775,25.495382891098416,18.457018195196213,107.04564705759537,39.11859662460394,11.393306352077502
2014-01-01,5.809821638103962,5.809793486802014,-4.571511614309198,-1.4455446479708718,132.32015243925542,34.01068065032612,194.07018713472544,397.632553835043,270.27246632194976,32.465350947387535,56.323610861113224,-227.41279393693662,494.23265180638856,256.4768392665487,-344.79460920773425,1864.3255816471117,293.0959178128731,298.8405310020637,0.3583664439994348,0.18953571963202126,0.21074126777937108,0.5028811332782323,37.70347001932333,37.47485901437936,180.10447078122283,168.10745042829902,25.69053100206372,19.94591781287312,88.31776994118553,119.34671794398727,4.7583499862418535
2014-02-01,5.759265156806975,5.759257622326093,-4.414679097222356,-0.7183269242630033,127.7801430108468,23.21054330467463,168.9513802894082,394.6653030024129,242.41824672237365,29.131136260840066,52.973756367873136,-204.35015396075858,454.67784298982536,254.48462369415432,-313.1325880406449,2102.163514553425,292.621575187683,297.9412713297545,0.3379263693056483,0.21163966884464427,0.22655862308782002,0.5362800793655216,37.09804655204079,36.859766711642315,161.25942439059529,166.64518583119482,24.791271329754522,19.471575187683015,58.647964346490596,97.12729588947461,0.3857112773640239
2014-03-01,5.624482085214537,5.624472687446668,-3.569095316878771,-3.019747515061246,103.30500366950585,17.12942602520926,141.97685457227016,368.01684024784555,206.82750428687507,24.228136262089034,56.05140766488239,-175.16554968069525,390.0887507481956,252.1286900493993,-266.81659473111125,1762.694279088928,290.1381228339971,294.4932056204497,0.31572313023459425,0.24912736026881918,0.2066203203228655,0.5135198449735502,29.44059401081143,29.20234033682288,174.35894464165065,162.74515878028555,21.343205620449737,16.988122833997124,14.687904681711956,75.4483474713939,-1.3202876789022469
2014-04-01,4.888099730033379,4.888092451573842,-2.6806042426697463,-2.8715265729846076,77.58898972002739,9.77509884510826,107.56654709535182,357.71929079372813,160.49480513061283,18.44493305230222,54.5850493604033,-137.0204352300113,313.45015583199694,250.72537975369727,-210.74947151694863,1666.2980454596707,288.89841932941687,292.5782030497621,0.2991117480381368,0.2714638982736855,0.1742957046966415,0.517059763610708,26.89739388220541,26.67877110481609,146.64299190100138,141.43786028859495,19.428203049762146,15.74841932941689,-39.97590823674864,28.801665027346587,-4.928702695527662
2014-05-01,4.258308908490412,4.258255331254732,-1.7160725266320704,-2.898192698153415,49.67067672138145,6.634775606712466,69.58305676189141,344.84002669583566,114.8678521135613,13.037987768261146,48.573351516520205,-98.38023133433875,249.73242991425417,241.6802135603527,-158.0006017096745,1575.058698539533,286.3287830450309,288.9993769313161,0.34907300820895765,0.3389986332602639,0.22375791177486853,0.6153429270734362,23.039775291628608,22.81941190237514,132.00757616320277,123.21340657565776,15.849376931316101,13.178783045030912,-83.67961185067821,-3.6383094861265164,-6.498572510275373
2014-06-01,6.302247436128841,6.302253842278749,-1.4064009114086224,-5.02832539646942,40.70723107715935,-1.1712541468616364,61.26138305578627,333.3880714562405,97.1133486909362,10.637511362391212,48.787104674357444,-83.15292809334025,219.6216097487907,245.03865263229696,-135.45335883208068,1460.9674775398973,284.3060655286439,287.1539170192482,0.24817578691096556,0.4015424752100465,0.2577599510175284,0.5824591772313334,20.642498381667316,20.368683287953548,189.06742308386524,182.35688201038047,14.003917019248206,11.156065528643921,-109.58529380021628,37.234510644319755,-5.170153511314908
2014-07-01,4.2129898817575855,4.212983715349535,-1.626044656975273,-3.6112368440925535,47.06468719633762,-0.7364732356552889,76.71462431134233,328.3755925418071,115.45375493870132,12.614887764844784,54.58278826917686,-98.92583299529855,233.09590489428373,244.52482950328317,-153.9510422381443,1813.674261406155,284.1325728452954,287.4673244349346,0.2632629672363374,0.2753269547170752,0.239424345016878,0.5146863079964664,20.222327037583977,20.02029171807359,130.60268633448516,121.90346398580829,14.31732443493462,10.982572845295408,-90.57378726513886,-13.74984124110756,-1.9851692345606438
2014-08-01,1.9044459144455879,1.9043777432283235,-2.3596718200944924,0.4371514584689548,68.2993386131397,8.565176270581848,127.3302114782958,322.228268325762,171.96151060869062,18.679069240704163,69.49500854850395,-147.01856571314048,285.4122763164626,261.8954862291732,-211.60356474756003,2649.24787099406,284.02360735298845,289.2030168166454,0.17300819128294442,0.13422925852118744,0.12832660724995898,0.33124179490733013,18.160081859499652,18.072049296945615,59.03782334781322,55.103522662856584,16.053016816645425,10.873607352988472,-50.291921481613144,-64.14677971281125,0.6590422809149885
2014-09-01,7.42267917580037,7.422676478105142,-2.8208667896972655,-6.058326868214093,81.64845970461356,10.318650837275367,112.84333295465677,352.6226881464113,174.40662005788008,20.049285863901666,52.8618339475663,-148.86892043971434,357.5121799422797,239.59244213874254,-234.12492420059357,2322.3740086675894,287.1638752207078,291.1857577313195,0.41026766680520516,0.3003723232446102,0.22111101110961512,0.6091641926025381,25.987341641503573,25.666463223929238,222.6803752740111,214.77651846369045,18.035757731319507,14.013875220707803,-5.467517938148973,123.62056487066882,4.039975950259105
2014-10-01,4.244071653666977,4.244083496510229,-4.045389602107311,-0.897975080275186,117.09158539892597,19.747116453360917,167.74812745480708,365.8741737424325,240.96723393232264,28.186531341737073,60.74240647848203,-205.3937249090033,428.4538039550797,245.79893778231067,-304.4334940492849,3297.9202267796304,289.37207413825286,294.7817398680343,0.45118511196430217,0.19716901929960484,0.15698060376002893,0.5958706231289161,27.732406155270652,27.51689773563208,131.5662212636763,122.80334191291173,21.631739868034344,16.22207413825288,58.634556266974215,56.53369620272558,7.8126165782343975
2014-11-01,4.73436288289473,4.7343614320264145,-4.563402535314948,-1.4030209002565983,132.08522089325388,26.799953463279323,192.36389414879122,364.0575367150549,267.8838835033518,31.271231205639353,64.07756236847705,-226.95410525410898,480.44546812554245,250.69536149941788,-336.8964835388478,2072.925884853074,289.39842815443086,295.11495942269386,0.3466911407221221,0.2288924697242544,0.1748745010271415,0.4896958262009609,27.17708197072817,26.95956001103792,142.0308864868419,136.9896247692828,21.96495942269388,16.248428154430883,86.20112203942992,87.11415738636013,3.9913685290987075
2014-12-01,6.4338044349470165,6.433825799454669,-4.601357320204367,-2.3940065299488427,133.18355864187822,26.284891012883115,177.8512144617716,382.5241808830018,261.3950944563274,31.207525121671214,55.60513710312184,-220.4113524031487,503.57615103919073,246.66826993265002,-338.9485789317399,1832.6904661519,291.38072990934825,296.4131160563949,0.3903436829975926,0.25753909707415334,0.21808866423607848,0.5670567520652363,33.94342727049811,33.67131431630941,199.44793748335752,186.16394095644299,23.26311605639495,18.23072990934827,92.2803089990899,139.92292566838915,5.337765645265506
2015-01-01,6.407563277115428,6.407575489609888,-4.9389738694131005,-1.8360042318217653,142.95580496859043,22.96956991030076,180.9727451297495,393.5548306908638,263.83684078695467,31.730197371047396,51.95127021751977,-221.77638528828263,494.4671576766631,239.95464870454052,-339.553725998608,2065.863073386487,293.214248261704,297.58063208469537,0.5138012403397052,0.2114218892832267,0.17612159216263903,0.6312434009520014,37.92498142463144,37.68432053275654,198.63446159057827,185.40438337991574,24.43063208469539,20.064248261703995,99.59907729406748,138.14791551352113,3.899740191871672
2015-02-01,4.018794670180858,4.01878995588419,-4.3323893493984516,-0.02331365632591427,125.3986269538761,26.362232433827035,171.24233746771606,388.2870502909,248.9397740220694,29.83711780608024,54.98546870614709,-209.64135743175638,455.14803463896595,257.8979653877104,-318.36483265940166,1733.2321371944588,292.7950467033414,297.297431487301,0.29878013759567273,0.2104287471621336,0.18448155501732938,0.4942594489694044,34.999798920425626,34.83923899746081,112.52625076506402,116.28443159387125,24.14743148730105,19.64504670334145,60.46686727169123,48.45764257378022,2.895029337906138
2015-03-01,2.826875925976775,2.826826577066569,-3.534679585169642,0.774977562755759,102.30924725349902,25.386881136435303,155.83596803572834,376.28155638923647,219.59436465101314,25.709977269479527,59.185748011494276,-186.1576119462888,390.7098108381102,264.3451310246981,-278.8837270950248,1769.5535523187307,291.2994240153045,296.0855320373937,0.25345247690309797,0.20368700748734941,0.16399366211893138,0.4413614722282642,30.793227890602395,30.6649187091889,87.63315370528002,81.79475049382432,22.935532037393727,18.149424015304533,14.538596070326719,-5.251636234208178,-0.724264455139803
2015-04-01,2.4378233252630643,2.4378207171621824,-2.5505812022190604,-0.31439041977999144,73.82505793411714,18.56134751128793,132.6185181411951,352.5561904585455,181.68101462205627,20.606325792459415,65.18927223966736,-155.15583502297056,314.06060744706093,264.62102282622664,-227.35584002565474,2438.6696522741045,288.36989712515026,293.4213174418897,0.23441222837224143,0.18884641814322056,0.14979037805510564,0.41248748372237976,24.36848628186809,24.239849115225766,73.13469975789192,70.53879389936871,20.27131744188972,15.219897125150283,-37.26518280057189,-38.13160417321845,-2.419842662101871
2015-05-01,4.255138469432432,4.255175383421158,-1.7670507137634557,-2.234397508270684,51.14637648675123,6.589544540156675,77.9087875321901,347.61922364378364,121.38638392355668,13.687887716229769,51.793785290707454,-103.99754715730003,250.14272527185727,246.53272129719232,-163.5686403462365,1813.4519235713199,286.9254888399218,290.24829096052196,0.3267665075646552,0.29154353837550695,0.22377076135834462,0.5625148065882936,24.694316293901267,24.461253043466257,131.9092925524054,123.12428771473259,17.09829096052198,13.77548883992182,-82.96408095095583,-5.4540105626591355,-5.532159160315324
2015-06-01,3.812181562515521,3.8122111496055235,-1.5037349622147307,-2.795139092772103,43.52458500028836,0.12896863326762342,74.36049630235551,331.8230760745824,109.84004714671418,11.955830274967074,55.55225339895641,-94.15398692926681,219.70514473969106,253.38429216372978,-146.12259212185083,2286.6028381670276,284.5174455591189,288.2974539381025,0.2598052870550281,0.24100408148166597,0.2327568812861827,0.5060765302278154,21.351714389353972,21.17841696051644,114.36544687546564,110.30703557886352,15.147453938102501,11.367445559118948,-107.26170004187895,-35.42742936005823,-5.051820103245589
2015-07-01,4.859898602798081,4.859857748604451,-1.3853393739213662,-3.864256881948558,40.098190650771706,3.3347384154014663,64.41789292697702,334.95027411003605,105.9113121091437,11.721510337004885,48.98364857278474,-90.66161024361952,232.83760798326972,239.86016001419566,-146.3568213539823,1666.6636838965555,284.3338599990328,287.32400881372934,0.37562179472258844,0.38296255824672837,0.225211324331206,0.6351411755393079,19.94253505997437,19.704619129126545,150.65685668674053,140.62088392952694,14.174008813729358,11.183859999032848,-93.50333866021336,8.774322013880266,-1.7549673953383902
2015-08-01,4.457583293618384,4.457638630364874,-2.342432541292528,-2.8820526637841577,67.8005333576735,-1.2874405225621102,95.62204077047188,349.45429484109206,144.78913843671606,16.2790446744219,55.16486579513749,-123.93906439447305,284.909023552412,242.4079554109177,-192.01622516564197,2813.63218156599,286.68687301968146,291.58687779429135,0.4264615410656128,0.22563234279639985,0.2171038909416237,0.5886781970409511,24.178790019718896,23.963031460517637,138.18508210216993,128.9825992582429,18.436877794291377,13.53687301968148,-50.39173024527574,8.529229891069505,2.261105764224169
2015-09-01,4.735872090429517,4.735892229244555,-2.8275627257269695,-2.4175173130084917,81.84220436923773,19.420859528058106,132.1505528710594,339.3417529439349,189.54904820844223,21.470584277139707,60.293422161238155,-161.93540820688838,356.93369601447745,252.29040775881606,-245.3125516892112,1971.3468277898398,284.8717970114678,290.22253612656766,0.22579267303361097,0.2587125121720954,0.1993376040618314,0.46674029302647724,23.08490384861375,22.890377167155375,142.0761627128855,137.03391867027068,17.072536126567684,11.7217970114678,-6.977856069604854,47.8349360830737,0.3789221483543912
2015-10-01,6.760673433217465,6.760631817908773,-3.3510274035525267,-4.33892702585717,96.99348635212138,20.319450816294104,117.14333118187123,365.53927505848895,196.53660700691273,23.43444960008684,46.25138756079063,-167.0942768743718,427.9676009319416,234.0643969669561,-270.2899979821209,1867.5772787016656,287.7110315715701,291.98525160275494,0.425797330076905,0.37747847197456136,0.2761881110478698,0.6820436460471497,29.659413632439517,29.32953224979202,209.5808764297414,195.6201336200455,18.835251602754965,14.56103157157014,36.225601015164784,131.32229613792322,3.529952145165666
2015-11-01,7.37796198970423,7.377901868869322,-3.9927738206966525,-4.749567516791114,115.56841198935506,21.110643992131937,137.35285047417295,371.7112660749128,225.593918519426,26.957634852349795,50.39199485431431,-190.71632667557859,480.16321952132324,235.12459359465586,-305.18982091027044,1900.9816613014327,289.4685243539964,293.94257540402384,0.45158321640897997,0.33661360861537565,0.2514550220809078,0.6658322701645638,30.951916413750794,30.61270272760742,221.33885969112688,213.4809568538577,20.792575404023864,16.318524353996395,70.06522731561458,164.33249634033993,3.645275839777284
2015-12-01,8.727060254250429,8.727033688525259,-4.286804435590699,-5.668755887881359,124.07909414099123,20.7152946688779,146.78592825817532,389.5934305400494,238.2395567588537,28.748940325659067,48.66310597438701,-200.5979128888635,503.5433446829066,229.7387962384462,-322.1749533560517,1750.0175873576102,292.2841927180473,296.62267080166424,0.5604255652103594,0.3030328189010273,0.21508570274077066,0.6855816856382594,36.97581250316215,36.59948694724857,270.5388678817633,252.51833589482808,23.472670801664265,19.134192718047302,92.43615711760546,213.73498076683495,7.140418104607363
2016-01-01,3.1493369539291427,3.1493652178970195,-4.763989955951469,1.6357851149482447,137.89148504882067,30.67890827673344,198.47965559145013,391.0758828783608,278.0183584556507,33.17778047902479,59.79387231495067,-233.6668068913622,494.5074686236336,258.35340252002527,-350.4508298997388,2090.7444576081657,292.78778956149364,298.65975332470236,0.38273114679190934,0.20413010434068082,0.15336959167264755,0.5078385152662919,34.921836501615374,34.76117957130476,97.62944557180343,91.12746579563135,25.509753324702388,19.637789561493662,92.09742737971351,40.030866875666774,5.302541250857416
2016-02-01,5.2619067246751525,5.261916968462691,-4.298117015233735,-1.20343211426884,124.40653271425118,22.772359075488097,161.4140437263761,398.3824403265075,240.38340381145747,28.943811566245564,51.68263508044589,-202.42439922023905,454.4611767724112,244.96946866290293,-311.9632934839593,2201.8721138170326,293.944211510337,298.45949170656445,0.475447860683605,0.20080268553705166,0.16907649472405759,0.5960570067309398,38.919408391112604,38.680837971654704,152.5952950155794,152.2545419115362,25.309491706564472,20.79421151033705,66.99382482105639,91.27896166828752,3.5628723500538797
2016-03-01,5.199896452414979,5.199863835564829,-3.4015966057636002,-2.053883576287468,98.45743421448286,16.488289363916543,126.00402114629233,372.6258307874227,193.16057652630994,22.777711381523382,51.88758804845558,-163.5663482811942,388.7214984334729,253.71616202082663,-255.6919672010169,1705.2854257220924,290.41021542043643,294.5376569577923,0.2783609062347828,0.3186309207052876,0.23666783991460766,0.560966183721837,29.360467681742854,29.102464730914413,161.19679002486436,150.45902301981565,21.38765695779233,17.260215420436452,1.9758051801902639,57.244357331183835,-3.266963345660784
2016-04-01,7.784826936450482,7.784844248039007,-2.701781864389874,-4.316407176982548,78.20134105511141,6.788797587170268,86.84592685043576,380.71094452523175,140.40638828347062,16.60461922072206,41.08477500778623,-120.05736800550952,312.1151364847764,232.72685334374617,-196.43919972886795,1909.5067122791268,290.6097150451131,293.8974593909625,0.4765621179713748,0.3835276065165392,0.2657779311543178,0.6970757063000429,35.65940875562348,35.30681940775386,233.54480809351446,225.25590995483236,20.747459390962547,17.459715045113114,-36.287653614878224,116.7844609294011,-6.017545644558382
2016-05-01,2.7040063303496997,2.70393184934017,-1.5794424253646933,-1.1683531780834808,45.716111393763505,9.185510111614752,64.44796661724605,336.7439254513901,111.12872003173935,12.581348329730435,47.05130177072914,-95.09737647375944,248.83150278502833,234.36295212921397,-154.24767035056522,1773.6874094129078,284.3628340674613,287.1988363912058,0.4289654512351214,0.4493013834356538,0.2521556707425393,0.7246429169779063,21.52605129582903,21.324177925774965,83.82419624084069,78.23876878877807,14.048836391205839,11.212834067461301,-80.11528177864875,-40.737077581286215,-6.855546802347959
2016-06-01,1.8697081449198347,1.8697085562985374,-1.2719225032785122,-1.2097236114659813,36.81518090856389,8.338458552933698,77.23137051034813,304.53128873582165,116.68086192998554,12.52418835019666,61.46120100648677,-99.9166372909559,219.42135143553546,239.39405514511856,-149.6936196974948,2746.6936374653724,280.75214637831596,284.2007609448029,0.3422980682430613,0.22688402437799488,0.18651050930184246,0.5388991584145141,15.841266229855197,15.717774881704983,56.091244347595044,54.10036331882342,11.050760944802903,7.602146378315979,-89.70043544762376,-65.71704986033578,-6.69820317702845
2016-07-01,3.273765618462539,3.2737562644135116,-1.5159437678877647,-2.484052361718995,43.87760094678561,4.576633589514994,76.26367269847653,322.9422494070505,118.39329238936531,12.943064189258191,55.25103492995265,-101.4118904506206,233.61911380490784,241.58037353387198,-156.23388321119415,2439.4123775922076,283.0243291488,286.5232560062722,0.3448864626304504,0.2647468992077831,0.20130959803127063,0.5771579668547088,18.85182643851778,18.68494431621844,101.48673417233871,94.72674376196504,13.373256006272243,9.87432914880003,-85.34649032267782,-32.20396849186574,-2.2933790156326594
2016-08-01,3.494000883264193,3.494005844152258,-2.0640816667405666,-1.4539327518538903,59.74381114146693,9.546098201774889,109.7666620145706,326.07125668837114,156.2649781864562,17.143539992969085,62.7782242872559,-133.5505076759964,286.44178032360435,248.6195392337152,-199.38927995852842,2511.1527505746826,283.92193051144903,288.61430046175576,0.30263075357175695,0.2142883533126673,0.19341756140876754,0.46462228602957406,18.951939154471518,18.761028786978645,108.31402738118999,101.09970613866487,15.464300461755784,10.771930511449057,-49.23025927518677,-9.356738323487505,1.4823740454986876
2016-09-01,1.721594662175451,1.7215601301218184,-2.7720106267772247,0.8051760867407265,80.23445437522,24.775230908997912,149.66973229311506,322.4364922435676,206.08176541398333,22.908770937893475,69.22317958153266,-175.9805437585814,358.67900202880645,257.6243010695196,-255.1697583244053,2273.841595189583,283.29059094830467,288.83719519413194,0.1793266820273787,0.25472398360644416,0.17461972988813534,0.4189995205692875,16.458461019961476,16.308305736780316,51.64783986526353,49.81366117250632,15.68719519413196,10.140590948304691,-2.45454274511431,-34.62301484065882,1.7476788928308338
2016-10-01,6.5698502456545045,6.5698844029665215,-3.4431731572180784,-4.535440933381458,99.66070840864674,22.461264552640262,140.20667036389622,357.0339359302207,214.6478084842133,25.118436240047437,54.92570465126749,-182.66912939071747,429.40509595941995,238.3648466356617,-282.2311348862301,1815.4356519257256,287.49991287907454,292.15189674157756,0.38529882554448,0.31497995104924237,0.22379503892641764,0.6020423975909026,26.416365290728187,26.112206712043335,203.66535761528965,190.1008218450961,19.001896741577582,14.349912879074566,43.8662882505684,128.68494990885478,5.621451778162978
2016-11-01,3.7954903302776195,3.7955493764769552,-4.6437359145882775,0.8932111108492301,134.41029699686246,32.35893594191811,210.51230076653246,353.6752575272701,288.1984852649637,33.485200565526924,70.69279798354732,-244.16733576648406,480.9533872262102,248.73742720794488,-350.6385580506022,2949.856879168782,287.98115582903455,294.3112071794243,0.3823353662157194,0.13657217893737136,0.1479083899342979,0.49000261342978896,24.502392373130288,24.30218080030763,113.86470990832859,109.82492408787486,21.16120717942431,14.831155829034572,101.90113084265735,70.61045308951358,6.705304844156188
2016-12-01,5.109825764265539,5.109853165908883,-4.573071380710164,-1.6796429744659434,132.3648900493531,34.181657194581945,200.19057723164553,381.091480000104,280.29542775633615,33.2740164839083,61.47589040166137,-236.46152115658077,503.55960660523795,251.32723368651776,-353.6487530953968,2379.5019185635374,291.1691770649518,297.0571304605553,0.38706897939991847,0.16248168903327811,0.19732771498670149,0.5118095451331935,33.22328591818546,33.001485232178126,158.4045986922317,147.85454762467833,23.907130460555322,18.019177064951805,102.32151940887903,109.37209347321989,8.439083510984347
2017-01-01,4.507942376714688,4.507976454862873,-5.023321025880657,0.25448033486367433,145.39748390358318,26.94147003175873,199.66458249994264,390.2402195303293,280.8695621927524,33.52033521831061,58.62494028492465,-236.15229429578386,493.80323457824375,256.1879215670071,-351.76552720388617,2250.456183216168,293.20134633723745,298.0396700807111,0.3760641228365941,0.16124616327116978,0.15628956334923774,0.5051639497114672,34.57317903195512,34.3918450866877,139.74621367815533,130.43913353191184,24.88967008071114,20.051346337237476,95.57760563687907,75.43085518969043,5.188400075517279
2017-02-01,4.968555040312486,4.968539671836099,-4.343340130776737,-0.8905446903041452,125.71581948140839,23.32889495815482,168.7470426559101,395.75990886728596,243.94807083661357,29.33955709611658,51.8030539933399,-205.59594390270988,454.0033784179847,250.7016375995724,-314.98137893020544,2170.9391386547704,293.6499290519778,297.82565711895285,0.40172560959479836,0.17424069826376593,0.19667323418788676,0.5580608983500623,38.52745051703461,38.320944848885546,139.1195411287496,143.76561550451672,24.67565711895287,20.4999290519778,64.27974133063304,77.58136188393459,4.748175469806782
2017-03-01,3.919746616858619,3.9196465404666982,-3.7525385469448,-0.22051178496590118,108.6149031894811,17.954701248519484,151.84953384151896,374.016066988534,215.44775116333463,25.144309695035734,58.06950258133236,-182.63227193644252,389.26916034725997,257.485680972255,-274.07992940646614,2012.4670470247572,291.31278065381747,295.70292283375284,0.30882119068301683,0.18862923901237835,0.16960165924847442,0.4740915726882264,30.81313162690578,30.625507399576353,121.51214512261718,113.41569850887437,22.55292283375286,18.162780653817492,16.594248434211124,23.401878836494816,-2.0068350828904187
2017-04-01,6.098819426404106,6.098790395689666,-2.6551100349500705,-3.4148099018893174,76.85033843322431,9.002164602048447,109.44052412977469,353.70283477473805,159.57454723867414,18.245284070716398,56.989540787658484,-136.2157142366126,312.66420471552755,246.10106838036944,-208.701623509601,1810.305229627558,288.1444661340707,292.2127658246699,0.3207125984016121,0.25728639009261345,0.22703125650786474,0.516816695816008,27.063337698234037,26.77626336376706,182.96458279212317,176.46962950490934,19.062765824669896,14.994466134070706,-37.399444870768434,68.84617578723524,-6.626329586318647
2017-05-01,7.549321439883927,7.549172710708944,-1.65732841475437,-7.131093644578726,47.97029822894298,1.6768776166805421,58.72436483924857,359.2462606624659,101.30796537978044,11.67771569722312,41.11689503799263,-86.76488935403204,249.1900087431268,236.38841830410414,-147.49752156174677,1562.9189583400055,287.85141636753497,290.36367718970405,0.4041134647680012,0.4307447725092279,0.2767363225891942,0.6940472243117072,26.946315804681607,26.592122574764577,234.02896463640172,218.43671037930972,17.21367718970407,14.70141636753499,-88.89089674235737,85.57469693759347,-3.9991815295841135
2017-06-01,2.7937753535325927,2.79369802911546,-1.5641021345501724,-1.2786633455835215,45.27175481073868,-1.5796114105157237,75.9096535188248,330.3425071057375,111.71271998527811,12.149094451120819,56.13255353943826,-95.76037032840873,219.45875207530798,256.0912500128603,-147.68282712331714,2447.0901144423146,284.67593684853637,288.11976173400933,0.2880779401566623,0.28068977218397123,0.20624953825561787,0.5304668012729936,19.456979623899564,19.292180713027776,83.81326060597777,80.83616982394271,14.969761734009353,11.52593684853639,-108.40842288954317,-68.77968126508667,-4.06432661125249
2017-07-01,1.2130779841131711,1.2129412477542072,-1.724837511847685,0.10435446051202528,49.924415565823914,-0.22476518207751495,97.8533415444957,321.5713354309625,133.65943254446333,14.304411770536138,66.91804977091992,-114.59958407276166,233.31169132270404,262.47736218413434,-168.07195775525574,2904.460274556466,283.57188314816455,288.84902155677776,0.21402262228247235,0.1292809220372861,0.18644672022261446,0.3789327918154594,17.823634841509044,17.72776577805439,37.60541750750831,35.09667962251757,15.69902155677778,10.421883148164568,-94.4054044288786,-107.21502429028027,-2.0181160819046653
2017-08-01,4.630825378633813,4.63074248557263,-2.2641391042896197,-2.8068164125046633,65.53393954010998,5.965356391958018,111.57229611068298,333.5218967092838,156.831221533227,17.267025248083648,62.1775078033046,-134.1624237635928,285.88119273936707,251.90416153848147,-200.07240961224878,2322.4998402484757,285.08997346870274,289.8174026827441,0.2614773976887478,0.19664265740391806,0.19218604488594296,0.4442591210900252,20.770545221661216,20.558470318266725,143.5555867376482,133.99139136494878,16.667402682744125,11.93997346870276,-51.8317519262327,16.140079870385875,0.4856200282202252
2017-09-01,4.204938634505519,4.204902684334183,-2.883549119021571,-1.7136240304341877,83.46250281768074,14.88369749809319,121.98104287395283,358.08468773846386,183.96930681339387,21.184044847660108,55.491231443870255,-157.31498610268906,358.032229943438,246.20756133829403,-243.08137353645165,2274.2741807781017,287.65870896444784,292.51779701087594,0.38586724291538776,0.2806729461126228,0.2247373117452264,0.5739474348215542,26.462509093621627,26.249502681437807,126.14815903516556,121.66963785689188,19.36779701087596,14.508708964447862,-3.126187801842377,31.603392894323875,3.4775543430448863
2017-10-01,6.1334590783947345,6.133381699371984,-3.8537927036895807,-2.857271764855979,111.54561502242515,16.856982535272238,149.9775540147372,353.9081277870455,223.42932504894773,26.006475022774865,58.936284477356786,-190.042367356595,428.84027477576626,238.01828863227465,-288.4745657887326,2449.987863073119,287.49575916406604,292.4609331690585,0.41327793506812976,0.2617995040764663,0.20473758422621013,0.5926383761749966,25.53836282014901,25.23942577874598,190.13723143023677,177.47053528275418,19.3109331690585,14.345759164066067,50.45627715645796,113.67771209524616,2.7034853215408248
2017-11-01,3.713970222381917,3.7139203920408943,-4.813232808833203,0.05757994962672093,139.3161586312439,33.787783179548605,231.85133781474588,344.31484886993127,300.3798828881643,34.51086289697519,77.14795447652972,-254.5643774786138,480.5844897198296,261.3529195098471,-359.0812958645645,2469.4585913682236,286.8214711223311,293.93249905805266,0.2241206152146543,0.13181186991762098,0.14102514079698827,0.3422083603032969,21.871241463398047,21.69012887237069,111.41910667145751,107.46297430673884,20.78249905805268,13.671471122331127,97.7283763547174,61.56271083892076,4.312481191291596
2017-12-01,3.16981848009431,3.1698189466484417,-4.4250561431347535,0.8035860512855643,128.080475233815,41.919125294040626,211.7142359640106,381.4103743364716,290.9750819407439,34.43389589380051,66.78035289942217,-245.54820798454693,503.4336642292538,262.75649384835947,-362.00726486233754,2363.4169685635175,290.80750966773263,297.77781214514994,0.31776981636973733,0.17712928894357807,0.17482411412310617,0.47933845682736537,30.772325322418567,30.616993504301036,98.26437288292361,91.7192982247813,24.62781214514996,17.657509667732654,99.25077101397807,54.12133944767521,8.76825455726916
2018-01-01,4.939548159905036,4.939488533571966,-4.441148445179236,-0.4823598932410777,128.54622223941556,33.85670506763108,189.1007117848443,386.8664526382718,270.1329747340357,32.21153786581609,60.52065517684559,-226.83862819632157,493.94104975025766,252.57950610921603,-342.36667915894685,1826.7195542533223,291.8709773621803,297.6809751536859,0.3849964651491699,0.20016953747318586,0.20870964057322194,0.5336717675338637,34.18365181459028,33.9894109387893,153.12599295705613,142.92501543900363,24.530975153685915,18.72097736218035,89.78717304973082,100.25092053688957,3.9150457124293325
2018-02-01,2.264434621716082,2.264384370107699,-4.184058714066591,1.5232797589436302,121.1048487836749,37.55365006420227,204.07404988561134,375.36897084637275,273.53230031815184,32.08642373282802,69.0110137194667,-230.3726641146951,454.3843847347959,266.68927624999776,-333.76431246556876,2451.2135957086994,290.7769850739545,297.18536755686677,0.2855832076326892,0.13206022457926953,0.15712993881574822,0.43055770752816686,28.91658984940483,28.81480958189694,63.404169408050294,65.52038107950517,24.035367556866788,17.62698507395453,67.075036215571,8.787416964050024,2.703151547351254
2018-03-01,4.204965938439206,4.205012598812146,-3.36174914546831,-1.2936117816743566,97.30376581549226,27.56931594915608,155.6924607807687,373.9939812104344,216.93972452930905,25.41124960052172,59.6886240590634,-183.84117253008748,389.81227713304344,260.29985948254125,-275.09593581519323,1912.4939032498564,290.2334692106103,295.59317089599244,0.27007571442890715,0.185620477861726,0.18990513923524313,0.4515352046973206,31.460023967448866,31.264070707435287,130.35394409161538,121.67281825266623,22.443170895992466,17.083469210610303,14.796076332651978,39.88566206345021,-0.720533293624257
2018-04-01,1.7958867076286258,1.7958499838585178,-2.707425605765354,1.19115309130149,78.364946899309,15.598179845402946,125.68731236042544,375.1268273887612,176.0027850905679,20.351068787518926,55.98227126918551,-150.566109082597,313.2111985563844,262.73509113240857,-225.95440654359982,2364.182597454548,291.22104261288484,295.7438258519828,0.310199552195039,0.1927847576441715,0.139885027792336,0.4814565212446054,30.740017770673788,30.620548852527964,53.876601228858775,51.96325184775804,22.593825851982842,18.071042612884867,-36.780684588808754,-63.80309070905927,0.6207110686995492
2018-05-01,3.821954362007245,3.8218523742331465,-1.9339547828104657,-1.6951773848522271,55.97720705216757,5.12978497633091,83.83432166856025,345.40963580145893,127.09100573177385,14.255543810102093,56.25579602206636,-109.00506169890565,249.54851422133493,244.50939707708818,-167.74499603407457,2265.066333703684,286.92630016050737,290.5447257821174,0.3660970784948252,0.23713272105040703,0.1985189183562184,0.5576430419467372,24.5453299914198,24.330087351556884,118.48058522222459,110.58600619887576,17.394725782117405,13.77630016050739,-76.7644010430136,-13.797875544646217,-8.357726351659196
2018-06-01,2.8405100080408476,2.840412344097622,-1.3975387207415182,-1.4442145852759924,40.450514562284894,5.455923050978819,69.9356578931445,320.6175826672604,107.5804002632168,11.671333879715569,54.40664847584324,-92.16840428873697,219.49437551175095,248.26672365433106,-143.4880347197372,1638.077410331025,282.326273348589,285.64842395340276,0.23281397833063536,0.33037940642645547,0.21448856231071714,0.5306377425882891,18.010709798062912,17.850924012041514,85.21530024122544,82.18785717875063,12.498423953402778,9.176273348589007,-104.77868893459387,-54.89666451775814,-8.144681800369987
2018-07-01,3.217903242236922,3.217785828423079,-1.4578584668070265,-1.7397393660055813,42.196518248307044,4.466934371660385,60.98361182663178,334.63355826669755,101.54308371503616,11.289523281538626,45.09253357060122,-87.00858828795019,233.00434020137084,248.01185955997542,-143.29002807962516,1619.0197638472873,283.2960452210866,286.49576697753463,0.27060396222246946,0.4078200867990635,0.2866047701381771,0.6451150081799008,20.372035405248695,20.164210517200473,99.75500050934457,93.10722883168633,13.345766977534652,10.146045221086638,-104.72183148035026,-49.06372299435252,-4.747397902618459
2018-08-01,2.8322276880162875,2.8322539351516407,-1.994554362956767,-1.8152880800749809,57.73107966769003,12.34442130780643,111.0058372973894,314.1180164691518,157.40981709229837,17.13320814265044,64.62292261543946,-134.5336984008926,285.3200128379972,252.7522541534146,-198.6896381396389,2030.6055859599612,282.0231324296271,286.38131369264914,0.21411390146689094,0.25736627447869814,0.16158100501926995,0.4352848252379161,15.896443772833132,15.739907749973735,87.79905832850491,81.95179210508219,13.231313692649167,8.873132429627105,-54.06261601377571,-29.67717838634023,-0.16472519004332042
2018-09-01,4.208458687949029,4.208383665239818,-2.691014702547053,-2.4364273691737575,77.88986484534094,13.906294844104305,115.5778588676996,355.68024076306375,177.99836779050264,20.507259098538935,52.90505082238867,-152.06713306010226,357.38359841331857,249.1943987710672,-238.4370933371649,1621.496023074984,287.66519883765767,291.72663806536343,0.31425386117968285,0.3307034247878698,0.2031940008950678,0.5500582228987031,25.186037844877912,24.93954807480698,126.25376063847087,121.77036068402253,18.576638065363454,14.515198837657692,-10.757305433902303,25.757267856510936,7.365922548268358
2018-10-01,4.756948033114365,4.756823156820338,-3.60527208472475,-1.9838272847008165,104.35217958453667,23.19943241026137,144.85528521935447,358.9727474913123,217.85625487685186,25.581692481533935,55.1622321998454,-185.2354652630908,428.27044834361357,246.50020773917333,-286.34975784739976,2037.0730186567464,287.7670272563903,292.45569024209755,0.3506111991207897,0.2855316104651991,0.25849173330667014,0.5819563860532131,27.878085702331006,27.62967364644445,147.46538902654532,137.63955893577366,19.30569024209757,14.617027256390315,39.849550108226424,70.61530839101606,2.5216210684473594
2018-11-01,5.228096192370038,5.228095302887453,-4.623587578070405,-0.6805679088016994,133.8267041043402,26.384707293249487,192.5914842507569,367.31127792010193,271.1395949672779,31.74061435778726,63.71006131594919,-229.76575781691167,480.2089400856885,251.18452955822661,-339.43779369046473,2409.1387572552126,289.7648922358171,295.5158613955257,0.34063139470253234,0.19927890287954653,0.18055045350849544,0.4976900545747248,27.89767772225824,27.62150156032259,156.84288577110115,151.27590575484527,22.365861395525712,16.614892235817138,88.25326413223812,99.85818067937039,5.844285103372812
2018-12-01,4.266699861118671,4.266625520130774,-4.8475605168391,-0.594064404364607,140.309812015188,35.09208825081175,214.3690615540954,376.9927688847589,293.2055702197108,34.678810269458936,64.34427628507,-247.50676562237774,503.303655149253,252.95323359518747,-363.2026810964479,2395.867968464262,290.6587242031785,296.7312949316565,0.3710734426029248,0.1555782706583394,0.15102510933585112,0.4842535205762414,31.789322247128656,31.578638536026105,132.2676956946788,123.45559954082101,23.581294931656544,17.50872420317853,110.24944750126045,85.63464595558546,7.760589071308033
2019-01-01,7.75551626215278,7.755449770864057,-4.759270788713057,-3.575874504418996,137.75415642286129,19.426160858359538,161.22038285289943,403.78623737491097,248.21155299694232,30.269662358102607,46.06994450471018,-208.73326912975608,494.1309534620968,235.84813969436613,-328.7360238038578,2066.786715200835,294.13383274594986,298.2764260166345,0.5387979019829057,0.2328441314699597,0.24021892659357516,0.6845632024253799,42.02518932079018,41.67982556095486,240.42100412673616,224.4053753143535,25.126426016634525,20.983832745949883,92.88788410949167,174.0560956571588,5.483007343825079
2019-02-01,4.210742632606211,4.210691010154254,-4.533485038399988,0.8777142932634333,131.21880533229555,26.36503020572195,184.88800277596792,380.90244833070284,257.37191519986976,30.483047857330988,59.69931170170826,-216.81988084331863,454.81396053274307,260.31878430726925,-322.7065318994043,2010.962148973022,291.53815549952617,296.82964835326317,0.28075365551830034,0.18131315150166666,0.1894276472700312,0.45365995536612386,32.2006501131179,32.01181824051559,117.9007937129739,121.83712413640781,23.67964835326319,18.388155499526192,62.38774759213504,53.46933279265444,-0.4632663964071355
2019-03-01,3.902626270281967,3.902541428666507,-3.4999827908271524,-1.4691666658683973,101.30459860911611,18.2215038152917,138.61752352802833,371.2614705603997,205.8420046401564,24.217879828693114,55.71294716949442,-174.3499703830847,390.396847341584,254.1251293773478,-266.93846223623245,1834.916332834612,290.3275729080234,294.83780026444526,0.302051457509076,0.24359149718437118,0.18811773033946602,0.5031755962676285,30.492197695220494,30.305653414067425,120.98141437874098,112.92075893132254,21.687800264445286,17.17757290802342,12.81333285888465,25.318572391908603,-0.8890792108175276
2019-04-01,4.3178515409388245,4.317699034773855,-2.444954257984333,-1.8860902178983585,70.76784683334793,14.428541147194677,101.2269955750536,368.53590053869334,154.77758495747457,17.955423169729592,50.03682245901587,-132.07736929395168,313.79336516105303,254.89760500683826,-207.05802554690013,1454.4618076634908,289.83947174207805,293.37946647342886,0.3105724243939814,0.32560265784119147,0.2035370380733271,0.5608335565120113,28.885143578160672,28.669014228851136,129.53554622816475,124.93342114507682,20.229466473428886,16.68947174207807,-47.839579459938136,9.481835997397553,-3.1558411456068
2019-05-01,6.075815953029626,6.075672003953569,-1.6599359013675072,-4.5812468790240155,48.045792249547794,3.591969164588961,57.56995823955354,361.2481271655735,101.56137057036946,11.758538457822238,40.83076514845502,-86.97942274232895,249.93625749240158,239.2431588921103,-148.6573928696593,1358.4722542737875,288.21216505185555,290.66204087370613,0.3797122813232439,0.44274675492729076,0.2751171738040323,0.6976280830236156,27.734956463848963,27.44657408056218,188.3502945439184,175.8006945588417,17.512040873706155,15.062165051855573,-90.585766022451,42.65824010710574,-5.489103820262827
2019-06-01,2.8342553285899346,2.8342409136136926,-1.648766495236898,-1.2119648533466105,47.722371801471965,-3.967510168081741,73.72672947923445,340.6153516152419,110.62990507891966,12.136785638467687,54.78238357109384,-94.8954098342461,219.55844305176038,251.09933921188116,-147.22048341974798,3100.726453470463,286.40354099073124,290.02403855774173,0.37615718854163144,0.24384395142093007,0.22154171120618354,0.5867841233811077,22.271973582456162,22.124350018946366,85.02765985769804,82.00928569484064,16.874038557741756,13.253540990731267,-103.87885579213318,-65.95010652852652,-3.6418353702379704
2019-07-01,2.683499934435115,2.683476904144398,-1.557993683929865,-1.1923423892210003,45.094813627951545,3.9443571460944464,79.2527764441638,318.14912763456545,118.2702918624912,12.771503824426235,58.04404695427457,-101.28942171516684,232.7251221780766,244.26536780723654,-155.49424082674247,2379.1625170271905,282.2111492895192,286.17061070708706,0.3212485122372925,0.24963850122886536,0.22441923104834488,0.5241380561197793,18.38156748706091,18.205403354349478,83.18849796748856,77.64690116158559,13.020610707087087,9.061149289519221,-88.77112698049407,-50.42524343370633,-5.793796013153724
2019-08-01,2.4118184310143076,2.4117283834887386,-2.147349605527641,-0.5865562183523734,62.153509080131464,11.357842376358327,121.99570806640972,314.46156595405546,166.69023599148733,18.11492241918039,69.49627913494169,-142.53923711608147,284.79129521979576,256.27598765493036,-206.4730827734325,2797.6281714826264,282.5597600137996,287.6316765746716,0.24034513794972104,0.14553370438992716,0.14704313152396953,0.39275577884330276,17.036124442190864,16.915334589967454,74.76637136144353,69.78380739261397,14.48167657467161,9.409760013799598,-49.80290488149785,-41.704213093665345,-0.4683934753500125
2019-09-01,3.0798315438774027,3.079789786337988,-3.0067639490296374,-1.0713338821071359,87.02871518023206,19.68341621380138,155.96726756187692,330.20524675679496,210.87987840740766,23.569222963753806,69.5005881351549,-180.1325322523723,356.77380382467675,256.5084762336107,-260.4224199572647,2602.009317627376,283.90985916106183,290.19849315505877,0.2309299029667238,0.17966123893762237,0.15160458071260177,0.39588408271563885,20.35302265216676,20.23681470661918,92.39494631632208,89.11428779913159,17.048493155058793,10.759859161061854,3.913943723654029,2.079703619369596,3.9198127231839663
2019-10-01,5.943816784117981,5.943792256738387,-3.6775538705700206,-2.889759460885476,106.44439749022487,17.29754570840529,147.13292184950362,365.02503353377506,214.4296927227821,25.16138247707089,54.2835599760084,-182.79012601008463,427.74661551869536,244.5593745982602,-283.4716668154276,2192.0931755195475,288.2642031996507,293.5355165565362,0.36021207838829566,0.3041296212717608,0.26446995375782256,0.5755317856845384,28.946012200916154,28.618061960580064,184.2583203076574,171.98472965099498,20.38551655653623,15.114203199650717,38.91229221716742,99.68800154249146,4.764622835446062
2019-11-01,4.349775470303721,4.349744105039274,-4.649270611546351,-0.1042480215697619,134.57008357183113,27.571056232406747,197.74223690496908,371.5308276404701,274.0807713283876,32.1698346003047,63.838043824182485,-232.34408733140106,479.88434293881164,253.46318780830885,-342.41543553405273,2500.093519382332,290.03930440993133,295.95803659192177,0.3777586996903852,0.18838553962355895,0.15944876517833323,0.5010665745639186,29.08490412970252,28.857234559306818,130.4932641091116,125.860651187479,22.80803659192179,16.889304409931356,88.95224772574389,73.87791163841105,6.364903702980683
2019-12-01,3.2638947079239773,3.26381069172316,-4.892854896545052,0.8722963689946925,141.62078068992645,39.53213617268143,237.9758140451335,369.1066640744781,310.7968737194942,36.2900150316029,73.20528121842109,-262.3392656095658,503.2247699800457,259.5387306809623,-374.3290425773153,2997.827936789239,289.32043838185325,296.6891293583211,0.32832896570304565,0.10271465134442528,0.15813144160548392,0.42842949765285154,28.11149253128891,27.933088526720535,101.18073594564329,94.43896677439699,23.539129358321134,16.170438381853273,114.79031189635299,59.627430452286674,7.981067528536869
2020-01-01,3.8543661828665776,3.854304831714461,-4.656806600727508,1.2014929828055043,134.78839944120128,34.23953840658491,198.10454047604102,386.95588760041994,278.2256202885164,33.120310062682705,61.02239153930164,-233.84254371989996,494.3029926142912,257.98150574683814,-348.76708068005274,2311.6423707803715,291.7532350872974,297.62761616974166,0.3514897422016154,0.17272369492275813,0.2032677346595109,0.5202859776155412,34.30746399626853,34.108873661898365,119.4853516688639,111.52502406581195,24.47761616974168,18.603235087297435,90.7855749332146,63.72998522501315,3.792214332812108
2020-02-01,2.6026514264639067,2.602639086531037,-4.27124742644085,1.294489491228027,123.62831628944745,37.36154143159978,205.84462743717177,376.9049924090098,273.6873359130404,32.14331806533308,67.08033116024812,-230.66037561985956,454.24851166857667,268.92972827366214,-334.47363866505714,2270.6056207529946,290.512142706249,296.91010668368926,0.22268508577781154,0.131221511358642,0.15718530000113728,0.38537505012787265,31.049157840905316,30.904399213441618,75.47689136745329,75.30784393897676,23.760106683689287,17.362142706249017,65.543910391395,14.633251302360115,2.590186738564185
2020-03-01,1.3805731525551552,1.3805225334302293,-3.319410505095759,1.167577394010543,96.07836348894485,32.80672263517137,183.54048599326228,372.9629414471916,239.87289865527623,27.73896894346452,71.2502442056584,-203.55885739956997,388.5136829470412,273.2968421915619,-292.31412451985454,2783.7534370537246,290.07771617417654,297.2654908434488,0.22053586691337945,0.10027891296952193,0.13637424214566046,0.35620558250898054,28.082365842809264,27.980448940157412,42.79776772920981,39.94567515712469,24.11549084344881,16.927716174176567,19.01728232829265,-40.53893307332287,3.4235270697953695
2020-04-01,1.8405691681796605,1.840485181414912,-2.4326023920295023,1.1136493665743779,70.41015901397947,25.27341758265849,147.59482828387095,337.7796736964982,193.14581900225085,21.541030538930002,74.11286322924859,-165.0431133139683,311.9326288867045,265.90032685974984,-233.79050625045718,2645.4501896572638,285.91148821212073,292.14397927340684,0.20120265496316128,0.13256295771124826,0.10730444649441126,0.32846108199655366,21.058358963600618,20.95352170775173,55.21707504538982,53.254779554829625,18.993979273406865,12.761488212120753,-32.109820609292655,-44.511873556524236,-4.75332651191826
2020-05-01,2.984359142372975,2.9843297490275122,-1.8412487142287752,-1.2415857676351063,53.29386426820812,8.99799240920425,106.62829917174892,321.7426849616771,142.95659086035718,15.486642446443344,68.71469975365454,-122.52818984021579,248.6932519416082,259.3961241712864,-177.88627427702207,2372.9772530115993,283.65857540688876,288.7793413512529,0.1851430031142538,0.18958080907835168,0.1529258126989089,0.36273304727762473,17.89329652378962,17.739235081920047,92.51513341356222,86.3521339417683,15.629341351252947,10.508575406888781,-81.5098498942643,-39.97321362985301,-8.478366590851124
2020-06-01,4.742556796879591,4.742429804050505,-1.5025277522014355,-3.2352625491120874,43.489740339265616,-1.6938962129437425,67.64059900105407,337.9217532235126,103.78450346749842,11.405589428586422,51.06976447587782,-89.00007345176851,219.33478108807282,248.9233278708443,-141.87503007967322,2090.046388933832,284.67202720468646,288.3678624916613,0.2935615024577333,0.32022952022979906,0.2567067569074198,0.5668903383889794,22.202284751602736,21.985080224211174,142.27670390638772,137.22308460794284,15.217862491661322,11.52202720468648,-107.04829779117108,-9.449418372062667,-3.865535150431178
2020-07-01,2.524928025141947,2.524874591339346,-1.6416125735324032,-1.1076599389192912,47.515577458451524,3.100222216402191,85.22399575695928,315.1204208403784,123.81890728056601,13.33944776555334,60.72075013435132,-106.04611305778413,233.56961241896988,248.4039134125322,-159.47528079187927,2838.7162998632575,281.4705729981259,286.05885985497025,0.2926744495835006,0.2225102305770829,0.22394425958766093,0.5100463839697348,17.414270563558702,17.266899460223826,78.27276877940035,73.05771386977274,12.908859854970274,8.320572998125897,-88.92863262065293,-58.09605945791081,-5.290436751420906
2020-08-01,2.179799438988172,2.1797802785935176,-2.043821146666736,-0.8575875769299975,59.157094812240096,12.208425191913769,123.70695510256594,322.02565974192373,168.2038175067555,18.336423037906293,70.48749665512224,-143.86357296834097,286.39953264495347,257.0882243528132,-208.69017330593192,2695.7813712708785,282.4096110878776,289.1995605468879,0.20323393598998782,0.12956418731859218,0.15250123076155306,0.3463128198176683,18.27635361727569,18.15857733279622,67.57378260863334,63.07234602411799,16.049560546887903,9.259611087877602,-48.39805104688128,-46.49335614406826,2.0105563090648673
2020-09-01,2.9934626531851256,2.9933494672432457,-2.724003410589699,-1.1594909818591779,78.84425290355117,24.79127270058844,145.0754416387928,339.0966592786075,203.9130156056941,23.02556305810214,65.14871141595255,-174.24529859318275,358.6135340111538,251.14612133557785,-255.9984180641444,2876.365408376731,284.49522694420267,290.5243703762408,0.31992328011886695,0.19992353476345703,0.18454724990880936,0.49955310379176904,22.09294329405102,21.919885206305782,89.80387959555377,86.61312115865873,17.374370376240847,11.345226944202693,4.852296728566557,7.160103410583517,5.461061573090603
2020-10-01,2.391718140406414,2.391688865735489,-3.4604876171330887,0.9695442356711865,100.161890546096,42.439429224199266,187.82235545807836,353.0339983448983,255.37713630885355,29.519805323312685,70.38178295497686,-217.68605848737897,429.2969787296032,258.8305804206312,-314.67447021825797,2755.356222906762,286.35082245721054,293.520883564442,0.29200339243889106,0.18102342037264524,0.14946940687867558,0.4485499661840986,24.727683925457395,24.580870272916627,74.14326235259884,69.20396023540187,20.37088356444201,13.200822457210563,55.84388979762679,20.183003724825788,4.702955762106853
2020-11-01,2.6844984411240222,2.684507328835535,-3.6939277134669184,-0.30081663381038504,106.91846992600274,50.0917261792049,211.072954458739,356.7845547810944,285.90704925716574,33.202607336084355,77.22933535752716,-242.31550921711323,480.8016240109376,258.00767679459204,-349.12896753473234,2675.3659586032,287.0365309849454,295.2420357517113,0.2775604186071384,0.13997320063611046,0.15522524486428016,0.4198694081130008,24.33563994365698,24.15934140749064,80.53495323372067,77.67671669084302,22.092035751711308,13.88653098494541,91.1212907401403,53.80355975060215,8.075977754378428
2020-12-01,3.728702606656779,3.7287136605172257,-4.659345526252468,0.5641460072101752,134.86198231944968,41.445825325521554,225.1422598545108,371.0942687978818,299.9855544158117,35.14437009803598,70.62578214255174,-253.0755793825902,503.3737564701859,266.7357574524772,-366.38652671565706,2184.276320981845,289.7805963721023,296.56574885879905,0.22531106774674295,0.15756231375253602,0.17336458624070128,0.39163383362091053,27.642396789491528,27.449139270274735,115.58978080636015,107.89102026959564,23.415748858799077,16.63059637210233,99.65076926317988,66.53781761825861,6.14198959506723
