date;Tmax;Tmin;Ta;pa;HR;prec;Ki;Ki-dif;Rn;Hc1;LEc1;G;vento;direcao;FC_diurno;FC_noturno;NEE;NEE_diu;NEE_not;prec_p;prec_era;udir_p;Ta_era;HR_era;e_era;vento_era;udir_era;pa_era;Ki_era
02/01/2002;29.02;23.58;NA;NA;84.01;0;NA;NA;NA;NA;NA;NA;NA;NA;-3.55;1.33;NA;-2.12;3.4;0;7.24;89.74;26.17;84.01;28.3;1.59;-18.42;992.49;270.99
03/01/2002;26.39;23.55;23.32;978.18;92.47;25.39;35.96;34.86;NA;NA;NA;NA;NA;NA;-1.76;2.84;NA;1.14;3.98;25.39;1;65.49;24.64;92.47;28.65;1.18;0.02;993.48;290.01
04/01/2002;26.74;23.33;24.56;978.48;91.41;0;102.89;89.79;NA;NA;NA;NA;NA;NA;-3.12;3.81;0.57;-5.42;6.56;0;0.88;64.08;24.91;91.41;28.76;0.91;-33.96;993.66;279.16
05/01/2002;28.16;23.19;24.73;978.37;89.52;5.08;132.62;93.89;NA;NA;NA;NA;NA;NA;-5.52;4.79;-0.43;-7.51;6.66;5.08;9.52;107;25.05;89.52;28.34;1.34;23.67;994.19;260.44
06/01/2002;27.64;23.3;23.1;977;91.19;4.32;60.3;58.27;NA;NA;NA;NA;NA;NA;-0.82;6.73;NA;-1.22;6.98;4.32;7.17;129.11;24.98;91.19;NA;1.51;50.54;993.68;283.71
07/01/2002;27.54;23.63;23.33;976.91;87.33;8.63;94.99;81.09;NA;NA;NA;NA;NA;NA;-4.46;6.43;NA;-5.65;5.74;8.63;4.94;87.44;25.44;87.33;28.33;2.05;50.89;992.78;294.09
08/01/2002;25.42;23.09;22.72;976.9;93.32;15.48;127.17;90.34;NA;NA;NA;NA;NA;NA;-9.71;3.99;NA;-9.76;4.76;15.48;22.46;82.75;24.09;93.32;28;1.24;21.33;993.1;203.6
09/01/2002;29.11;22.33;25.36;976.56;81.18;0.25;192.2;93.13;NA;NA;NA;NA;NA;NA;-5.75;4.3;NA;-5.28;6.99;0.25;9.02;72.44;25.91;81.18;26.86;1.79;-5.2;992.83;170.61
10/01/2002;27.39;23.44;NA;975.84;83.88;5.59;NA;NA;NA;NA;NA;NA;NA;NA;-7.99;10.69;NA;-10.38;11.59;5.59;0.01;73.4;25.46;83.88;27.21;1.88;18.9;993.26;228.94
11/01/2002;28.7;24.1;NA;975.2;80.11;0;NA;NA;NA;NA;NA;NA;NA;NA;-7.57;6.02;NA;-5.43;7.64;0;1.09;70.18;26.11;80.11;27.05;1.61;-17.34;993.99;173.54
12/01/2002;29.67;23.29;24.46;975.46;83.98;8.62;182.14;82.09;NA;NA;NA;NA;NA;NA;-4.31;7.5;1.98;-6.41;9.32;8.62;5.26;88.14;25.91;83.98;27.88;1.8;12.51;993.86;129.84
13/01/2002;27.98;23.1;24.35;975.72;85.87;25.15;114.5;78.14;NA;NA;NA;NA;NA;NA;-3.19;5.71;2.43;-3.34;7.48;25.15;20.24;141.36;25.36;85.87;27.67;1.86;20.83;993.45;82.73
14/01/2002;28.5;22.92;24.38;976.28;85.7;7.62;168.6;93.98;NA;NA;NA;NA;NA;NA;-4.9;7.27;2.47;-5.64;9.57;7.62;12.57;142.22;25.35;85.7;27.62;1.72;54.55;993.65;167.22
15/01/2002;28.22;22.56;23.42;976.78;89.76;10.92;113.39;94.29;NA;NA;NA;NA;NA;NA;-4.51;4.38;NA;-5.91;5.27;10.92;10.09;78.15;24.66;89.76;27.65;0.95;-25.04;992.69;194.09
16/01/2002;27.67;23.3;22.34;976.49;89.08;59.94;36.59;35.43;NA;NA;NA;NA;NA;NA;1.13;-0.03;NA;3.47;4.78;59.94;3.81;84.44;25.2;89.08;28.49;0.91;5.94;991.67;116.03
17/01/2002;28.01;23.07;24.4;976.47;86.52;0;197.1;86.93;NA;NA;NA;NA;NA;NA;-5.66;3.32;-1.31;-8.85;6.23;0;0.54;106.26;25.48;86.52;28.09;1.55;25.46;992.13;194.05
18/01/2002;29.56;23.69;25.87;975.52;80.69;3.04;197.9;63.21;NA;NA;NA;NA;NA;NA;-2.39;5.01;1.46;-4.27;7.19;3.04;0.55;105.75;26.55;80.69;27.82;2.2;46.58;992.06;130.74
19/01/2002;28.04;22.86;25.64;975.57;87.25;0.76;189.61;84.17;NA;NA;NA;NA;NA;NA;-5.66;6.98;0.61;-5.72;7.85;0.76;15.67;68.26;25.24;87.25;NA;1.47;20.38;992.44;84.76
20/01/2002;26.46;22.46;NA;977.09;92.9;32;24.02;23.56;NA;NA;NA;NA;NA;NA;10.77;6.98;NA;4.63;4.4;32;11.69;110.62;23.86;92.9;27.48;1.43;-6.13;993.82;203.92
21/01/2002;29.13;22.76;NA;978.31;83.34;0;202.48;81.56;NA;NA;NA;NA;NA;NA;-7.22;1.84;NA;-7.19;5.39;0;7;86.66;25.4;83.34;26.78;1.97;0.78;994.54;270.28
22/01/2002;29.08;23.14;25.21;978.55;82.11;0.25;164.12;93.72;NA;NA;NA;NA;NA;NA;-3.31;6.68;1.88;-5.44;9.2;0.25;8.24;101;25.84;82.11;27.2;2.21;4.92;994.83;258.17
23/01/2002;29.51;23.48;NA;978.16;82.95;0;230.96;56.45;NA;NA;NA;NA;NA;NA;-5.64;4.62;NA;-4.01;7.57;0;22.09;126.05;25.7;82.95;27.28;2.33;25.58;994.59;215.72
24/01/2002;29.1;23.17;NA;976.75;81.97;0;197.48;75.96;NA;NA;NA;NA;NA;NA;-6.62;11.88;NA;-8.08;10.98;0;17.68;130.04;25.93;81.97;27.29;2.25;45.2;993.51;220.11
25/01/2002;29.58;22.94;NA;976.97;80.84;2.29;169.82;86.35;NA;NA;NA;NA;NA;NA;-7.7;2.24;NA;-6.24;5.67;2.29;22.59;95.6;26.19;80.84;27.29;2.62;54.57;993.23;294.35
26/01/2002;28.5;23.44;NA;976.92;84.59;0;154.76;102.89;NA;NA;NA;NA;NA;NA;-5.26;9.07;NA;-8.52;11.06;0;4.28;152.61;25.56;84.59;27.61;2.81;65.72;993.63;283.27
27/01/2002;29.53;23.57;NA;976.25;80.93;6.35;159.51;95.3;NA;NA;NA;NA;NA;NA;NA;NA;NA;NA;NA;6.35;1.07;113.03;26.41;80.93;27.77;2.73;61.75;992.91;296.49
28/01/2002;29.26;24.33;NA;975.63;81.3;1.27;NA;NA;NA;NA;NA;NA;NA;NA;NA;15.37;NA;NA;13.71;1.27;10.8;129.43;26.57;81.3;28.15;2.34;57.65;992.4;291.07
29/01/2002;29.56;23.35;25.8;975.24;82.81;0;190.71;73.52;NA;NA;NA;NA;NA;NA;-5.11;9;2.31;-6.23;10.85;0;20.72;158.81;25.86;82.81;27.47;2.62;60.46;992.31;213.57
30/01/2002;29.02;24.28;NA;NA;80.32;0;NA;NA;NA;NA;NA;NA;NA;NA;-6.86;13.46;NA;-9.94;12.06;0;12.98;115.92;26.03;80.32;26.99;3.23;64.8;992.42;224.86
31/01/2002;29.76;24.16;NA;NA;77.52;NA;NA;NA;NA;NA;NA;NA;NA;NA;NA;NA;NA;NA;NA;11.54;14.76;84.65;26.69;77.52;26.97;2.67;51.2;992.52;285.53
01/02/2002;29.34;24.31;NA;NA;83.7;0;NA;NA;NA;NA;NA;NA;NA;NA;NA;6.98;NA;NA;7.87;0;5.43;75.74;25.94;83.7;27.92;2.1;29.88;993.67;213.03
02/02/2002;29.5;23.62;25.36;976.73;81.13;1.52;159.38;104.57;NA;NA;NA;NA;1.93;56.86;-5.89;4.9;-0.23;-7.96;7.5;1.52;12.57;109.26;26.33;81.13;27.66;1.94;31.35;993.75;186.21
03/02/2002;28.39;23.4;26.18;976.48;84.1;0;201.32;73.49;NA;NA;NA;NA;3.07;63.07;-4.04;4.5;-0.66;-6.28;6.09;0;1.07;62.78;25.77;84.1;27.76;1.66;10.84;993.8;264.84
04/02/2002;29.49;23.11;26.09;976.36;79.07;0;239.43;41.25;NA;NA;NA;NA;NA;NA;-7.12;6.69;NA;-5.42;8.52;0;0.4;59.04;26.18;79.07;26.61;2.9;45.14;993.3;260.78
05/02/2002;29.31;23.93;25.35;977.01;78.5;0.76;185.05;71.93;NA;NA;NA;NA;2.83;64.9;-8.79;7.66;-0.93;-9.04;7.17;0.76;0.33;73.73;26.51;78.5;27;2.68;42.01;993.46;281.07
06/02/2002;27.83;23.49;NA;976.44;85.04;9.39;194.34;74.52;NA;NA;NA;NA;NA;NA;-3.01;9.37;NA;-2.97;10.01;9.39;5.79;88.1;25.49;85.04;27.67;2.98;60.08;993.33;255.54
07/02/2002;29.68;23.55;24.99;975.94;75.26;21.6;186.3;76.5;NA;NA;NA;NA;NA;NA;-9.99;6.46;-1.64;-10.98;9.03;21.6;4.96;75.25;26.43;75.26;25.64;3.18;42.58;992.87;206.47
08/02/2002;27.19;22.91;NA;977.47;87.85;61.46;NA;NA;NA;NA;NA;NA;NA;NA;3.38;8.57;NA;7.05;9.38;61.46;6.3;93.06;24.4;87.85;26.78;2.1;22.52;993.91;208.86
09/02/2002;26.98;22.5;23.5;977.81;84.52;0;156.89;98.81;NA;NA;NA;NA;3.03;79.08;-8.01;8.82;0.71;-8.54;9.96;0;30.61;93.39;24.59;84.52;26.05;2.5;22.64;993.93;52.73
10/02/2002;28.22;23.35;25.09;976.74;82.73;0;216.33;58.94;NA;NA;NA;NA;NA;NA;-7.69;5.48;-0.38;-9.42;8.67;0;5.98;128.89;25.51;82.73;26.89;1.88;18.02;993.48;245.32
11/02/2002;24.95;22.84;22.71;977.22;93.27;27.68;108.98;85.81;NA;NA;NA;NA;NA;NA;-4.2;10.98;NA;-6.28;7.92;27.68;4.61;187.5;23.53;93.27;27.06;1.76;51.14;993.77;262.88
12/02/2002;26.88;22.82;23.51;977.01;86.13;2.78;148.35;93.28;NA;NA;NA;NA;NA;NA;-10.55;7.78;NA;-10.97;10.52;2.78;4.03;111.64;24.71;86.13;26.7;2.15;63.74;993.9;274.17
13/02/2002;29.06;23.16;24.32;976.6;83.99;0;197.68;66.27;NA;NA;NA;NA;3.18;80.72;-7.2;9;0.94;-8.09;9.96;0;0.29;79.82;25.42;83.99;27.2;2.39;33.26;993.6;263.34
14/02/2002;28.1;23.31;24.42;976.98;86.76;0;123.54;95.71;NA;NA;NA;NA;2.3;71.45;-6.43;5.7;-0.31;-9.53;8.9;0;10.89;71.39;25.1;86.76;27.59;2.68;53.05;993.71;186.09
15/02/2002;27.92;23.01;24.17;977.59;86.12;5.72;138.33;93.88;NA;NA;NA;NA;2.46;77.48;-5.63;7.24;1.05;-6.39;8.49;5.72;0.69;84.18;25.18;86.12;27.51;2.66;71.61;994.43;286.34
16/02/2002;29.29;23;24.39;977.3;85.24;7.75;148.79;72.2;NA;NA;NA;NA;2.34;82;-5.6;9.35;1.62;-5.86;10.18;7.75;11.78;91.39;25.64;85.24;27.88;2.47;55.3;994.4;209.84
17/02/2002;28.5;22.97;24.45;977.07;88.21;4.26;136.5;66.55;NA;NA;NA;NA;NA;NA;-5.18;3.78;-0.33;-8.36;7.69;4.26;4.51;114.2;25.13;88.21;28.02;2.08;43.78;994.01;202.44
18/02/2002;28.16;23.18;24.75;975.64;88.55;9.47;156.72;79.99;NA;NA;NA;NA;NA;NA;-2.08;5.98;NA;-7.79;7.31;9.47;0.23;112.07;25.25;88.55;NA;2.04;50.91;992.8;230.77
19/02/2002;28.61;23.44;24.74;975.66;88.4;5.32;162.47;80.15;NA;NA;NA;NA;NA;NA;-5.74;6.59;0.79;-7.02;8.59;5.32;0.43;95.53;25.6;88.4;NA;2.29;64.23;992.69;233.14
20/02/2002;27.05;23.06;24.6;975.68;88.55;16.76;143.74;61.77;NA;NA;NA;NA;NA;NA;-3.66;3.76;NA;-5.45;7.02;16.76;5.42;62.29;25;88.55;27.99;2.5;33.09;992.98;113.86
21/02/2002;29.47;23.27;NA;974.89;84.64;6.35;NA;NA;NA;NA;NA;NA;NA;NA;-6.3;10.83;NA;-7.68;11.28;6.35;16.94;83.79;25.92;84.64;28.17;2.31;60.71;992.33;86.83
22/02/2002;29.97;23.28;NA;974.16;82.56;0;NA;NA;NA;NA;NA;NA;NA;NA;NA;NA;NA;NA;NA;0;12.22;91.96;26.55;82.56;28.31;1.48;14.75;991.26;160.67
23/02/2002;29.62;24.1;NA;975.4;82.87;11.68;NA;NA;NA;NA;NA;NA;NA;NA;NA;NA;NA;NA;NA;11.68;15.85;113.14;26.97;82.87;NA;1.47;-8.65;992.35;183.74
24/02/2002;29.7;24.22;NA;976.62;85;0;NA;NA;NA;NA;NA;NA;NA;NA;NA;NA;NA;NA;NA;0;3.28;104.52;26.75;85;NA;1.2;-5.31;993.65;211.43
25/02/2002;28.85;23.61;NA;976.28;85.96;0;NA;NA;NA;NA;NA;NA;NA;NA;NA;NA;NA;NA;NA;0;0.15;70.64;25.93;85.96;28.62;1.41;-9.67;993.46;223.5
26/02/2002;28.98;23.25;NA;975.16;85.34;0;NA;NA;NA;NA;NA;NA;NA;NA;NA;NA;NA;NA;NA;0;1.1;111.05;25.84;85.34;28.26;2.19;58.05;992.56;204.86
27/02/2002;30.06;23.79;NA;975.14;81.43;0;NA;NA;NA;NA;NA;NA;NA;NA;NA;NA;NA;NA;NA;0;12.3;91.69;26.62;81.43;28.19;2.59;56.66;992.07;103.66
28/02/2002;29.86;24.55;NA;974.72;80.11;0;NA;NA;NA;NA;NA;NA;NA;NA;NA;NA;NA;NA;NA;0;0.95;119.25;26.87;80.11;28.22;2.76;61.32;991.91;191.87
01/03/2002;27.63;23.36;NA;975.76;87.14;0;NA;NA;NA;NA;NA;NA;NA;NA;NA;NA;NA;NA;NA;0;1.13;140.12;25.2;87.14;27.88;2.21;41.76;993.17;226.23
02/03/2002;28.8;22.77;NA;976.29;84.74;0;NA;NA;NA;NA;NA;NA;NA;NA;NA;NA;NA;NA;NA;0;6.29;111.98;25.6;84.74;27.55;1.88;-1.39;993.34;241.35
03/03/2002;27.52;23.26;NA;976.44;89.96;0;NA;NA;NA;NA;NA;NA;NA;NA;-5.2;3.78;NA;-3.92;6.9;0;12.47;87.52;24.59;89.96;27.75;0.82;-18.82;993.17;217.13
04/03/2002;26.94;22.76;23.1;977.87;89.47;37.09;112.62;60.41;30.72;4.97;26.24;-4.39;NA;NA;-5.42;0.77;NA;-9.44;3.72;37.09;0.18;148.29;24.37;89.47;27.2;1.29;14.58;994.02;272.31
05/03/2002;28.69;22.6;23.71;978.31;83.3;2.03;169.56;51.28;133.9;32.59;101.32;-2.32;0.82;-79.91;-6.26;6.47;-0.58;-8.54;7.37;2.03;0.52;131.38;25.61;83.3;27.18;1.41;38.61;994.03;287.76
06/03/2002;27.25;23.33;23.25;978.09;88.34;0.76;140.04;69.14;86.27;17.54;67.66;-3.27;NA;NA;-6.44;3.8;-0.73;-8.73;7.26;0.76;0.19;148.34;24.76;88.34;27.57;1.45;40.65;993.75;269.32
07/03/2002;28.53;22.57;23.86;978.2;85.12;1.26;139.84;58.27;104.97;23.73;83.11;-2.9;NA;NA;-5.81;6.62;0.5;-7.95;8.95;1.26;2.02;120.43;25.16;85.12;27.1;1.8;54.66;994.07;274.8
08/03/2002;29.22;22.87;25.06;978.06;81.12;0.25;171.44;56.75;120.41;24.02;99.34;-2.59;NA;NA;-6.36;7.82;0.54;-7.51;8.59;0.25;1.48;123.39;26.17;81.12;27.38;2.42;56.18;994.12;262.7
09/03/2002;28.62;23.49;25.1;978.13;85.07;4.33;218.1;27.89;175.08;43.48;132.5;-1.5;2.81;62.56;-6.34;9.14;1.02;-7.46;9.5;4.33;0.43;94.27;25.76;85.07;27.94;2.47;21.48;994.49;284.08
10/03/2002;26.87;23.42;24.02;978.26;89.59;17.27;162.9;48.08;135.88;26.43;106.65;-2.28;NA;NA;-8.82;5.18;NA;-9.12;8.03;17.27;0.07;179.46;24.72;89.59;27.76;1.56;34.98;994.41;287.49
11/03/2002;27;23.13;23.59;977.56;88.17;4.83;98.26;61.09;64.42;6.17;60.8;-3.71;NA;NA;-2.15;7.59;3.21;-4.55;10;4.83;0.05;95.98;24.85;88.17;27.62;1.33;31.2;994.34;291.18
12/03/2002;29.59;23.22;25.15;978.38;84.56;0;214.89;33.44;177.51;57.07;121.26;-1.45;1.11;-76.49;-5.16;5.73;0.36;-8.2;8.91;0;0.01;135.99;25.91;84.56;28.08;1.51;11.52;994.54;267.89
13/03/2002;27.78;23.46;24.79;977.87;86.87;16.25;NA;NA;135.9;26.69;102.25;-2.28;NA;NA;-4.89;1.36;NA;-8.93;3.1;16.25;0;108.13;25.5;86.87;28.18;1.81;6.58;994.46;269.18
14/03/2002;29.39;24.16;24.26;976.52;84.22;3.04;186.23;NA;131.84;9.86;123.49;-2.36;2;82.22;-5.53;6.76;0.89;-6.92;8.69;3.04;2.13;85.43;26.09;84.22;28.36;2.45;20.52;993.06;268.58
15/03/2002;29.22;22.71;25.18;976.63;85.36;2.53;192.93;35.61;138.25;19.7;113.83;-2.23;NA;NA;-6.66;3.7;-0.84;-8.25;6.57;2.53;6.19;84.57;25.55;85.36;27.77;2.28;32.57;993.39;193.42
16/03/2002;28.54;22.81;24;977.19;86.62;23.88;132.41;44.49;95.93;23.17;71;-3.08;NA;NA;-2.48;7.99;NA;-3.67;7.67;23.88;0.62;118.54;25.35;86.62;27.9;2.42;52.73;993.65;226.1
17/03/2002;29.21;23.62;24.41;976.28;82.26;8.39;162.24;51.57;128.38;28.43;100.72;-2.43;NA;NA;-7.91;6.39;0.14;-9.41;8.5;8.39;3.98;72.54;26.11;82.26;27.7;2.26;64.52;992.76;250.84
18/03/2002;29.07;24.18;25.3;975.61;83.62;0.51;184.01;35.99;114.88;17.45;96.69;-2.7;NA;NA;-5.78;5.9;-0.22;-8.56;8.11;0.51;2.16;103.43;26.27;83.62;28.49;2.19;48.05;992.35;237.98
19/03/2002;28.45;23.07;24.73;974.95;86.57;6.35;155.1;52.54;116.1;15.48;97.46;-2.68;1.66;76.32;-5.33;9.43;1.85;-6.91;10.61;6.35;1.21;109.39;25.52;86.57;28.18;1.67;16.03;991.73;247.99
20/03/2002;29.26;23.52;25.68;975.1;86.12;0.51;172.56;43.24;117.95;16.68;101.78;-2.64;NA;NA;-5.19;7.05;1.33;-7.19;9.84;0.51;4.36;97.73;25.69;86.12;28.26;1.85;27.03;992.2;257.22
21/03/2002;28;22.96;24.75;975.82;90.37;7.61;110.57;62.12;81.08;NA;NA;-3.38;NA;NA;-4.55;6.67;0.83;-5.19;6.85;7.61;34.07;108.62;24.57;90.37;27.84;1.92;-5.12;993.06;85.33
22/03/2002;26.71;23.14;22.94;977.04;92.32;76.22;54.88;49.19;30.53;4.32;26.58;-4.39;NA;NA;-11.89;0.68;NA;-11.69;3.96;76.22;0.38;111.36;24.24;92.32;27.91;1.73;2.39;993.4;156.04
23/03/2002;25.36;22.75;NA;977.56;91.45;0;NA;NA;NA;NA;NA;NA;NA;NA;-5.45;2.61;NA;-8.6;4.84;0;0.28;88.77;23.93;91.45;27.15;2.58;64.79;994.51;235.61
24/03/2002;27.2;22.7;NA;977.16;90.94;0;NA;NA;NA;NA;NA;NA;NA;NA;NA;NA;NA;NA;NA;0;14.45;162.46;24.23;90.94;27.51;2.93;31.44;994.28;147.54
25/03/2002;28.8;22.82;NA;976.59;81.78;0;NA;NA;NA;NA;NA;NA;NA;NA;-7.14;1.72;NA;-4.69;6.13;0;5.08;118.98;25.59;81.78;26.6;2.55;25.61;993.17;111.72
26/03/2002;28.9;24.73;25.18;976.74;75.24;0;195.29;20.32;152.31;26.73;134.47;-1.96;2.49;73.32;-9.54;2.93;-3.77;-12.36;4.81;0;1.33;82.18;26.29;75.24;25.61;2.41;25.61;992.7;205.59
27/03/2002;28.62;23.98;24.3;976.13;81.19;6.36;138.61;54.71;85.75;9.97;75.99;-3.28;2.4;-72.4;-5.31;5.64;-0.31;-8.02;7.4;6.36;4.43;106.35;25.73;81.19;26.81;2.46;-16.1;992.51;185.54
28/03/2002;28.05;23.18;24.24;975.94;84.11;0;206.87;25.99;165.84;45.34;118.36;-1.68;2.87;89.06;-8.42;7.45;-0.4;-10.74;9.93;0;1.89;89.17;25.43;84.11;27.21;2.93;-12.7;992.41;194.54
29/03/2002;29.41;23.74;23.77;975.49;81.8;11.68;80.24;46.58;52.2;NA;NA;-3.96;NA;NA;-0.43;6.3;NA;-4.98;9.08;11.68;0;66.75;26.34;81.8;27.91;1.93;31.51;991.96;265.6
30/03/2002;29.83;24.39;24.02;975.72;82.23;17.29;172.69;38.8;131.68;30.02;86.45;-2.37;2.03;76.59;-4.36;7.19;1.67;-5.74;9.09;17.29;0;99.05;26.36;82.23;28.13;2.67;62.6;992.4;284.38
31/03/2002;27.72;23.92;23.52;977.02;89.15;4.06;67.22;48.76;47.11;NA;NA;-4.06;NA;NA;0.56;7.78;3.51;-2.35;9.37;4.06;0;107.74;24.96;89.15;28.15;2.56;37.42;993.44;259.36
01/04/2002;28.64;23.58;24.21;975.91;86.47;0.25;193.85;25.91;157.2;40.25;118.84;-1.86;NA;NA;-10.84;4.79;NA;-10.51;8.39;0.25;0;93.2;25.56;86.47;NA;2.7;62.37;992.65;250.38
02/04/2002;28.92;23.47;23.74;975.67;86.3;14.23;61.66;41.9;42.56;NA;NA;-4.15;NA;NA;-0.59;5.73;NA;-0.79;6.78;14.23;0.11;103.27;25.76;86.3;28.44;2.21;46.27;992.49;228.47
03/04/2002;28.4;23.64;NA;976.41;88.74;0;NA;NA;NA;NA;NA;NA;NA;NA;-8.39;11.45;NA;-11.86;10.82;0;2.72;93.09;25.49;88.74;28.8;2.21;32.22;993.68;188.09
04/04/2002;27.55;23.54;NA;976.71;89.54;0;NA;NA;NA;NA;NA;NA;NA;NA;NA;NA;NA;NA;NA;0;1.9;103.33;25.12;89.54;NA;2.03;9.2;993.95;207.72
05/04/2002;28.16;23;NA;976.95;90.21;25.66;NA;NA;NA;NA;NA;NA;NA;NA;0.57;4.44;NA;2.35;7.32;25.66;0.06;174.82;24.62;90.21;27.83;1.25;28.88;993.6;200.22
06/04/2002;24.45;22.76;NA;976.63;95.07;26.41;NA;NA;NA;NA;NA;NA;NA;NA;NA;2.35;NA;NA;5.05;26.41;0.21;127.01;23.53;95.07;27.58;1.1;1.07;993.14;200.25
07/04/2002;27.9;22.52;NA;975.78;88.07;0;NA;NA;NA;NA;NA;NA;NA;NA;NA;NA;NA;NA;NA;0;4.86;91.81;24.86;88.07;27.52;1.46;13.62;992.55;190.99
08/04/2002;28.46;23.56;NA;975.33;85.73;6.1;NA;NA;NA;NA;NA;NA;NA;NA;-7.33;3.96;NA;-5.52;6.94;6.1;1.58;163.34;25.89;85.73;28.52;1.86;48.85;991.98;183.9
09/04/2002;26.8;22.74;24.69;975.87;89.43;30.48;188.84;17.07;151.7;29.22;119.98;-1.97;NA;NA;-5.89;6.56;NA;-8.44;8.03;30.48;0.64;96.05;24.88;89.43;27.93;1.95;25.48;993.03;182.86
10/04/2002;25.04;23.04;22.16;977.54;92.44;129.04;66.17;41.99;35.69;5.52;32.4;-4.29;NA;NA;-5.47;-0.25;NA;-4.24;7.93;129.04;0.17;135.77;24.03;92.44;27.64;1.87;31.34;993.29;219.16
11/04/2002;29.1;22.76;23.69;976.45;85.98;0.25;173.65;29.98;136.28;34.33;95.34;-2.27;NA;NA;-8.67;1.38;NA;-8.56;5.76;0.25;0;170.12;25.71;85.98;28.22;1.07;21.98;992.72;218.49
12/04/2002;29.79;23.69;24.84;976.31;81.45;0;181.35;18.4;118.3;22.6;94.01;-2.63;NA;NA;-8.07;8.08;-0.38;-9.89;9.13;0;0;73.42;26.43;81.45;27.87;1.7;58.41;992.39;253.77
13/04/2002;30.2;24.4;25.87;975.78;78.28;0;235.88;4.85;180.22;49.8;133.2;-1.4;2.76;69.09;-3.76;5.08;1.19;-5.83;8.22;0;0.56;74.3;27.05;78.28;27.74;2.23;59.43;992.43;217.72
14/04/2002;28.06;23.5;24.59;976.45;87.26;19.75;184.74;16.41;141.55;26.87;113.79;-2.17;1.3;-74.28;-4.7;6.49;-0.52;-7.22;7.14;19.75;0.86;153.13;25.44;87.26;NA;1.85;6;993.21;151.73
15/04/2002;26.95;22.91;22.9;978.16;90.31;54.95;138.09;36.99;100.34;NA;NA;-2.99;NA;NA;-12.9;1.85;NA;-12.74;5.78;54.95;0.01;176.15;24.63;90.31;27.95;1.27;16.61;994.04;204.11
16/04/2002;27.09;23.42;24.38;977.14;91.02;11.94;207.14;9.45;164.35;49.24;104.79;-1.71;NA;NA;-5.35;8.05;0.92;-7.02;8.87;11.94;0;140.33;24.9;91.02;NA;1.71;19.55;993.86;227.6
17/04/2002;29.28;23.5;23.89;976.57;85.72;20.84;143.3;34.94;108.66;25.11;77.5;-2.83;NA;NA;-5.84;4.92;NA;-8.44;8.01;20.84;0;130.26;25.78;85.72;28.3;1.78;4.65;993.24;242.52
18/04/2002;28.91;23.46;24.83;975.5;87.26;0.25;175.25;25.16;135;27.02;98.29;-2.3;NA;NA;-6.01;3.35;-1.25;-8.17;5.67;0.25;0;81.46;25.77;87.26;NA;1.32;11.56;992.38;218.1
19/04/2002;28.83;23.16;24.74;975.03;86.96;1.52;166.32;23.68;118.73;NA;NA;-2.62;NA;NA;-6.34;4.29;-1.79;-8.44;4.85;1.52;0.14;93.33;25.64;86.96;NA;1.73;-10.15;992.06;208.88
20/04/2002;28.74;23.6;24.17;974.74;87.12;0.76;147.61;21.28;114.18;NA;NA;-2.72;2.73;89.81;-3.68;7.7;2.71;-4.44;9.86;0.76;0;95.64;25.62;87.12;NA;2.01;24.94;991.45;230.84
21/04/2002;28.09;23.42;24.48;974.94;87.94;2.03;195.52;16.06;151.91;NA;NA;-1.96;NA;NA;-6.63;7.6;0.11;-8.07;8.29;2.03;0.64;85.36;25.34;87.94;28.35;1.95;-11.15;991.72;198.69
22/04/2002;27.9;23.98;24.5;974.72;88.19;4.71;137.99;37.08;98.71;NA;NA;-3.03;2.76;79.64;-7.32;8.1;-0.11;-8.5;9.47;4.71;0.25;82.18;25.68;88.19;NA;2.26;61;991.68;183.58
23/04/2002;27.73;23.68;23.57;975.25;90.78;22.97;127.12;40.31;98.03;NA;NA;-3.04;NA;NA;-7.48;4.41;NA;-8.7;7.36;22.97;0;106.27;24.91;90.78;28.55;2.12;67.96;991.79;227.17
24/04/2002;26.32;23.25;23.84;975.17;91.92;26.43;152.11;36.87;100.24;NA;NA;-3;NA;NA;-9.09;7.43;NA;-8.4;7.76;26.43;0;190.62;24.67;91.92;28.45;1.73;28.06;992.08;237.26
25/04/2002;29;23.63;24.32;975.93;86;0;135.15;41.68;102.42;NA;NA;-2.95;2.1;44.84;-6.55;6.33;0.52;-7.06;8.11;0;0;48.61;25.64;86;28.08;1.64;65.23;992.32;227.73
26/04/2002;29.05;23.21;24.81;975.87;84.94;26.17;162.46;22.95;102.51;NA;NA;-2.95;0.76;58.67;-5.88;3.3;NA;-9.4;6.42;26.17;0;137.44;25.83;84.94;28;1.2;24.48;992.92;217.33
27/04/2002;27.53;23.17;23.13;976.32;90.98;3.04;73.36;39.12;54.13;NA;NA;-3.92;NA;NA;-2.18;0.5;-0.58;-4.88;4.57;3.04;0.97;139.32;24.58;90.98;27.95;1.3;-5.44;993.53;206.32
28/04/2002;28.92;22.94;25.07;975.56;87.11;1.77;210.27;6.91;168.92;NA;NA;-1.62;NA;NA;-5.44;3.63;-1.18;-8.44;6.09;1.77;1.03;104.29;25.2;87.11;27.79;1.42;16;992.76;96.75
29/04/2002;28.51;23.46;24.94;976.31;86.56;1.01;167.02;19.41;NA;NA;NA;NA;NA;NA;-4.95;3.83;-0.57;-8.25;7.11;1.01;0;94.58;25.48;86.56;28.04;1.87;26.33;993.02;202.52
30/04/2002;27.79;23.63;24.55;977.36;86.87;10.41;177.67;15.27;138.58;NA;NA;-2.23;NA;NA;-10.18;6.02;NA;-9.42;7.32;10.41;0.05;120.89;25.56;86.87;28.23;1.95;43.63;994.16;205.77
01/05/2002;28.48;23.7;25.22;976.86;86.08;1.53;207.25;7.46;162.7;NA;NA;-1.75;2.65;77.84;-7.43;6.89;0.15;-7.98;8.28;1.53;1.44;76.54;25.74;86.08;28.34;1.76;39.02;993.91;137.76
02/05/2002;28.32;24.1;NA;975.91;86.96;0;NA;NA;NA;NA;NA;NA;NA;NA;3.88;4;NA;-4.8;5.3;0;0.13;97.45;25.86;86.96;NA;2.31;60.54;993.16;170.96
03/05/2002;27.79;23.34;NA;975.12;87.11;0;NA;NA;NA;NA;NA;NA;NA;NA;28.16;5.08;NA;NA;5.7;0;5.32;91.18;25.39;87.11;28.08;2.18;56.5;992.36;163.69
04/05/2002;28.32;23.66;25.28;976.23;85.58;19.56;177.69;12.97;140.54;NA;NA;-2.19;2.3;67.69;-5.54;7.25;NA;-6.84;8.42;19.56;10.33;91.25;25.66;85.58;28.1;1.74;49.46;993.52;133.56
05/05/2002;28.53;22.75;24.42;977.71;88.6;12.96;134.52;32.32;98.95;NA;NA;-3.02;NA;NA;-5.84;5.98;0.35;-6.41;7.12;12.96;0.2;101.93;24.81;88.6;27.69;1.81;-15.93;995.07;152.6
06/05/2002;29.32;22.8;25.49;977.43;85.46;0;175.29;12.18;116.27;50.12;68.06;-2.67;NA;NA;-6.81;2.39;NA;-7.37;5.91;0;10.06;131.05;25.5;85.46;27.72;1.63;26.09;994.86;137.45
07/05/2002;28.35;23.26;24.92;976.46;85.91;7.36;114.29;38.15;81.67;NA;NA;-3.37;NA;NA;-5.34;3.54;-1.59;-9.22;6.03;7.36;0.83;87.94;25.38;85.91;27.72;1.64;33.7;993.98;133.22
08/05/2002;27.56;22.92;23.94;976.65;88.22;4.83;110.69;30.44;87.99;NA;NA;-3.24;NA;NA;-3.52;4.28;NA;-4.88;6.43;4.83;1.08;109.75;25.05;88.22;27.96;1.87;26.9;994.19;169.87
09/05/2002;28.46;23.24;24.26;977.34;89.53;2.28;174.79;13.71;141.39;NA;NA;-2.17;2.93;-88.11;-7.51;8.37;0.35;-8.63;9.33;2.28;10.36;91.43;25.01;89.53;NA;2.02;15.76;994.71;103.98
10/05/2002;27.15;22.93;24.5;977.45;87.94;1.01;184.14;8.92;129.69;NA;NA;-2.41;NA;NA;-1.82;5.77;2.35;-3.65;8.35;1.01;0.7;84.2;25.02;87.94;27.84;2.14;41.33;994.94;147.85
11/05/2002;29.58;23.05;25.6;977.12;85.68;0;196.84;5.34;153.34;NA;NA;-1.93;2.23;74.78;-5.33;5;0.06;-8.7;7.72;0;0.04;83.28;26.1;85.68;NA;2.13;1.07;994.65;178.87
12/05/2002;27.85;23.45;24.37;977.46;88.29;9.21;141.79;18.73;110.99;NA;NA;-2.78;NA;NA;-6.38;6.92;NA;-7.78;7.48;9.21;0;87.01;25.16;88.29;28.19;2.37;27.98;995.04;192.49
13/05/2002;29.15;23.05;23.97;977.13;85.09;18.74;130.39;24.87;70.64;NA;NA;-3.59;NA;NA;-5.7;5.92;NA;-7.42;7.87;18.74;0;125.81;25.62;85.09;27.82;2.35;15.45;994.21;184.98
14/05/2002;28.79;24.1;25.81;975.87;83.68;0;186.71;6.75;143.82;19.13;122.61;-2.12;1.77;73.28;-3;3.26;NA;-5.99;5.88;0;0.08;72.55;26.33;83.68;28.56;2.53;65.68;993.12;188.46
15/05/2002;29.22;24.38;25.93;976.23;84.29;0;179.79;5.64;120.66;29.92;95.53;-2.59;NA;NA;-6.48;3.66;-0.75;-8.06;5.65;0;0;73.34;26.58;84.29;NA;2.51;61.13;993.65;204.8
16/05/2002;28.66;24.67;25.82;976.01;86.17;0;151.03;16.08;119.07;19.55;98.55;-2.62;3.05;65.05;-7.45;10.06;0.96;-8.93;10.86;0;0.19;64.05;26.41;86.17;NA;2.69;67.46;993.14;193
17/05/2002;29.03;23.7;24.98;975.11;87.95;0.25;151.05;17.32;108.59;22.05;86.55;-2.83;NA;NA;-8.14;6.27;-0.5;-9.29;8.29;0.25;0.22;77.95;25.52;87.95;28.55;2.42;58.68;992.67;168.1
18/05/2002;26.96;23.18;24.92;975;90.43;4.83;173;12.01;137.53;26.67;106.01;-2.25;NA;NA;-7.19;9.03;0.68;-7.31;8.66;4.83;0;51.14;24.78;90.43;28.24;2.28;28.81;992.64;180.39
19/05/2002;28.1;23.21;24.82;975.69;87.26;2.28;111.41;30.74;80.05;9.14;67.42;-3.4;NA;NA;-3.69;5.27;1.59;-5.32;8.49;2.28;1.34;80.66;25.41;87.26;28.14;2.03;63.83;993.02;156.83
20/05/2002;28.62;23.44;25.08;976.51;89.11;1.27;157.2;17.2;98.31;8.66;87.51;-3.03;2.83;64.89;-7.42;6.81;-0.66;-7.61;6.29;1.27;0.02;65.08;25.37;89.11;NA;2.06;8.57;993.52;171.95
21/05/2002;28.9;23.83;26.01;975.89;85.3;0;184.73;7.15;144.45;36.37;109.95;-2.11;2.43;74;-3.92;3.28;-0.01;-6.19;6.16;0;16.46;71.48;26.17;85.3;NA;2.12;0.83;993.36;75.45
22/05/2002;28.75;23.96;25.7;975.66;83.47;0.76;184;5.12;111.49;20.43;88.41;-2.77;2.62;73.12;-6.58;2.48;-1.94;-9.23;4.43;0.76;8.6;70.13;26.05;83.47;28.03;1.95;11.75;993.12;59.42
23/05/2002;28.68;23.43;24.43;976.46;87.23;4.32;137.43;22.01;100.75;18.02;84.15;-2.98;NA;NA;-6.01;0.89;-2.21;-9.11;3.82;4.32;0.81;106.53;25.42;87.23;28.21;1.46;-23.32;993.69;116.93
24/05/2002;27.46;23.37;24.34;976.82;88.73;18.53;100.61;33.92;79.96;14.17;52.27;-3.4;NA;NA;-1.63;2.73;0.72;-4.25;5.7;18.53;0.41;182;25.06;88.73;28.12;0.89;3.96;994.28;110.85
25/05/2002;27.24;23.13;24.55;976.83;91.09;0;185.51;7.93;147.95;33.6;110.83;-2.04;1.9;89.31;-6.55;7.05;0.06;-8.21;8.32;0;0;92.62;24.54;91.09;28.02;1.2;-3.89;994.22;173.62
26/05/2002;27.8;23.06;24.41;976.49;89.43;5.84;173.61;5.45;139.91;35.54;98.09;-2.2;2.01;-81.8;-7.48;6.97;-0.34;-8.71;8.03;5.84;0;103.8;24.83;89.43;27.82;1.46;-28.14;993.73;189.16
27/05/2002;28.48;23.66;25.1;975.59;87.19;0;182.79;5.77;124.75;25.34;97.44;-2.5;2.03;-80.84;-2.84;5.74;NA;-4.59;7.99;0;0;106.81;25.43;87.19;28.16;1.8;-15.45;993.08;196.66
28/05/2002;28.53;22.97;24.56;975.34;87.05;20.05;120.07;20.7;93.41;11.09;80.66;-3.13;NA;NA;-4.59;3.75;NA;-6.35;7.17;20.05;0;102.47;25.3;87.05;28;2.22;16.99;992.75;192.72
29/05/2002;28.51;23.79;24.87;975.59;84.51;0.51;137.57;17.87;92.65;10.71;80.34;-3.15;NA;NA;-3.73;4.49;0.19;-6.16;6.54;0.51;0;81.87;25.89;84.51;28.1;2.17;44.9;992.6;192.15
30/05/2002;28.35;22.52;25.32;976.15;88.71;0;168.25;6.95;130.65;24.63;107.92;-2.39;2.62;76.83;-6.03;6.65;0.13;-7.55;7.81;0;0;78.81;24.95;88.71;27.96;1.92;-37.58;993.63;190.64
31/05/2002;28.42;22.8;25.95;977.8;88.25;6.41;199.93;1.63;125.64;NA;NA;-2.49;NA;NA;-1.93;1.78;NA;-6.14;5.38;6.41;3.2;128.12;24.94;88.25;27.74;1.33;-11.77;995.12;168.63
01/06/2002;28.17;22.65;25.36;977.98;87.53;5.52;177.68;6.65;139.73;17.74;114.11;-2.2;NA;NA;-3.01;1.71;-1.5;-6.64;3.86;5.52;0.89;94.01;24.9;87.53;27.45;1.74;-18.44;995.47;112.06
02/06/2002;27.59;22.14;23.82;977.97;87.81;4.57;177.72;5.21;136.31;32.93;94.19;-2.27;2.4;-83.84;-8.79;3.16;NA;-9.36;6;4.57;0;102.9;24.35;87.81;26.67;2.24;-35.69;995.43;178
03/06/2002;27.64;22.32;24.86;977.26;85.87;2.29;175.96;5.52;131.94;18.25;108.62;-2.36;2.43;73.72;-3.63;1.45;NA;-8.86;3.49;2.29;0;72.6;25.08;85.87;27.23;2.23;6.61;994.49;185.15
04/06/2002;27.81;23.05;24.39;976.93;87.29;8.62;174.11;8.36;NA;NA;NA;NA;NA;NA;-1.51;3.57;NA;-6.27;6.76;8.62;0;69.79;25.15;87.29;27.84;1.9;-24.03;994.12;184.74
05/06/2002;27.84;22.68;25.29;976.22;87.61;0;217.79;0.67;149.43;32.64;118.8;-2.01;2.57;83.33;-5.25;4.87;0.02;-7.08;7.11;0;0;82.34;25.21;87.61;28.01;1.47;-11.16;993.42;186.85
06/06/2002;27.84;22.63;25.67;976.17;88.65;0;187.11;2.59;142.12;30.49;113.68;-2.16;2.39;71.63;-2.79;3.14;0.26;-5.15;5.67;0;0;72.29;24.72;88.65;27.55;1.75;7.02;993.59;185.17
07/06/2002;27.24;22.44;23.82;977.28;91.33;4.83;83.26;32.39;47.52;NA;NA;-4.05;NA;NA;-2.49;4.57;0.97;-4.81;6.75;4.83;0;77.82;24.28;91.33;NA;1.84;-14.07;994.89;184.67
08/06/2002;27.4;22.64;22.97;978.61;90.91;5.08;126.03;22.97;94.95;15.6;76.72;-3.1;NA;NA;-5.83;5.48;-0.36;-6.1;5.37;5.08;0;91.85;24.29;90.91;NA;1.8;31.49;995.91;178.66
09/06/2002;27.29;22.27;NA;978.2;89.13;2.03;NA;NA;NA;NA;NA;NA;NA;NA;-9.32;7.75;NA;-8.97;6.52;2.03;0;118.19;24.31;89.13;27.06;1.81;35.63;995.42;170.91
10/06/2002;28.62;22.84;NA;977.79;85.89;0;NA;NA;NA;NA;NA;NA;NA;NA;NA;NA;NA;NA;NA;0;0;172.54;25;85.89;27.08;1.94;28.65;994.85;150.3
11/06/2002;29.07;22.62;NA;977.31;85.23;0;NA;NA;NA;NA;NA;NA;NA;NA;NA;NA;NA;NA;NA;0;0.11;51.78;25.17;85.23;27.1;1.65;-57.49;994.74;145.56
12/06/2002;27.85;22.7;NA;977.08;86.75;0;NA;NA;NA;NA;NA;NA;NA;NA;NA;NA;NA;NA;NA;0;0;73.96;25.07;86.75;27.51;1.43;-27.57;994.63;162.53
13/06/2002;28;22.18;NA;977.8;88.27;0;NA;NA;NA;NA;NA;NA;NA;NA;NA;NA;NA;NA;NA;0;0;83.72;24.65;88.27;27.29;1.32;-7.91;995.32;168.05
14/06/2002;27.35;23.32;NA;979.12;90.93;0;NA;NA;NA;NA;NA;NA;NA;NA;NA;NA;NA;NA;NA;0;0.22;96.8;24.58;90.93;NA;2.13;8;996.24;166.1
15/06/2002;27.43;22.68;NA;979.24;88.64;0;NA;NA;NA;NA;NA;NA;NA;NA;NA;NA;NA;NA;NA;0;1.98;124.54;24.35;88.64;26.98;1.99;-9.32;996.53;118.33
16/06/2002;27.94;22.34;NA;978.78;87.66;0;NA;NA;NA;NA;NA;NA;NA;NA;NA;NA;NA;NA;NA;0;0.01;121.19;24.47;87.66;26.82;2.11;13.46;996.21;150.8
17/06/2002;27.85;22.55;NA;977.89;88.42;0;NA;NA;NA;NA;NA;NA;NA;NA;NA;NA;NA;NA;NA;0;0;123.96;24.52;88.42;27.15;1.83;2.11;995.38;171.52
18/06/2002;28.58;22.62;NA;978.29;86.53;0;NA;NA;NA;NA;NA;NA;NA;NA;NA;1.39;NA;NA;2.14;0;0;133.88;25.06;86.53;27.42;1.73;13.73;995.19;178.92
19/06/2002;28.52;22.54;26.85;978.23;88.18;0;200.95;4.69;124.25;22.52;108.6;-2.52;NA;NA;-6.1;1.52;-2.49;-9.17;4.18;0;0.01;110.31;25.13;88.18;NA;1.92;32.14;995.63;154.54
20/06/2002;28.7;23.52;NA;977.87;82.6;0;NA;NA;NA;NA;NA;NA;NA;NA;-5.85;0.94;NA;-8.59;1.91;0;0.1;102.47;25.88;82.6;27.39;2.15;45.29;995.28;159.08
21/06/2002;27.88;23.14;NA;978.65;87.71;0;NA;NA;NA;NA;NA;NA;NA;NA;-5.91;0.01;NA;-4.82;4.6;0;0;156.15;25.09;87.71;27.89;1.96;12.58;996;173.42
22/06/2002;28.5;23.03;25;979.37;85.7;9.89;192.97;3.77;151.38;34.85;115.47;-1.97;0.86;-86.15;-5.48;3.93;-1.17;-7.25;4.92;9.89;3.82;123.53;25.16;85.7;27.3;2.11;13.43;996.57;113.16
23/06/2002;28.06;22.89;24.75;978.96;86.57;10.42;164.42;6.77;135.23;21.89;106.62;-2.3;1.3;84.26;-2.78;3;0.24;-5.6;6.08;10.42;1.77;120.51;25.22;86.57;27.66;1.79;0.04;996.49;57.43
24/06/2002;27.01;22.58;24.65;979.41;89.42;9.15;178.26;3.45;128.66;18.77;108.43;-2.43;NA;NA;-4.98;5.9;0.02;-6.78;6.82;9.15;0.22;88.3;24.4;89.42;27.3;2.11;-17.71;997.26;154.23
25/06/2002;27.1;22.7;24.49;980.01;89.26;0;129.84;13.17;100.96;13.39;93.44;-2.98;NA;NA;-3.22;3.25;0.26;-4.97;5.49;0;0.91;92.73;24.66;89.26;27.54;2.17;2.69;997.99;90.32
26/06/2002;28.26;23.12;24.74;980.19;88.04;0.25;129.09;20.62;84.84;16.35;65.26;-3.3;NA;NA;-3.21;1.49;0.14;-6.16;6.44;0.25;0.3;65.64;25.22;88.04;28.08;1.98;-14.42;997.51;70.59
27/06/2002;27.69;22.74;24.25;978.88;88.1;5.33;157.29;10.92;123.58;17.48;98.32;-2.53;NA;NA;-5.71;4.85;-0.73;-6.91;5.44;5.33;0;104.5;25.16;88.1;28.01;2.18;53.85;996.22;151.78
28/06/2002;28.26;23.35;25.1;977.91;87.91;1.02;151.73;6.59;112;18.56;85.06;-2.76;2.79;84.62;-2.97;2.34;-0.17;-5.26;4.91;1.02;0;83.64;25.44;87.91;NA;2.31;61.16;995.24;144.93
29/06/2002;29.16;23.2;26.34;978.06;80.63;0;229.04;0.28;175.34;33.75;144.74;-1.49;2.71;-74.02;-3.87;3.34;0.03;-7.16;6.32;0;0;104.05;26.02;80.63;26.89;1.98;40.62;995.37;170.43
30/06/2002;29.9;23.62;25.86;978.89;81.59;0;204.63;1.54;156.44;27.53;132.75;-1.87;NA;NA;-2.5;3.11;-0.55;-4.08;2.97;0;0;98.36;26.06;81.59;27.4;2.04;25.66;996.17;179.58
01/07/2002;29.42;23.2;26.16;979.36;83.21;0;196.27;0.94;149.44;28.76;114.15;-2.01;NA;NA;-6.92;1.69;-1.49;-8.17;4.35;0;0;109.25;25.91;83.21;27.71;2.05;33.9;996.85;178.32
02/07/2002;29.13;24.03;25.71;977.94;84.58;8.07;174.27;3.05;137.22;25.13;112.24;-2.26;1.99;87.68;-5.27;4.17;-1.49;-7.81;4.84;8.07;0.06;97.05;25.91;84.58;28.06;2.12;6.11;995.74;146.49
03/07/2002;27.99;23.17;24.9;977.26;87.05;8.19;177.43;1.76;120.15;16.18;97.29;-2.6;NA;NA;-5.98;2.98;-0.86;-7.47;5.75;8.19;0;107.53;25.01;87.05;27.52;2.17;14.68;995.05;153.98
04/07/2002;28.81;23.16;25.3;977.22;83.57;2.55;187.25;2.97;143.81;23.45;118.12;-2.12;2.41;84.36;-3.42;3.75;0.43;-5.03;5.9;2.55;0;81.63;25.5;83.57;27.1;2.44;70.02;995.1;168.46
05/07/2002;29.05;22.95;25.84;976.96;82.95;0.25;201.88;1.41;126.06;18.88;110.34;-2.48;2.01;-89.92;-2.41;1.73;-0.34;-5.07;4.38;0.25;0;90.36;25.79;82.95;27.37;1.83;-7.4;994.68;165.56
06/07/2002;29.36;23.05;25.85;976.93;82.78;0;186.58;2.85;143.53;25.72;117.98;-2.13;1.95;-83.11;-1.91;1.84;-0.02;-4.2;4.16;0;0;96.23;25.73;82.78;27.22;1.44;-2.37;994.73;150.87
07/07/2002;30.63;23.55;26.91;978.38;81.4;0;231.62;0.27;178.87;50.26;143.53;-1.42;NA;NA;-2.18;1.08;NA;-5.1;2.77;0;0.19;106.47;26.47;81.4;27.89;1.44;7.9;995.74;137.33
08/07/2002;29.86;23.71;26.88;977.85;81.24;0;224.79;0.27;138.36;NA;NA;-2.23;NA;NA;1.48;2.23;NA;-3.36;4.08;0;0;133.04;26.57;81.24;28.05;1.73;37.05;995.57;182.13
09/07/2002;29.11;24.21;26.05;978.03;82.95;0;177.9;3.51;135.34;33.62;96.51;-2.29;NA;NA;-4.78;3.03;-1.05;-7.6;5.5;0;0.06;82.31;26.39;82.95;28.42;2.31;54.33;995.86;157.78
10/07/2002;29.02;23.94;26.19;977.99;84.09;0;184.52;2.95;NA;NA;NA;NA;NA;NA;-3.87;5.51;1.2;-5.5;7.9;0;0.11;81.78;26.41;84.09;NA;2.87;61.9;995.69;147.4
11/07/2002;28.54;23.72;24.22;977.87;83.74;13.45;106.76;23.46;75.7;2.1;70.74;-3.49;1.97;88.52;-2.85;2.18;-0.62;-5.66;4.43;13.45;6.19;99.43;25.88;83.74;27.85;2.73;62;995.58;110.14
12/07/2002;28.15;23.6;25.31;977.85;84.31;2.55;182.67;3.38;116.97;21.17;93;-2.66;NA;NA;-4.38;2.31;-1.04;-6.55;4.47;2.55;14.61;69.62;25.66;84.31;27.69;1.83;56.2;995.54;49.23
13/07/2002;28.95;23.5;25.49;977.96;84.46;0.51;177.33;5.28;141.1;32.36;104.22;-2.18;1.53;73.85;-2.71;3.02;0.1;-5.43;5.64;0.51;2.56;113.8;25.71;84.46;27.82;1.77;63.93;995.57;121.54
14/07/2002;28.76;23.55;25.63;977.57;84.62;2.55;189.47;1.86;152.25;39.46;113.94;-1.96;1.97;71.33;-3.18;3.38;0.51;-6.31;7.34;2.55;0.3;79.75;25.84;84.62;28.07;2.44;61.42;995.37;134.64
15/07/2002;29.35;23.59;25.57;977.52;81.79;0;192.64;1.35;122.52;28.01;93.82;-2.55;2.2;86.25;-4.13;5.66;0.54;-6.62;7.71;0;0.03;91.02;26.06;81.79;27.45;2.04;21.7;995.05;170.8
16/07/2002;29.73;23.64;25.94;977.73;81.49;0;202.64;0.63;156.31;39.99;116.08;-1.87;2.79;81.45;-3.65;2.9;-0.46;-6.54;5.61;0;0;80.75;26.33;81.49;27.77;2.03;-9.19;994.94;184.19
17/07/2002;29.76;24.05;25.86;978.07;80.81;0;192.02;1.18;124.18;37.84;87.87;-2.52;2.89;70.48;-4.77;3.46;-0.8;-6.86;5.25;0;0;72.29;26.6;80.81;27.96;2.18;42.26;995.54;178.16
18/07/2002;28.87;23.84;25.86;977.92;80.73;0;187.21;1.28;144.21;33.81;108.99;-2.12;2.89;59.17;-3.17;2.56;-0.3;-5.93;5.32;0;0.09;59.35;26.12;80.73;27.21;2.58;11.37;995.82;138.6
19/07/2002;28.93;23.62;25.98;977.46;81.37;0;171.21;2.97;102.69;27.11;90.82;-2.95;NA;NA;-2.95;1.28;-0.87;-5.67;3.93;0;0;66.66;25.88;81.37;26.99;1.89;7.77;995.29;165.39
20/07/2002;29.11;22.93;26.07;976.86;82.03;4.07;196.69;2.96;154.8;27.96;113.74;-1.9;NA;NA;-1.6;0.68;-0.29;-3.98;3.4;4.07;0.05;95.4;25.71;82.03;26.95;1.8;7.74;994.8;155.71
21/07/2002;29.46;23.44;25.88;976.59;81.61;0.25;162.84;6.26;121.95;18.3;100.71;-2.56;1.78;69.23;-5.25;1.88;-1.49;-7.87;4.89;0.25;0.49;72.03;26.28;81.61;27.71;1.7;45.22;994.5;125.05
22/07/2002;29.7;24.21;25.65;976.78;80.57;0;159.15;8.18;92.8;17;75.65;-3.14;3.09;69.37;-2.33;5.71;1.27;-4.43;6.97;0;0.83;69.13;26.72;80.57;28.11;2.85;64.98;994.38;142.9
23/07/2002;29.93;24.1;25.72;976.69;78.7;0;214.67;0.62;168.96;48.3;117.8;-1.62;2.87;78.05;-4.11;5.57;0.93;-5.86;7.72;0;0;75.01;26.71;78.7;27.42;2.59;78.82;994.12;183.51
24/07/2002;30.22;24.1;26.06;977.04;80.03;0;179.78;3.15;117.69;41.26;76.38;-2.65;NA;NA;-5.49;4.13;NA;-6.44;6.75;0;0;74.81;27.06;80.03;28.47;2.23;60.75;994.48;188.8
25/07/2002;30.14;24.34;25.79;978.15;80.61;0.25;199.46;1.15;158.67;54.48;107.59;-1.83;2.68;66.43;-4.26;3.75;-0.74;-7.16;5.68;0.25;0;67.95;26.92;80.61;28.45;3.05;63.3;995.28;201.7
26/07/2002;29.23;24.15;25.71;977.81;81.06;0;185.86;2.19;118.28;38;82.23;-2.63;NA;NA;-2.26;2.48;0.3;-4.7;5.31;0;0;77.25;26.24;81.06;27.52;2.47;37.2;995.7;187.16
27/07/2002;28.34;23.52;23.69;979.15;83.32;12.19;133.04;20.01;105.7;21.49;80.62;-2.89;NA;NA;-7.06;3.95;-1.49;-7.21;4.23;12.19;0;83.33;25.58;83.32;27.24;2.78;51.38;996.22;186.45
28/07/2002;28.71;23.08;NA;979.28;83.55;0;NA;NA;NA;NA;NA;NA;NA;NA;-1.77;0.95;NA;-5.54;2.88;0;0.67;73.28;25.43;83.55;27.02;2.37;-3.21;997.14;127.04
29/07/2002;29.59;23;NA;979.1;79.8;0;NA;NA;NA;NA;NA;NA;NA;NA;-4.66;1.73;NA;0.19;4.23;0;0.27;102.29;25.89;79.8;26.44;1.86;17.13;996.45;152.12
30/07/2002;29.07;22.86;25.07;978.37;80.91;3.31;166.31;5.88;136.39;31.1;107.92;-2.27;NA;NA;-2.87;3.35;-0.13;-5.78;5.53;3.31;0;75.49;25.88;80.91;26.88;2.61;4.32;996.12;188.8
31/07/2002;29.49;23.27;24.53;976.96;82.67;0;187.68;2.41;124.47;30.34;88.52;-2.51;2.66;72.63;-6.74;5.83;0.06;-7.95;8.08;0;0.01;75.7;26.03;82.67;27.73;2.28;19.77;994.85;196.32
01/08/2002;28.72;22.56;24.56;977.09;83.27;2.28;126.19;18.1;99.82;24.55;74.16;-3;1.4;39.08;-0.91;2.47;0.91;-3.57;5.39;2.28;6.89;144.51;25.59;83.27;27.25;2.16;33.53;995.09;138.36
02/08/2002;29.34;22.31;25.49;978.18;83.33;0;178.97;9.31;115.16;36.55;72.15;-2.7;0.6;38.43;-3.56;1.03;-1.37;-8.83;6.09;0;5.43;167.33;25.53;83.33;27.11;1.96;26.18;996.16;100
03/08/2002;29.51;23.33;26.25;978.23;82.77;0;192.45;1.73;153.83;36.1;116.65;-1.92;2.9;55.23;-4.08;4.82;0.21;-6.57;6.99;0;1.66;55.38;26.29;82.77;28.16;1.74;-2.23;996.15;148.2
04/08/2002;29.07;23.29;25.95;977.63;82.67;0;187.52;2.42;150.7;41.63;111.99;-1.99;3.07;55.35;-4.5;3.15;-0.42;-6.78;5.93;0;0.03;54.64;25.73;82.67;27.19;2.5;-0.84;995.86;187.6
05/08/2002;29.48;23.34;25.31;976.67;82.81;0.25;195.01;2.08;150;42.39;108.89;-2;2.89;77.2;-5.21;4.31;-0.83;-7.65;5.99;0.25;0;77.36;25.57;82.81;27;2.08;-15.21;994.85;189.34
06/08/2002;29.23;23.2;25.59;976.39;81.25;0;185.11;3.5;146.1;32.61;107.49;-2.08;2.6;84.08;-5.36;2.84;-0.98;-7.64;5.67;0;0.31;84.71;26.09;81.25;27.29;1.96;32.26;994.38;181.64
07/08/2002;29.97;23.93;26.11;977.33;80.8;0;232.39;0.71;148.78;42.68;107.33;-2.02;3.25;57.08;-4.08;3.64;-0.35;-6.58;5.88;0;0;55.5;26.71;80.8;28.14;2.4;53.85;995.03;193.57
08/08/2002;30.14;24.45;26.36;976.73;78.44;0;225.84;0.67;181.5;55.49;124.91;-1.37;2.61;74.99;-5.36;3.15;-1.04;-7.92;4.98;0;0;93.07;27.04;78.44;27.85;2.4;46.74;994.54;196.43
09/08/2002;29.68;24.08;26.66;977.03;81.51;0;207.98;1.3;135.5;28.94;104.83;-2.29;2.42;64.77;-5.09;3.1;NA;-8.8;4.94;0;0;66.81;26.36;81.51;27.86;1.64;37.04;994.5;212.71
10/08/2002;30.2;23.98;26.39;976.76;79.27;0;193.5;2.72;151.89;37.9;114.1;-1.96;2.83;60.78;-4.58;3.14;-0.53;-6.89;5.82;0;0.07;61.01;26.94;79.27;27.85;2.08;30.67;994.33;162.61
11/08/2002;29.67;24.56;26.15;977.61;79.71;0;190.1;3.31;150.3;42.89;105.34;-1.99;3;60.45;-5.11;4.56;-0.27;-7.25;6.71;0;0;62.07;26.84;79.71;28.07;2.46;48.93;995.18;194.83
12/08/2002;30.04;23.3;25.93;977.73;82.56;0;165.9;7.21;102.88;22.34;80.61;-2.94;2.72;59.87;-4.76;4.13;-0.26;-6.79;6.26;0;0;59.34;26.19;82.56;27.9;2.2;39.83;995.47;201.75
13/08/2002;29.82;23.62;26.06;977.73;81.79;0;186.66;3.75;150.04;40.44;106;-2;2.6;59.52;-4.66;2.74;-1.01;-7.99;5.96;0;0;61.03;26.48;81.79;28.02;2.16;29.53;995.17;201.77
14/08/2002;29.97;24.08;25.99;977.9;79.52;0;186.85;5.67;123.53;35.38;89.15;-2.53;3.12;60.13;-4.57;5.88;0.52;-6.65;7.69;0;0;60.15;26.72;79.52;27.78;2.49;41.37;995.1;205.26
15/08/2002;30.3;24.65;25.87;978.23;77.47;0;183.66;4.17;147.86;31.58;114.58;-2.04;2.99;63.94;-7.32;4.79;-1.13;-9.23;6.98;0;0.16;64.91;27.2;77.47;27.82;2.68;34.64;995.35;156.53
16/08/2002;30.18;24.49;26.13;978.65;77.17;0;217.67;1.46;144.62;39.04;107.43;-2.11;NA;NA;-7.06;7.1;-0.08;-8.24;8.09;0;0;84.1;27.1;77.17;27.53;2.88;62.32;995.44;200.32
17/08/2002;29.96;24.48;26.24;977.92;80.25;0;198.43;2.87;162.45;51.4;112.89;-1.75;1.53;51.99;-5.26;2.58;-0.71;-7.44;6.01;0;0;126.33;26.66;80.25;27.9;2.07;18.69;994.95;218.99
18/08/2002;30.07;23.72;25.85;977.03;79.78;0;179.69;5.24;147.82;35.09;108.73;-2.04;2.44;77.7;-6.08;2.01;-2.02;-8.35;4.31;0;0;83.15;26.55;79.78;27.52;2.72;60.96;994.14;221.11
19/08/2002;30.05;24.54;26.01;976.77;79.17;0;201.59;3.75;134.72;43.54;87.92;-2.31;3.16;67.87;-5.93;6.25;0.01;-7.58;7.6;0;0;69.64;26.94;79.17;28.01;2.67;49.38;993.65;209.62
20/08/2002;30.07;24.24;26.16;976.97;76.24;0;203.37;2.52;164.82;46.72;118.13;-1.7;3.29;60.1;-6.51;6.87;-0.14;-7.85;7.58;0;0;60.58;27.03;76.24;27.09;2.89;58.79;994.07;235.06
21/08/2002;31.06;24.81;25.75;977.68;74.73;2.34;200.16;5.52;132.16;35.06;95.41;-2.36;2.43;78.31;-4.01;3.09;0.14;-6.5;5.94;2.34;0;98.71;27.55;74.73;27.33;2.53;54.51;994.7;233.6
22/08/2002;31.18;25.07;26.39;977.33;78.75;0.19;204.36;3.61;167.04;52.87;123.9;-1.66;2.84;83.95;-5.64;2.74;-1.29;-7.56;4.98;0.19;0;83.33;27.31;78.75;28.3;2.34;41.83;994.29;189.47
23/08/2002;31.64;24.61;26.4;976.33;74.67;0;179.3;3.84;144.21;45.97;106.32;-2.12;2.96;60.26;-4.12;3.05;-0.84;-7.03;4.57;0;0.2;60.51;27.6;74.67;27.32;2.33;61.4;993.16;217.76
24/08/2002;31.46;24.52;26.62;976.29;74.41;0;210.4;2.65;174.73;56.95;119.02;-1.51;2.31;61.9;-4.18;4.61;0.34;-6.9;6.67;0;0;97.57;27.59;74.41;27.23;2.13;54.05;993.14;229.8
25/08/2002;31.43;25.07;26.17;976.59;76.04;0;170;13.79;137.5;38.87;100.22;-2.25;1.99;55.85;-5.46;3.89;-0.58;-7.4;6.23;0;0;86.65;27.79;76.04;28.17;2.19;40.1;993.55;219.6
26/08/2002;31.88;24.92;26.25;977.14;73.3;0;144.03;12.43;119.4;22.51;101.02;-2.61;NA;NA;-5.6;2.72;-0.8;-7.62;5.17;0;0.84;65.75;28.05;73.3;27.43;2.22;54.35;993.79;186.17
27/08/2002;31.38;24.98;26.38;976.81;71.93;0;209.57;4.07;170.82;55.42;117.89;-1.58;3.24;65.5;-4.27;3.28;-0.6;-6.47;5.27;0;0;65.84;28.04;71.93;26.98;2.81;46.4;993.52;235.72
28/08/2002;32.37;24.7;26.52;975.2;68.73;0;225.22;2.55;NA;NA;NA;NA;NA;NA;-4.27;3.57;-0.41;-7.62;5.9;0;0;77.89;28.35;68.73;26.17;2.79;66.32;991.88;241.39
29/08/2002;32.41;25.4;27.04;973.93;66.03;0;237.96;1.2;194.29;67.88;132.3;-1.11;NA;NA;-4.91;7.56;NA;-7.84;8.45;0;0.04;95.97;28.67;66.03;25.57;3.05;59.34;990.8;219.45
30/08/2002;30.63;25.49;26.34;974.67;72.36;0.25;196.9;6.85;147.79;44.28;104.07;-2.04;NA;NA;-6.56;5.8;0.48;-7.66;7.61;0.25;3.01;76.18;27.88;72.36;27.08;3.16;59.01;991.62;164.73
31/08/2002;31.58;25.23;26.52;975.88;73.88;1.52;212.68;5.84;178.72;42.85;134.81;-1.43;2.58;64.87;-6.11;6.45;0.42;-7.48;8.31;1.52;29.95;82.43;28.09;73.88;27.85;2.1;44.67;992.6;160.77
01/09/2002;31.16;24.83;26.7;975.95;76.06;0;172.31;11.18;139.87;38.7;106.06;-2.2;NA;NA;-7.04;2.08;-2.48;-8.7;3.74;0;4.17;113.85;27.78;76.06;28.14;1.44;27.19;992.54;152.53
02/09/2002;30.51;23.82;26.52;975.92;79.9;0;187.81;8.62;153.48;NA;NA;-1.93;0.9;-69.43;-8.13;2.05;-2.89;-10.77;4.99;0;0.02;156.26;27.28;79.9;NA;1.07;22.63;992.86;265.81
03/09/2002;31.89;24.27;26.69;976.98;71.26;1.52;219.35;3.18;180.64;76.94;114.06;-1.39;1.85;65.46;-5.22;2.59;-1.31;-6.78;4.16;1.52;0;103.4;28.03;71.26;26.39;1.73;34.15;993.75;267.98
04/09/2002;32.51;25.01;NA;977.76;63.83;5.08;NA;NA;NA;NA;NA;NA;NA;NA;-1.06;2.16;NA;-3.39;3.44;5.08;0;103.42;28.42;63.83;24.5;2.62;3.8;994.39;197.22
05/09/2002;30.28;25.02;NA;977.56;74.2;3.04;NA;NA;NA;NA;NA;NA;NA;NA;-6.92;2.72;NA;-6.5;5.47;3.04;0.71;103.25;27.25;74.2;26.75;2.87;41.23;994.38;224.96
06/09/2002;31.28;24.62;26.31;977.51;72.08;0;215.48;2.96;NA;NA;NA;NA;NA;NA;-4.47;4.12;0.02;-6.38;6.42;0;1.15;71.34;27.76;72.08;26.59;3.16;73.03;994.43;237.39
07/09/2002;32.34;24.15;26.52;977.46;63.98;0;241.24;2.27;196;68.25;131.2;-1.08;2.95;69.4;-2.69;5.36;1.63;-3.41;6.04;0;8.37;88.11;28.2;63.98;23.95;2.88;62.96;994.4;114.83
08/09/2002;33.26;24.97;27.06;977.21;55.67;0;245.09;1.75;200.87;NA;NA;-0.98;1.68;28.61;-5.64;1.77;-1.99;-7.27;3.29;0;1.31;136.15;28.96;55.67;21.71;2.41;55.97;994;63.2
09/09/2002;33.59;24.26;27.1;976.9;60.88;0;222.23;7.27;151.49;NA;NA;-1.97;1.39;-66.41;-5.11;1.32;NA;-7.37;3.42;0;4.51;144.12;28.86;60.88;23.75;1.64;34.83;993.69;142.23
10/09/2002;31.15;24.46;25.74;976.55;70.02;0.25;204.42;6.62;170.18;54.23;117.31;-1.6;1.64;-64.5;-6.07;2.76;-1.39;-8.15;5.37;0.25;0.86;125.53;27.8;70.02;26.05;2.57;-14.35;993.77;168.44
11/09/2002;31.82;24.69;26.15;976.24;69.23;0;195.11;15.62;132.09;32.4;108.11;-2.36;2.87;73.1;-5.34;4.98;-0.35;-6.79;6.09;0;0;75.78;28.03;69.23;25.91;3.13;49.97;993.31;241.99
12/09/2002;32.1;24.96;26.48;976.32;67.46;0;200.56;12.74;166.38;52.08;115.54;-1.67;2.36;71.88;-7.04;3.11;-1.86;-10.07;5.32;0;0;90.77;28.26;67.46;25.68;2.71;66.43;993.38;251.58
13/09/2002;32.35;25.46;26.62;975.72;65.17;0;182.78;13.14;137;47.83;91.86;-2.26;1.62;48.57;-4.61;2.7;-0.87;-7.44;5.7;0;0.46;122.82;28.6;65.17;25.31;2.42;41.24;992.53;188.07
14/09/2002;33.45;25.35;27.21;975.36;65.89;0;213.84;7.65;177.62;61.63;120.32;-1.45;2.44;65.43;-7.08;4.54;NA;-9.13;5.73;0;2.7;88.38;29.18;65.89;26.33;2.94;58.45;992.33;172.2
15/09/2002;33.66;26.28;26.9;975.88;62.91;0;175.41;20.78;145.98;38.81;113.06;-2.08;3.2;62.16;-8.79;4.98;-1.82;-10.63;6.98;0;0.48;63.36;29.51;62.91;25.57;3.65;60.36;992.39;160.26
16/09/2002;32.65;25.95;26.1;976.04;64.98;0;160.7;30.52;104.36;20.38;92;-2.91;3.17;65.25;-7.58;6.98;0.06;-8.43;7.49;0;0;63.34;29.04;64.98;25.84;3.63;60.76;992.77;207.52
17/09/2002;34.84;25.52;26.19;976.44;59.01;0;216.94;12.98;176.2;NA;NA;-1.48;4.24;75.74;-7.32;6.82;-0.34;-8.27;7.59;0;0;75.34;29.61;59.01;23.76;4.57;64.36;992.66;280.58
18/09/2002;33.39;24.98;25.94;976.43;56.02;0;196.2;13.62;130.19;NA;NA;-2.4;2.68;63.75;-7.99;5.1;-1.01;-9.14;7.12;0;0.07;88.34;29.14;56.02;22.1;3.08;50.47;993.47;254.12
19/09/2002;32.35;25.54;26.78;976.68;59.29;0;229.69;5.76;190.84;66.1;121.78;-1.18;1.72;39.15;-6.6;1.57;-2.5;-8.13;3.14;0;0;114.01;29.06;59.29;23.62;2.48;48.6;993.64;265.12
20/09/2002;33.59;25.82;27.29;976.52;59.47;0;229.04;5.55;202.47;NA;NA;-0.95;1.11;-77;-6.22;4.29;NA;-9.27;5.2;0;3.67;123.08;29.56;59.47;24.19;2.27;53.28;993.37;171.75
21/09/2002;33.68;25.98;26.45;976;62.1;3.56;181.67;20.89;152.81;NA;NA;-1.94;1.3;-19.32;-5.46;2.44;NA;-5.13;6.3;3.56;7.08;141.69;29.48;62.1;25.25;2.69;68.85;992.91;46.94
22/09/2002;33.63;25.46;25.99;974.89;68.22;0;189.37;21.2;157.4;41.24;116.78;-1.85;3.17;75.67;-3.68;4.71;0.45;-5.6;5.75;0;1.38;79.29;28.75;68.22;26.54;2.09;17.46;992.11;81.11
23/09/2002;32.43;25.73;25.97;974.9;67.18;0;181.4;25.51;139.99;35.05;109.71;-2.2;3.5;69.11;-8.74;6.78;NA;-13.05;7.3;0;7.92;67.47;28.86;67.18;26.35;2.57;56.49;991.77;96.62
24/09/2002;33.23;25.82;26.62;975.08;58.15;0;216.8;9.09;179.01;NA;NA;-1.42;2.97;64.81;-8.17;5.31;-1.64;-9.52;6.25;0;26.71;65.31;29.36;58.15;23.39;2.99;18.93;991.9;40.09
25/09/2002;33.46;25.63;26.56;974.79;56.79;0;229.06;7.35;154.51;38.13;118.51;-1.91;4.2;67.42;-8.99;6.82;-0.91;-9.47;7.66;0;0;66.4;29.36;56.79;22.98;3.1;48.63;991.45;194.79
26/09/2002;33.58;25.59;26.88;975.47;55.54;0;254.5;3.69;209.98;NA;NA;-0.8;3.64;65.63;-7.24;6.58;NA;-8.01;7.05;0;0;63.46;29.52;55.54;22.45;2.67;21.5;991.97;265.67
27/09/2002;33.64;26.58;26.79;976.43;54.76;0;209.12;13.86;143.51;NA;NA;-2.13;3.39;68.61;-8.59;4.8;NA;-10.37;6.06;0;0.01;69.14;29.67;54.76;22.55;3.1;47.11;993.11;200.94
28/09/2002;31.98;25.6;26.6;976.77;63.11;0;193.08;22.43;164.5;42.88;123.27;-1.71;2.46;75.74;-11.16;5.64;-2.35;-11.74;7.04;0;0;101.39;28.59;63.11;24.51;2.85;-13.65;994.03;217.58
29/09/2002;32.27;25.17;26.71;976.53;66.8;0;221.04;10.03;186.04;49.29;136.1;-1.28;2.28;70.58;-8.99;4.91;-2.14;-10.4;6.11;0;0;87.67;28.18;66.8;25.15;2.71;-3.67;993.62;285.11
30/09/2002;32.75;25.03;26.59;977.21;68.09;0;193.35;17.47;139.14;34.09;108.56;-2.22;NA;NA;-9.85;3;-3.11;-11.16;4.94;0;0;83.01;27.95;68.09;25.27;3.07;-19.19;993.98;293.32
01/10/2002;32.11;23.42;25.47;977.8;72.72;16.26;192.93;21.3;159.5;43.99;112.18;-1.81;3.02;69.19;-7.97;3.84;-1.59;-9.5;5.34;16.26;4.89;70.07;27.38;72.72;26.17;2.53;-23.85;994.81;212.08
02/10/2002;32.78;25.19;26.17;976.29;61.67;0;250.64;5.73;208.08;55.03;154.43;-0.84;3.13;62.92;-2.17;3.97;NA;-4.66;5.54;0;0.69;58.9;28.78;61.67;23.94;2.52;45.87;993.32;224.42
03/10/2002;32.85;25.4;26.92;975.15;60.67;0;244.19;5.63;202.75;50.38;150.4;-0.94;3.01;61.21;-5.49;3.52;-0.92;-6.87;5.04;0;0;60.38;28.97;60.67;23.94;2.84;54.42;992.31;283.26
04/10/2002;33.41;25.48;27.16;975.01;58.95;0;231.07;10.32;190.58;47.78;143.67;-1.19;2.92;64.6;-5.63;3.89;NA;-7.29;4.48;0;0.04;84.37;29.24;58.95;23.55;2.66;47.57;992.21;214.16
05/10/2002;33.21;25.48;26.87;974.03;59.11;0;236.07;9.94;197.68;51.54;148.06;-1.05;3.55;74.02;-9.07;6.8;NA;-10.35;7.48;0;0.15;74.66;29.2;59.11;23.62;2.98;71.65;991.36;269.07
06/10/2002;32.16;25.69;25.8;974.12;65.7;2.04;181.82;31.69;150.81;34.71;115.67;-1.98;3.27;68.2;-9.95;7.61;-0.95;-11.28;9.38;2.04;0.15;74.38;28.33;65.7;25.19;2.87;41.74;991.56;258
07/10/2002;32.76;25.45;24.82;974.3;59.69;0;191.01;31.3;165.98;NA;NA;-1.68;3.77;67.66;-9.06;8.88;-0.42;-9.87;9.03;0;0;66.88;28.97;59.69;23.49;3.82;65.99;991.37;300.54
08/10/2002;33.18;25.37;25.24;974.77;56.48;0;203.27;20.29;169.26;NA;NA;-1.62;3.2;72.6;-9.73;6.89;-1.29;-10.93;8.36;0;0.24;72.45;29.21;56.48;22.53;2.82;62.65;992.04;296.5
09/10/2002;33.52;26.28;25.86;974.8;58.54;0;204.95;NA;171.21;50.29;121.37;-1.58;3.3;62.19;-9.82;6.87;NA;-11.8;8.06;0;0;62.6;29.59;58.54;23.98;2.93;64.94;991.95;290.83
10/10/2002;32.3;26.09;25.47;974.63;63.02;0;182.97;38.19;151.37;37.9;118.26;-1.97;3.7;65.27;-10.17;8.37;-0.9;-10.72;8.92;0;0;64.54;28.99;63.02;25.07;3.34;51.31;991.68;283.89
11/10/2002;33.51;25.68;25.49;975.19;56.57;0;202.56;30.55;149.54;NA;NA;-2.01;3.45;61.83;-7.78;6.41;-0.69;-9.14;7.77;0;0;61.74;29.25;56.57;22.64;3.54;62.48;992.35;299.92
12/10/2002;33.69;26.16;25.66;976.21;55.75;0;203.15;29.39;170.02;NA;NA;-1.6;2.74;63.81;-9.85;4.61;-2.5;-10.91;5.91;0;0;72.11;29.55;55.75;22.72;2.98;53.23;993.36;298.12
13/10/2002;33.43;26.37;NA;975.61;60.74;0;NA;NA;NA;NA;NA;NA;NA;NA;-13.36;7.57;NA;-15.81;7.43;0;0;70.77;29.26;60.74;24.4;2.71;27.92;993.11;292.96
14/10/2002;32.26;23.58;NA;975.72;68.71;0;NA;NA;NA;NA;NA;NA;NA;NA;-10.49;3.83;NA;-9.52;5.88;0;0;98.36;27.76;68.71;25.02;1.72;-11.48;993.03;319.57
15/10/2002;30.76;24.17;26.25;974.97;74.1;0;186.01;43.73;155.84;50.64;108.61;-1.88;NA;NA;-6.13;5.3;-0.01;-6.94;6.06;0;0;92.23;27.51;74.1;27;1.72;-34.35;992.75;318.65
16/10/2002;31.37;25.41;26.76;975.43;66.13;0;246;13.78;171.46;58.67;115.28;-1.57;3.33;67.64;-9.2;5.8;NA;-10.3;6.45;0;0.03;65.34;28.44;66.13;25.44;2.33;24.2;993.06;328.38
17/10/2002;33.48;25.72;26.12;974.77;58.4;0;175.79;42.52;143.05;NA;NA;-2.14;NA;NA;-9.69;4.52;-2.24;-10.51;6.04;0;2.06;157.22;29.39;58.4;23.43;2.41;18.32;992.19;270.69
18/10/2002;32.24;25.43;25.95;974.12;66.25;0;173.02;45.23;129.23;31.83;92.39;-2.42;NA;NA;-8.28;6.78;-1.34;-9.19;6.5;0;0.76;145.64;28.31;66.25;25.16;2.7;-21.3;991.92;243.02
19/10/2002;30;25.1;24.78;973.61;72.66;1.52;145.59;61.34;126.57;23.18;98.39;-2.47;2.28;-89.16;-7.65;4.29;-1.29;-8.45;5.87;1.52;2.47;101.1;27.19;72.66;26.06;2.93;0.12;991.42;292.53
20/10/2002;31.88;25.12;25.55;973.69;67.63;0;174.11;62.42;146.99;29.8;115.19;-2.06;3;76.36;-11.71;5.93;-2.79;-13.12;7.55;0;0.07;77;28.29;67.63;25.67;2.55;34.42;991.41;310.21
21/10/2002;32.77;24.12;25.93;974.6;72.98;0;174.74;55.74;122.74;29.64;92.54;-2.54;NA;NA;-7.68;5.21;NA;-10.56;6.66;0;6.03;101.12;27.6;72.98;26.56;2.37;1.99;992.12;274.6
22/10/2002;30.31;23.34;25.55;975.05;81.36;0;192.24;48.41;168.25;51.47;114.64;-1.64;NA;NA;-9.12;1.74;-3.64;-11.16;3.88;0;11.95;107.55;26.79;81.36;28.42;1.79;-26.67;992.57;157.17
23/10/2002;31.24;23.97;25.95;974.43;74.53;0;197.28;42.24;137.72;33.04;102.34;-2.25;2.68;67.28;-11.17;4.04;-3.07;-13.13;5.73;0;0.42;65.34;27.6;74.53;27.09;1.68;-10.84;992.15;121.8
24/10/2002;32.35;24.49;25.5;974.43;67.26;5.84;223.14;24.16;191.93;54.81;132.74;-1.16;NA;NA;-7.95;5.61;-0.6;-8.73;6.51;5.84;0;95.09;28.19;67.26;25.06;1.73;-5.71;992.06;292.8
25/10/2002;31.05;24.66;26.16;973.53;70.41;0;172.71;62.44;147.63;33.3;107.01;-2.05;NA;NA;-6.9;2.3;-2.33;-9;4.34;0;0.41;160.8;27.79;70.41;26;1.28;-8.4;991.37;302.53
26/10/2002;32.62;25.31;26.98;973.37;67.63;0;217.27;34.12;184.6;42.69;134.42;-1.31;3.52;71.55;-9.83;6.07;NA;-11.2;6.94;0;2.65;71.25;28.71;67.63;26.28;2.24;-16.28;990.83;239.39
27/10/2002;32.77;25.81;25.53;973.3;71.03;0;204.11;41.86;176.5;NA;NA;-1.47;2.48;74.97;-11.53;6.5;-2.07;-12.01;6.63;0;0.03;125.39;28.38;71.03;27.17;2.41;14.75;990.95;298.82
28/10/2002;32.82;25.38;25.77;973.27;67.13;0;207.54;40.01;148.24;37.52;115.45;-2.04;3.7;71.56;-12;8.08;NA;-12.85;8.47;0;0.01;70.34;28.7;67.13;26.03;2.67;23.75;990.42;299.8
29/10/2002;33.35;25.63;26.72;973.16;61.27;0;196.38;47.11;165.68;37.41;125.81;-1.69;3.06;67.09;-11.62;5.24;NA;-12.46;5.95;0;11.8;68.02;29.26;61.27;24.45;2.55;15.91;990.14;271.08
30/10/2002;32.21;26.08;26.38;972.93;62.35;0.25;173.89;67.01;127.49;27.86;99.75;-2.45;3.05;63.3;-10.94;5.9;-2.45;-11.72;6.83;0.25;49.75;65.59;28.88;62.35;24.51;2.83;15.97;990.24;113.59
31/10/2002;31.6;24.53;25.93;974.04;69.61;3.56;145.46;89.45;121.19;16.35;90.82;-2.58;NA;NA;-8.95;2.56;-3.13;-11;4.73;3.56;7.77;145.46;28.01;69.61;26.04;2.13;4.46;991.19;100.29
01/11/2002;30.9;24.89;26.53;974.13;73.42;0;193.1;61.28;157.73;44.52;101.02;-1.85;NA;NA;-3.48;1.81;NA;-9.94;4.63;0;1.04;155.31;27.84;73.42;27.25;1.61;-4.58;991.8;136.16
02/11/2002;32.74;25.07;27.66;973.6;64.24;0;226;36.05;NA;NA;NA;NA;1.5;68.17;-6.51;3.99;NA;-9.74;4.39;0;0.21;145.6;28.95;64.24;25.17;1.57;-1.46;991.12;239.38
03/11/2002;28.34;23.79;23.2;975.26;83.54;81.51;47.08;43.97;NA;NA;NA;NA;NA;NA;-0.08;3.4;2.01;-0.66;4.68;81.51;0;148.25;25.99;83.54;27.98;1.83;-0.91;992.3;315.43
04/11/2002;29.68;23.48;24.62;974.91;82.38;1.01;149.73;100.12;NA;NA;NA;NA;NA;NA;-2.84;1.59;-0.49;-6.38;5.4;1.01;0.34;169.48;26.46;82.38;28.27;1.35;-32.85;992.46;292.02
05/11/2002;30.75;24.25;24.06;975.49;78.77;11.44;151.74;53.86;NA;NA;NA;NA;NA;NA;-3.57;6.6;0.52;-6.37;7.4;11.44;15.46;105.84;27.08;78.77;27.98;1.84;-11.04;992.9;46.72
06/11/2002;29.95;24.45;25.43;975.77;81.59;0;188.88;66.2;NA;NA;NA;NA;NA;NA;-6.9;3.41;-1.05;-9.83;6.62;0;3.46;112.72;26.62;81.59;28.33;1.31;-27.54;993.47;68.28
07/11/2002;29.39;23.55;26.92;975.6;81.81;0;211.04;50.57;NA;NA;NA;NA;0.59;67.42;-7.73;0.23;-3.99;-10.19;2.21;0;1.03;171.75;26.53;81.81;28.15;1.29;-5.93;993.59;173.44
08/11/2002;27.93;22.74;25.08;975.84;87.22;0;83.23;67.25;NA;NA;NA;NA;NA;NA;-2.2;3.54;0.46;-6.37;6.42;0;0.01;215.35;24.94;87.22;27.46;1.91;36.03;994.28;273.74
09/11/2002;27.26;22.42;22.39;976.89;88.28;59.93;NA;NA;NA;NA;NA;NA;NA;NA;-4.93;7.7;NA;-4.74;7.5;59.93;0;109.34;24.59;88.28;27.24;1.51;-18.11;994.26;347.17
10/11/2002;30.21;23.46;NA;975.5;79.42;0;NA;NA;NA;NA;NA;NA;NA;NA;-11.21;9.67;NA;-13.44;9.96;0;0.37;89.17;26.48;79.42;27.16;2.12;-4.23;992.88;311.93
11/11/2002;30.22;24.33;NA;974.66;81.69;0;NA;NA;NA;NA;NA;NA;NA;NA;-5.15;1.59;NA;-3.49;7.18;0;17.66;76.11;26.21;81.69;27.61;1.9;-33.47;992.38;175.44
12/11/2002;30.46;23.94;26.01;974.3;78.79;0;182.35;70.69;NA;NA;NA;NA;NA;NA;-4.14;4.68;-0.43;-7.68;6.81;0;18.88;90.06;27.04;78.79;27.89;1.89;16.31;992.17;129.62
13/11/2002;30.32;24.9;26.43;974.95;77.05;0;180.07;76.77;NA;NA;NA;NA;2.37;66.34;-8.04;5.49;NA;0.6;6.62;0;2.23;71.88;27.06;77.05;27.38;2.06;-23.49;992.83;106.29
14/11/2002;30.3;24.44;26.27;975.39;75.54;0;187.31;76.06;NA;NA;NA;NA;3.52;63.6;-6.43;8;1.29;-7.49;8.98;0;0.83;64.01;27.23;75.54;27.11;2.67;19.68;993.26;215.17
15/11/2002;30.48;24.76;26.57;975.33;73;0;207.89;57.09;NA;NA;NA;NA;2.4;67.88;-6.63;4.8;NA;-9.34;6.6;0;7.33;92.49;27.43;73;26.46;2.16;28.12;992.88;217.3
16/11/2002;31.27;24.75;27.1;974.58;71.68;0;202.92;61.21;NA;NA;NA;NA;2.09;59.01;-3.92;3.04;NA;-6.72;4.7;0;9.27;98.23;27.97;71.68;26.72;1.55;14.92;992.08;263.82
17/11/2002;31.2;25.71;26.88;974.17;72.33;0;190.16;68.47;NA;NA;NA;NA;3.19;59.97;-9.38;8.47;-0.49;-10.53;9.55;0;6.71;61.48;27.97;72.33;27.17;2.68;27.97;991.77;272.52
18/11/2002;29.59;23.71;25.93;974.41;83.72;1.28;134.87;87.47;66.02;12.04;68.8;-3.68;NA;NA;-8.44;9.21;0.26;-9.49;10.01;1.28;3.07;67.46;26.45;83.72;NA;1.65;21.78;992.01;312.02
19/11/2002;30.35;24.16;26.74;974.14;80.51;0;184.12;76.25;126.37;23.18;104.87;-2.47;NA;NA;-4.78;3.06;-0.19;-6.91;5.69;0;9.42;94.02;27.07;80.51;28.53;1.02;-20.15;991.63;226.26
20/11/2002;31.51;24.61;26.7;973.83;68.96;0;186.27;78.43;NA;NA;NA;NA;NA;NA;-8.86;7.94;-0.38;-10.19;8.2;0;1.04;79.64;27.9;68.96;25.46;2.06;11.03;991.32;264.21
21/11/2002;32.04;25.2;26.89;974.61;66;0;206.4;64.13;138.58;31.09;107.69;-2.23;2.45;61.86;-8.66;5.24;-1.31;-11.14;7.29;0;0.11;64.81;28.43;66;25.04;2.3;22.04;992.13;309.81
22/11/2002;32.01;25.82;26.94;974.83;65.58;0;199.73;68.09;NA;NA;NA;NA;NA;NA;-6.75;6.49;NA;-8.79;6.45;0;2.65;79.32;28.74;65.58;25.62;2.34;18.64;992.53;194.68
23/11/2002;32.72;25.67;26.93;975.18;63.51;0;189.4;75.83;111.84;26.43;88.96;-2.76;2.1;73.17;-4.66;4.8;NA;-6.13;6.13;0;3.45;116.1;28.91;63.51;24.92;2.31;37.75;992.82;242.57
24/11/2002;31.68;25.01;27.09;974.88;66.93;0;176.28;89.87;107.16;21.75;85.03;-2.86;2.15;63.79;-9.1;3.52;NA;-11.5;5.3;0;2.91;105.9;28.44;66.93;25.62;1.68;-17.6;992.9;272.31
25/11/2002;32.35;25.8;26.08;974.46;71.87;0;172.28;90.06;82.01;15.25;69.42;-3.36;3.3;64.13;-11.04;7.16;-1.32;-11.78;7.84;0;0.3;64.01;27.94;71.87;26.83;2.42;3.77;992.62;284.79
26/11/2002;32.53;25.42;26.33;974.44;66.11;0;160.31;98.01;101.27;14.61;88.5;-2.97;3.12;68.61;-5.55;5.33;NA;-6.81;6.97;0;1.05;68.15;28.76;66.11;25.68;2.58;2.47;992.13;180.64
27/11/2002;32.83;26.12;27.07;973.78;60.49;0;202.59;72.71;NA;NA;NA;NA;NA;NA;-8.94;5.86;NA;-11.96;6.6;0;5.75;73.05;29.11;60.49;24.06;2.74;40.18;991.27;281.3
28/11/2002;32.92;25.91;27.21;972.52;64.24;0;204.7;69.02;121.81;28.9;92.7;-2.56;3.12;71.32;-9.03;5.78;NA;-10.78;6.57;0;4.74;70.35;29.19;64.24;25.86;2.35;9.92;990.51;297.36
29/11/2002;32.63;26.46;26.45;973.4;65.74;0;151.41;102.21;68.35;NA;NA;-3.63;3.42;67.99;-8.1;8.34;0.57;-8.96;8.9;0;0.05;67.15;28.97;65.74;26.11;2.75;42.22;991.43;307.89
30/11/2002;32.15;25.87;26.29;974.26;62.57;0;151.43;95.82;88.7;8.47;83.25;-3.23;3.31;75.82;-9.39;4.34;-1.65;-10.82;6.37;0;0.31;77.96;28.78;62.57;24.41;3.2;6.86;992.28;211.84
01/12/2002;33.09;25.99;26.73;973.89;60.4;0;191.46;78.09;113.78;22.45;93.63;-2.72;3.06;71;-8.92;3.19;NA;-9.76;4.35;0;2.73;71.77;29.33;60.4;24.3;2.68;3.81;991.94;318.21
02/12/2002;32.74;26.63;27.05;973.47;65.11;0;214.53;64.57;111.15;23.07;92.08;-2.78;2.99;79.82;-2.56;3.18;NA;-4.69;5.52;0;15.8;79.56;29.02;65.11;25.9;2.82;6.09;991.64;207.34
03/12/2002;30.7;24.75;26.17;973.06;74.31;6.09;170.06;76.42;99.37;30.29;73.84;-3.01;NA;NA;-7.15;7.53;0.33;-8.52;8.07;6.09;7.46;75.85;27.63;74.31;27.36;2.28;-4.69;991.7;175.89
04/12/2002;30.32;24.9;25.45;973.65;75.79;7.12;146.93;105.11;67.5;NA;NA;-3.65;2.84;70.35;-6.57;8.76;1.72;-7.89;10.12;7.12;4.29;71.2;27.52;75.79;27.74;2.37;33.3;991.95;244.41
05/12/2002;31.76;25.55;26.31;974.18;68.63;0;187.97;89.78;123.5;17.9;107.54;-2.53;NA;NA;-9.12;7.38;NA;-9.31;9.86;0;1.09;64.76;28.49;68.63;26.33;2.29;39.91;992.03;264.59
06/12/2002;31.54;26.37;26.79;973.94;66.36;0;182.53;87.48;110.72;17.37;95.37;-2.78;1.77;50.79;0.46;4.85;NA;-2.49;7.02;0;2.37;87.78;28.91;66.36;26.22;2.06;27.85;991.6;299.16
07/12/2002;29.93;24.59;27.24;973.52;77.76;0;209.37;70.74;166.42;37.85;130.46;-1.67;2.09;60.55;-2.98;7.43;NA;-5.24;7.22;0;2.15;118.19;27.03;77.76;27.61;1.45;26.06;992.15;258.89
08/12/2002;28.86;23.72;25.06;974.4;82.4;1.53;84.9;73.51;59.3;4.19;55.84;-3.81;0.47;89.41;-4.43;4.34;0.22;-6.5;6.95;1.53;15.46;159.8;26.26;82.4;27.96;1.19;-28.63;992.4;204.24
09/12/2002;28.83;23.77;24.57;974.45;83.64;1.01;94.67;76.73;56.53;NA;NA;-3.87;0.81;61.3;-1.99;5.16;NA;-2.7;7.36;1.01;18.68;184.73;26.13;83.64;28.2;1.4;7.95;992.98;80.68
10/12/2002;26.69;23.21;23.1;976.31;91.3;16.52;39.4;38.48;24.18;NA;NA;-4.52;2.84;62.01;1.36;7.04;3.65;1.05;5.94;16.52;1.02;84.74;24.54;91.3;28.13;2.03;64.13;995.08;104.13
11/12/2002;28.86;23.18;25.07;976.66;83.12;0;158.69;104.64;111.93;19.25;92.04;-2.76;2.57;52.67;-6.2;8.15;NA;-6.64;10.51;0;9.23;54.39;25.69;83.12;27.28;2.6;56.98;994.95;125.28
12/12/2002;29.16;23.78;26.11;975.4;81.63;1.52;175.07;98.68;143.35;32.34;112.88;-2.13;2.77;69.66;-5.11;8.83;NA;-6.24;8.48;1.52;15.22;70.88;26.33;81.63;27.87;2.34;64.33;993.91;101.63
13/12/2002;30.24;24.84;26.05;974.3;77.58;0;175.56;76.31;141.74;26.38;115.92;-2.16;3.15;71.26;-6.32;6.58;1.1;-7.6;8.7;0;14.2;72.54;27.15;77.58;27.75;2.49;18.41;992.94;215.91
14/12/2002;30.56;24.46;NA;974.85;77.2;0;NA;NA;NA;NA;NA;NA;NA;NA;NA;5.58;NA;NA;6.45;0;13.33;106.06;27.43;77.2;28.05;2.05;27.51;992.69;201.75
15/12/2002;30.47;25.05;26.78;974.45;74.3;0.25;184.86;103.35;144.45;25.72;123.25;-2.11;3.4;69.29;-6.49;9.67;1.42;-7.5;10.34;0.25;2.62;70.89;27.56;74.3;27.22;2.9;42.94;992.3;235.8
16/12/2002;30.5;23.91;26.63;974.45;78.24;0;183.21;86.68;149.38;30.76;123;-2.01;3.18;69.14;-8.43;8.84;-0.33;-9.31;8.66;0;13.3;66.46;27.03;78.24;27.65;2.44;28.12;992.14;101.13
17/12/2002;30.06;23.77;25.91;974.3;81.47;1.01;178.67;100.55;125.09;NA;NA;-2.5;3.44;74.65;-9.95;8.71;-0.47;-10.61;9.66;1.01;4.78;75.05;26.45;81.47;27.98;2.35;-47.92;992.65;247.48
18/12/2002;29.3;24.14;25.27;974.67;81.46;4.83;113.08;98.79;78.27;9.39;70.76;-3.43;NA;NA;-8.47;4.8;-0.98;-10.57;7.4;4.83;0.23;124.79;26.57;81.46;28.21;1.7;19.4;993;260.77
19/12/2002;29.32;23.16;23.77;975.78;85.28;12.45;108.71;84.93;78.56;13.93;63.3;-3.43;1.16;-23.75;-5.55;5.33;-0.33;-6.7;6.05;12.45;0;199.93;25.43;85.28;27.43;2.31;4.87;994.09;307.6
20/12/2002;28.99;22.5;25.2;976.57;85.61;0;190.58;97.79;157.89;44.06;109.79;-1.84;2.78;-62.53;-7;5.87;-0.75;-9.38;7.87;0;6.58;125.18;25.03;85.61;26.99;2.04;-64.31;995.27;307.66
21/12/2002;29.35;23.61;24.26;976.11;84.22;3.82;120.65;91.27;98.51;19.51;75.01;-3.03;2.24;-73.31;-4.59;6.22;0.51;-7.57;8.59;3.82;7.07;124.37;25.79;84.22;27.88;2.03;2.12;994.61;251.62
22/12/2002;28.94;24.26;25.13;974.52;84.29;0;169.23;98.16;137.92;17.88;114.52;-2.24;3.53;70.48;-9.25;9.97;0.33;-10.42;11.09;0;0.63;72.38;25.88;84.29;28.07;2.63;31.67;993.46;261.24
23/12/2002;31.12;24.12;24.83;975.22;73.42;9.65;128.62;100.89;85.03;6.66;75.03;-3.3;3.12;78.78;-6.81;7.76;0.87;-7.25;8.99;9.65;2.86;78.12;27.26;73.42;26.16;3.26;61.98;993.45;285.7
24/12/2002;30.09;24.92;25.99;974.96;72.8;0.25;203.89;87.29;161.68;34.26;132.9;-1.77;3.62;76.96;-7.5;7;-0.33;-9.12;8.46;0.25;6.09;77.61;27.23;72.8;26.14;3.24;50.84;993.51;266.37
25/12/2002;30.32;24.37;26.05;975.19;73.89;0;164.82;110.48;129.91;15.15;116.24;-2.4;3.46;67.38;-8.66;7.83;-0.39;-9.26;8.48;0;11.18;68.6;27.1;73.89;26.3;3.25;63.54;993.77;124.44
26/12/2002;29.91;24.57;25.72;975.62;77.66;0;169.88;92.11;131.26;21.3;113.05;-2.38;3.13;73.45;-6.57;8.33;0.84;-7.1;8.79;0;1.48;77.41;26.89;77.66;27.36;2.3;33.91;994.17;131.14
27/12/2002;28.92;24.29;25.86;974.87;83.35;0;165.59;100.68;117.45;23.64;97.26;-2.65;3.06;71.43;-8.54;10.28;0.42;-9.34;10.19;0;0;71.11;25.94;83.35;27.8;2.16;23.23;993.77;329.77
28/12/2002;29.51;23.9;25.51;974.24;77.78;0;156.12;101.81;129.94;19.12;115.54;-2.4;3.17;50.66;-10.55;6.33;-1.74;-11.24;7.75;0;0.17;50.62;26.52;77.78;26.74;2.8;27.52;993.05;322.71
29/12/2002;30.52;24.31;26.04;974.17;77.05;3.44;164.71;108.91;140.05;21.27;120.78;-2.2;2.08;38.52;-8.69;6.99;-1.1;-9.63;7.44;3.44;0.53;101.44;26.92;77.05;27.1;2.63;26.68;993.07;313.14
30/12/2002;29.48;23.39;24.86;976.14;85.9;10.28;165.52;NA;114.27;17.69;90.23;-2.72;2.31;68.09;-7.74;6.74;NA;-8.28;8.23;10.28;0.12;87.08;25.79;85.9;28.34;1.89;49.06;994.11;300.38
31/12/2002;29.4;23.01;NA;976.93;85.34;1.78;166.62;NA;141.6;23.4;114.25;-2.17;NA;NA;-7.92;6.6;NA;-9.86;10.64;1.78;0;101.21;25.54;85.34;27.76;1.89;20.84;994.79;318.16
01/01/2003;29.06;24.09;NA;975.53;81.94;0;147.65;NA;133.03;7.13;130.37;-2.34;NA;NA;-2.41;0.37;NA;0.25;4.44;0;0.11;66.98;26.33;81.94;27.99;2.02;18.38;993.77;300.99
02/01/2003;29.42;23.28;25.64;974.28;85.09;0;211.37;78.27;148.14;31.39;115.45;-2.04;3.03;80.57;-6.58;5.95;-0.35;-8.73;6.97;0;11.02;84.58;25.58;85.09;27.71;2.03;-35.7;993.33;211.69
03/01/2003;29.98;24.09;25.7;974.05;76.83;0;165.08;69.65;124.63;18.97;108.59;-2.51;3.15;70.73;-6.7;6.48;NA;-8.96;8.22;0;24.96;71.13;26.83;76.83;26.81;2.8;52.8;992.8;146.34
04/01/2003;30.75;24.78;26.26;974.56;71.01;0;187.11;90.87;127.66;19.97;110.73;-2.45;2.87;70.87;-6.9;3.05;NA;-8.91;6.05;0;39.09;70.6;27.58;71.01;25.91;2.59;48.73;993.14;92.29
05/01/2003;30.8;25.37;26.36;974.37;69.63;0;189.92;85.22;129.88;13.78;116.82;-2.4;3.13;64;-4.45;3.19;NA;-5.91;5.07;0;13.29;63.69;27.92;69.63;26.05;2.84;53.21;992.92;196.08
06/01/2003;30.8;25.39;26.79;974.63;73.28;0;209.59;78.01;127.13;21.4;105.54;-2.46;2.93;59.51;-5.96;3.42;NA;-8.5;5.94;0;42.27;57.61;27.98;73.28;27.57;2.54;52.89;993.25;200.28
07/01/2003;30.71;25.46;26.86;974.24;75.84;0;219.17;66.37;151.72;36.7;116.74;-1.97;3.21;61.35;-5.99;6.28;NA;-7.42;8.15;0;0;61.99;27.84;75.84;28.24;2.31;14.27;993.15;355.3
08/01/2003;30.88;25.47;27.3;974.59;73.94;0;216.07;70.06;134.82;28.09;110.36;-2.3;3.45;61.42;-5.97;6.71;NA;-7.35;7.7;0;0;61.61;27.96;73.94;27.67;2.86;6.8;993.03;360.72
09/01/2003;31.05;25.71;26.54;975.72;69.76;0;199.35;81.33;139.78;29.86;111.26;-2.21;3.62;78.5;-5.95;6;NA;-6.4;6.49;0;0;81.13;28.39;69.76;26.76;3.16;48.1;993.87;339.08
10/01/2003;31.02;25.93;NA;975.64;69.87;1.28;NA;NA;NA;NA;NA;NA;NA;NA;2.12;9.63;NA;-2.66;9.5;1.28;8.67;133.88;28.38;69.87;26.89;3.44;70.77;993.68;294.3
11/01/2003;30.59;25.92;NA;975.91;75.04;0;NA;NA;NA;NA;NA;NA;NA;NA;NA;NA;NA;NA;NA;0;9.62;77.08;27.62;75.04;27.66;2.94;13.54;993.74;292.35
12/01/2003;30.96;25.36;NA;974.98;71.09;0;NA;NA;NA;NA;NA;NA;NA;NA;NA;NA;NA;NA;NA;0;13.73;108.13;27.96;71.09;26.57;3.13;57.39;993.1;192.24
13/01/2003;30.32;24.75;NA;975.21;75.53;0;NA;NA;NA;NA;NA;NA;NA;NA;NA;1.12;NA;NA;3.38;0;14.7;67.34;27.41;75.53;27.43;2.33;37.4;993.42;71.83
14/01/2003;29.48;23.45;26.05;975.64;80.11;2.28;170.15;83.68;122.34;18.22;101.35;-2.55;1.89;56.85;-5.94;5.52;0.12;-7.79;7.03;2.28;6.67;76;26.61;80.11;27.76;1.94;17.77;993.65;118.43
15/01/2003;30.56;24.52;25.97;976.28;74.59;0;196.07;85.12;127.04;32.29;100.11;-2.46;3.18;70.77;-9.14;6.35;-1.38;-10.15;7.39;0;5.25;71.1;27.24;74.59;26.74;3.16;42.47;993.9;189.13
16/01/2003;31.09;25.29;26.28;976.2;69.79;0;189.81;87.51;135.77;31.78;108.22;-2.28;3.49;68.08;-8.18;6.71;-0.85;-9.63;7.92;0;9.11;70.92;27.9;69.79;26.03;3.62;58.32;993.94;190.63
17/01/2003;30.44;25.15;26.11;976.28;68.62;0;177.03;88.68;133.6;29.7;105.83;-2.33;3.42;70.08;-10.5;5.68;-4.28;-11.83;4.36;0;26.93;74.15;27.75;68.62;25.42;3.64;58.27;993.89;183.72
18/01/2003;30.64;25.4;25.62;977.09;68.28;0;140.16;102.49;90.85;9.31;88.89;-3.18;2.77;67.05;-9.49;5;NA;-12.27;3.05;0;16.58;87.42;27.68;68.28;25.21;3.23;26.26;994.4;228.57
19/01/2003;31.29;25.72;26.36;977.23;63.98;1.01;242.6;52.26;175.48;52.08;124.16;-1.49;2.69;56.28;-7.24;4.18;-1.41;-8.15;5.32;1.01;10.14;86.84;28.23;63.98;24.33;3.6;52.5;994.43;221.38
20/01/2003;30.79;25.28;26.29;976.48;67.94;0;202.34;70.72;116.51;32.75;88.89;-2.67;1.96;40.38;-6.13;5.14;-0.17;-6.18;5.83;0;0.93;115.1;27.91;67.94;25.42;2.82;50.53;993.83;261.76
21/01/2003;30.75;25.4;26.8;974.64;67.6;0;207.95;74.39;152.11;49.37;101.34;-1.96;2.14;46.46;-8.18;5.9;NA;-9.74;6.43;0;3.24;120.58;27.94;67.6;25.32;2.86;28.1;992.47;241.44
22/01/2003;30.84;23.89;25.77;974.6;73.53;8.39;192.87;83.82;114.53;31.05;86.06;-2.71;2.86;-82.3;-10.35;6.84;-1.96;-11.04;7.13;8.39;4.96;99.89;27.23;73.53;26.36;2.47;3.05;992.15;142.17
23/01/2003;31.7;24.79;25.29;975.53;73.34;0;170.71;86.99;116.52;21.49;98.29;-2.67;3.43;83.98;-7.1;6.93;-0.03;-8.13;8.06;0;1.55;84.36;27.18;73.34;26.11;3.61;59.27;993.01;218.08
24/01/2003;30.2;24.34;25.15;975.8;74.98;0.51;160.28;100.04;72.74;8.13;64.41;-3.55;3.48;83.76;-9.03;5.85;-1.29;-9.8;7.21;0.51;20.12;84.36;26.92;74.98;26.41;3.79;65.97;993.31;177.93
25/01/2003;29.71;24.24;25.66;974.97;76.9;0.76;NA;NA;144.91;43.31;99.96;-2.1;2.35;-86.99;-9.32;4.42;NA;-9.52;5.94;0.76;4.53;106.06;26.63;76.9;26.67;2.84;29.67;993.07;76.16
26/01/2003;26.09;23.56;23.65;974.99;90.11;2.79;NA;NA;83.22;21.73;67.49;-3.34;1.22;-21.12;-8.32;5.64;-1.81;-10.22;6.6;2.79;19.96;228.47;24.36;90.11;27.47;2.21;6.72;993;106.63
27/01/2003;26.56;23.09;24.94;975.04;87.91;2.54;NA;NA;151.82;46.85;97.45;-1.96;1.1;-59.82;-9.18;4.07;-1.99;-9.9;5.93;2.54;10.69;148.14;24.61;87.91;27.15;2.32;45.88;992.84;170.17
28/01/2003;29.21;23.56;25.56;975.27;79.48;1.9;159.07;85.37;115.88;26.73;89.24;-2.68;1.62;-80.93;-6.56;7.47;-0.14;-8.33;8.05;1.9;23.9;140.73;26.32;79.48;27.11;2.46;8.04;993.22;105.39
29/01/2003;29.99;23.97;24.9;975.5;78.84;0.38;230.14;62.04;131.67;40.16;94.83;-2.37;3.28;71.58;-10.12;5.09;-2.08;-10.65;6.5;0.38;31.51;76.41;26.48;78.84;27.04;3.45;39.68;992.96;107.3
30/01/2003;29.54;24.36;25.06;974.65;79.15;4.07;170.09;88.09;124.21;31.79;89.73;-2.52;2.59;71.58;-6.9;5.14;-0.76;-8.76;7.24;4.07;25.09;77.16;26.39;79.15;27.13;3;-1.74;992.09;103.07
31/01/2003;28.14;23.57;25.06;974.44;81.51;0.25;165.32;99.63;99.94;16.96;87.29;-3;1.72;78.91;-8.6;4.8;-1.51;-10.42;7.39;0.25;10.68;81.25;26;81.51;27.24;3;35.44;992.4;117.39
01/02/2003;28.6;23.92;23.86;974.91;83.1;4.57;NA;NA;107.99;23.91;83.1;-2.84;2.6;71.14;-12.69;5.76;NA;-12.43;6.78;4.57;0;80.8;25.82;83.1;27.54;2.81;31.06;992.88;329.89
02/02/2003;28.22;22.82;23.66;975.52;87.91;3.04;NA;NA;107.45;13.59;85.64;-2.85;2.56;77.46;-9.77;6.74;-2.28;-10.92;7.6;3.04;0;96.22;24.66;87.91;27.19;2.95;44.81;994.16;332.65
03/02/2003;26.27;22.94;23.73;975.5;89.21;15.5;163.82;84.5;115;26.56;81.68;-2.7;2.66;-83.98;-9.07;4.82;NA;-10.39;6.14;15.5;0.93;95.32;24.45;89.21;27.31;2.54;34.06;994.52;306.82
04/02/2003;26.52;23.08;24.11;975.09;91.27;0;NA;NA;86.05;18.65;68.43;-3.28;2.57;86.31;-7.27;5.13;-0.36;-8.55;7.83;0;3.69;92.61;24.25;91.27;27.62;2.11;22.31;993.91;250.12
05/02/2003;29.81;22.9;25.93;974.54;82.63;0;195.36;75.08;125.07;30.54;94.39;-2.5;2.84;52.51;-1.81;11.39;4.1;-2.67;10.86;0;8.86;52.17;25.78;82.63;27.21;2.55;49.45;993.23;266.42
06/02/2003;28.15;24.18;25.17;974.66;81;0.51;166.83;85.98;128.06;26.93;103.15;-2.44;3.32;76.99;-9.31;9.1;-0.45;-9.63;8.72;0.51;8.19;80.61;25.86;81;26.93;2.95;57.58;993.26;231.98
07/02/2003;29.43;23.75;25.15;974.01;79.35;6.34;219.61;56.43;133.83;37.23;90.95;-2.32;3.03;81.07;-7.1;5.57;0.17;-7.38;7.73;6.34;0.75;79.55;26.58;79.35;27.4;3.02;62.88;992.7;267.97
08/02/2003;29.76;23.78;25.46;974.91;82.55;0;163.29;88.85;118.36;21.49;100.28;-2.63;3.08;74.63;-6.93;7.99;-0.61;-9.29;8.07;0;0;75.34;26.16;82.55;27.85;2.44;59.82;993.4;332.17
09/02/2003;28.4;23.37;25.07;974.71;85.03;0;205.6;65.26;149.94;41.16;105.26;-2;2.97;74.59;-8.64;4.94;-1.3;-9.7;7.11;0;0;74.21;25.51;85.03;27.66;1.87;35.26;993.65;323.19
10/02/2003;28.57;22.97;24.42;974.46;84.46;13.97;134.04;92.16;72.2;8.18;61.23;-3.56;2.44;83.52;-5.7;6.26;0.18;-7.02;7.39;13.97;0;98.65;25.67;84.46;27.71;1.65;23.12;993.1;331.22
11/02/2003;28.61;22.94;24.77;974.79;86.43;0;150.51;97.33;107.83;14.59;93.91;-2.84;2.84;37.85;-9.55;7.98;-0.72;-10.3;8.85;0;0;37.63;25.41;86.43;27.92;2.05;52.81;993.15;298.09
12/02/2003;28.64;23.1;25.73;974.96;87.43;0.5;196.19;68.07;133.14;26.05;103.77;-2.34;2.72;51.82;-7.94;4.6;-1.37;-10.03;7.28;0.5;0.23;52.48;25.38;87.43;28.25;2.19;40.23;993.46;287.37
13/02/2003;28.76;23.74;23.18;975.46;84.36;25.8;111.23;82.27;75.48;14.55;59.03;-3.49;0.95;63.8;-5.76;12.01;NA;-6.47;7.45;25.8;0;117.77;25.61;84.36;27.6;2.48;19.77;993.28;293.44
14/02/2003;28.87;23.8;24.48;974.79;82.2;18.92;152.62;107.65;90.67;10.83;75.27;-3.19;1.85;78.74;-9.35;3.93;NA;-10.29;6.05;18.92;0.23;82.76;25.96;82.2;27.4;2.75;15.22;992.57;209.72
15/02/2003;29.42;24.28;25.41;973.6;81;3.23;193.72;65.96;147.29;32.88;113.44;-2.06;2.16;88.14;-6.17;6.32;NA;-10.23;10.62;3.23;3.2;97.66;26.29;81;27.61;2.64;5.78;992.16;145.74
16/02/2003;28.99;24.3;23.36;974.82;83.08;46.74;NA;NA;76.15;20.35;54.77;-3.48;0.86;-64.92;-7.49;9.69;NA;-10.82;10.35;46.74;6.31;123.41;25.73;83.08;27.4;2.33;9.35;992.72;243.51
17/02/2003;28.36;23.79;23.28;975.51;87.34;3.62;NA;NA;63.46;0.6;57.3;-3.73;1.16;87.61;-6.37;4.26;0.39;-6.85;8.28;3.62;1.55;129.42;25;87.34;27.61;2.49;37.25;993.5;157.16
18/02/2003;29.42;23.48;24.41;974.98;86.13;0.76;185.51;65.23;136.26;32.84;97.37;-2.27;1.24;67.85;-6.46;4.82;-0.49;-8.83;7.84;0.76;5.5;159.93;25.46;86.13;27.92;2.21;26.74;993.4;231.06
19/02/2003;29.34;23.26;23.57;975.5;86.18;14.49;124.19;80.92;68.06;6.59;60.75;-3.64;1.41;89.83;-7.18;9.69;NA;-6.33;7.17;14.49;2.6;150.53;25.4;86.18;27.79;2.58;35.02;993.72;258.33
20/02/2003;29.04;23.16;24.35;975.42;85.01;0;175.76;77.37;132.64;32.49;98.32;-2.35;2.32;78.52;-10.78;4.39;-2.13;-12.56;8.29;0;7.46;83.42;25.69;85.01;27.92;2.11;40.43;993.5;269.4
21/02/2003;28.3;23.6;24.24;974.85;85.47;21.84;145.09;87.96;96.61;15.93;74.63;-3.07;1.77;-88.98;-7.15;6.03;-1.55;-8.89;5.79;21.84;6.18;124.46;25.64;85.47;28.02;1.37;30.43;993.3;266.63
22/02/2003;28.6;23.25;23.62;975.61;88.43;0.75;128.46;82.65;93.93;10.9;80.07;-3.12;1.27;80.18;-7.29;6.52;-0.06;-9.02;8.89;0.75;1.37;117.92;25.07;88.43;28.01;1.88;46.92;993.78;248.24
23/02/2003;28.23;23.09;24.3;976.52;89.53;0.38;184.86;65.79;140.93;33.79;103.91;-2.18;2.37;-88.59;-9.46;8.69;-1.08;-10.49;8.33;0.38;0.92;104.91;24.61;89.53;27.52;2.04;43.38;995.04;268.67
24/02/2003;28.69;23.05;23.34;977.43;86.41;0.89;98.94;79.58;63.29;NA;NA;-3.73;3.02;79.07;-6.05;7.79;1.59;-6.38;9.55;0.89;0;78.4;24.82;86.41;26.88;2.72;39.73;995.34;300.3
25/02/2003;28.65;22.84;24.33;975.28;83.61;1.77;207.47;54.09;160.59;48.27;108.73;-1.79;1.33;-82.99;-8.51;6.01;-1.2;-10.79;8.4;1.77;0;134.32;25.6;83.61;27.25;1.77;-7.15;993.56;288.36
26/02/2003;28.76;22.89;22.71;974.92;86.77;33.1;33.55;32.28;21.08;NA;NA;-4.58;1.97;67.54;3.32;11.04;NA;3.6;9.91;33.1;0;81.3;25.23;86.77;27.79;2.16;26.31;993;319.03
27/02/2003;27.01;23.21;24.14;974.76;85.23;0.45;205.43;65.71;144.91;41.95;98.93;-2.1;1.86;83.09;-10.67;7.76;-0.99;-10.71;8.74;0.45;0;120.97;25.16;85.23;27.2;2.83;58.24;993.26;293.22
28/02/2003;27.81;23.82;23.67;974.89;86.73;7.38;98.08;73.14;59.56;NA;NA;-3.81;2.91;-87.25;-1.58;6.87;2.72;-3.28;7.98;7.38;0;99.89;25.13;86.73;27.63;2.73;53.85;993.6;311.71
01/03/2003;28.78;23.58;23.09;974.76;85.42;4.3;131.71;83.63;92.22;15.07;66.96;-3.16;3.16;83.12;-5.97;11.39;2.29;-7.83;12.41;4.3;0.04;83.02;25.37;85.42;27.56;2.96;66.94;993.07;278.89
02/03/2003;27.8;22.96;24.88;973.82;87.26;0.25;197.36;47.46;155.69;36.48;111.56;-1.89;2.58;71.37;-6.64;7.76;1.03;-6.93;8.99;0.25;0.86;87.62;25;87.26;27.55;2.11;36.97;992.4;280.39
03/03/2003;27.01;23.33;24.03;974.21;88.88;5.08;134.87;53.02;94.5;19.69;78.51;-3.11;2.03;-87.58;-2.86;6.73;3.23;-2.9;8.59;5.08;5.86;116.67;24.79;88.88;27.78;2.58;54.21;992.76;276.07
04/03/2003;27.23;22.53;24.05;974.99;86.32;5.53;170.45;57.13;132.98;21.74;106.1;-2.34;2.97;77.56;-7.33;10.75;0.63;-8.85;10.12;5.53;4.86;79.16;24.92;86.32;27.14;3.06;48.19;993.5;266.14
05/03/2003;28.8;23.35;24.08;974.91;86.96;8.32;177.99;39.07;136.07;32.53;100.44;-2.28;2.57;66.38;-9.39;8.86;NA;-9.67;10.38;8.32;8.51;72.12;25.03;86.96;27.49;2.59;67.26;993.09;203.18
06/03/2003;27.34;22.71;23.85;974.9;88.98;11.56;142.35;63.76;107.66;14.39;93.59;-2.85;1.09;57.2;-8.44;3.42;-1.18;-9.94;7.58;11.56;2.97;137.25;24.48;88.98;27.27;2.75;64.42;993.34;237.92
07/03/2003;28.39;22.49;23.29;975.09;88.84;13.98;127.31;50.61;74.34;10.78;58.1;-3.51;1.63;84.18;-6.53;6.44;-1.28;-7.07;4.51;13.98;3.58;99.75;24.48;88.84;27.18;2.12;-6.35;993.48;223.54
08/03/2003;27;23.11;24.25;975.16;87.7;0;209.17;38.5;166.66;43.56;122.18;-1.67;3.2;62.77;-8.75;10.36;0.65;-9.03;10.33;0;10.43;65.51;24.71;87.7;27.26;2.83;55.78;993.61;96.63
09/03/2003;29.09;23.27;24.85;974.43;81.37;2.68;184.79;46.44;141.75;28.29;111.62;-2.17;3.03;62.19;-6.57;11.14;1.75;-7.31;10.81;2.68;3.05;61.99;26.08;81.37;27.32;2.88;60.94;992.88;87.87
10/03/2003;28.48;23.25;24.34;974.1;84.08;0.63;175.98;47.08;124.95;25.96;92.02;-2.5;3.31;72.88;-7.63;9.48;1.02;-8.84;10.88;0.63;0.56;71.87;25.45;84.08;27.22;3.48;63.99;992.58;171.82
11/03/2003;29.27;23.9;24.59;974.48;77.43;0;161.63;60.32;121.97;20.14;102.47;-2.56;2.99;65.23;-8.45;5.08;-0.88;-9.48;7.73;0;5.84;65.9;26.49;77.43;26.57;3.25;54.09;992.67;140.93
12/03/2003;30.34;24.55;NA;974.89;71.83;0.25;NA;NA;NA;NA;NA;NA;NA;NA;-11.02;4.01;NA;-13.58;5.62;0.25;8.43;95.89;26.96;71.83;25.28;2.97;31.41;992.77;144.2
13/03/2003;29.76;24.66;NA;975.44;78.44;0;NA;NA;NA;NA;NA;NA;NA;NA;NA;NA;NA;NA;NA;0;2.52;157.26;26.64;78.44;27.33;2.23;41.88;992.59;234.06
14/03/2003;26.96;23.58;NA;975.16;86.31;2.6;NA;NA;NA;NA;NA;NA;NA;NA;-11.22;3.23;NA;-8.51;3.12;2.6;1.96;104.39;25.04;86.31;27.34;2.48;12.76;993.01;228.26
15/03/2003;26.24;23.26;23.36;976.15;85.48;13.39;NA;NA;69.51;NA;NA;-3.61;2.72;75.31;-6.48;6.39;0.53;-6.85;7.9;13.39;1.61;76.61;24.54;85.48;26.33;2.17;1.07;994.03;218.78
16/03/2003;28.46;22.69;24.28;976.28;81.66;0;NA;NA;132.23;20.62;110.48;-2.36;2.69;74.36;-8.13;7.2;-0.91;-10.33;8.51;0;6.28;75.51;25.06;81.66;25.76;2.41;-19.28;994.45;228.63
17/03/2003;27.67;23.42;24.67;974.95;82.6;0;168.33;37.8;100.9;20.08;80.67;-2.98;2.24;-84.47;-4.97;5.25;0.2;-7.14;7.54;0;10.64;114.45;25.24;82.6;26.48;2.07;-24.57;993.52;120.58
18/03/2003;29.5;23.62;24.07;975;78.17;23.36;151.98;54.36;110.55;27.06;83.68;-2.79;1.16;-49.78;-5.87;3.55;-1.54;-10.38;7.3;23.36;3.19;159.63;26.13;78.17;26.26;1.85;-31.05;993.08;168.22
19/03/2003;29.55;23.67;25.04;975.53;79.98;0;175.97;44.89;110.1;15.19;84.22;-2.8;2.05;-78.81;-7.67;3.33;-1.31;-10.81;8.18;0;5.88;110.33;26.5;79.98;27.47;1.7;-32.76;993.92;165.32
20/03/2003;29.92;23.97;25.55;975.97;80.03;3.3;169.47;43.82;126.54;28.11;95.17;-2.47;2.37;-86.18;-6.34;5.51;-1.38;-9.57;6.8;3.3;2.12;122.07;26.69;80.03;27.88;2.44;-2.46;994.05;249.18
21/03/2003;30.04;23.75;24.69;975.43;84.28;1.52;123.84;36.23;88.6;NA;NA;-3.23;1.06;74.51;-4.74;8.24;1.47;-5.71;8.64;1.52;23.17;142.24;26.16;84.28;NA;1.69;37.11;993.49;199.93
22/03/2003;25.26;23.04;24.05;975.59;91.17;0.25;154.95;50.99;110.24;21.25;86.77;-2.8;0.65;4.46;-8.93;3.19;-2.32;-10.7;6.05;0.25;8.77;159.04;24.02;91.17;27.22;1.41;41.31;993.73;67.96
23/03/2003;29.64;23.05;24.83;974.94;82.47;0;NA;NA;179.76;59.42;114.68;-1.4;1.94;69.12;-4.63;5.56;0.2;-6.58;6.97;0;1.37;98.2;26.34;82.47;28.05;1.5;45.47;992.81;146.9
24/03/2003;29.16;23.03;25.63;974.52;82.86;0.76;196.58;33.65;112.53;23.66;83.26;-2.75;3.61;74.01;-5.68;8.43;1.16;-7.4;9.71;0.76;1.19;72.7;26.27;82.86;28.03;2.23;52.05;992.88;155.94
25/03/2003;27.03;22.78;22.44;975.65;90.4;44.96;NA;NA;45.45;NA;NA;-4.09;0.55;21.53;-2.04;8.91;3.72;-3.24;9.82;44.96;0.06;154.42;24.6;90.4;27.93;2.23;47.15;993.45;224.54
26/03/2003;28.44;23.31;23.52;974.89;87.05;0;NA;NA;126.78;40.36;84.39;-2.46;2.09;-86.16;-12.2;7.08;-2.44;-13.46;8.58;0;2.09;123.19;25.35;87.05;28.07;2.49;56.43;992.73;164.03
27/03/2003;29.23;23.25;23.8;975.44;86.09;3.05;NA;NA;113.35;17.86;85.47;-2.73;2.21;-76.68;-5.85;6.61;0.31;-7.44;8.07;3.05;6.84;109.52;25.56;86.09;28.03;2.63;14.35;993.36;142
28/03/2003;29.27;23.18;NA;976.28;86.93;0.76;NA;NA;NA;NA;NA;NA;NA;NA;-9.37;5.73;NA;-12.69;6.65;0.76;2.27;74.63;25.4;86.93;27.97;2.41;-26.76;994.12;194.24
29/03/2003;29.41;23.47;24.24;976.02;86.51;15.75;100.88;44.38;70.79;10.59;58.37;-3.58;NA;NA;-0.42;2.95;NA;-2.49;7.02;15.75;0.18;87.75;25.69;86.51;28.41;1.81;4.9;993.59;176.22
30/03/2003;28.1;23.62;24.72;974.72;85.1;0;NA;NA;182.77;43.95;134.84;-1.34;NA;NA;-8.08;9.17;0.3;-9.95;10.56;0;0;77.11;25.65;85.1;27.92;2.27;44.38;992.57;247.4
31/03/2003;28.03;23.51;24.91;974.93;89.98;0;168.6;30.59;132.25;21.15;102.58;-2.36;NA;NA;-6.62;5.38;0.17;-7.99;8.33;0;0.01;177.65;25.22;89.98;NA;1.35;-31.73;993.03;223.74
01/04/2003;27.84;23.32;23.11;976.21;91.63;0;NA;NA;41.43;-0.89;37.13;-4.17;NA;NA;1.61;7.91;3.95;-0.58;8.49;0;0.21;134.85;24.62;91.63;28.31;1.5;-4.75;993.85;220.2
02/04/2003;26.4;23.16;23.22;976.6;90;0;NA;NA;102.07;20.62;77.27;-2.96;NA;NA;-5.57;5;-0.74;-8.69;7.21;0;0;83.28;24.34;90;27.33;2.22;21.55;994.34;243.1
03/04/2003;27.14;22.5;24.71;975.22;89.17;0;NA;NA;171.54;35.73;128.22;-1.57;NA;NA;-10.72;7.08;-1.09;-11.46;9.27;0;0.95;61.17;24.56;89.17;27.45;2.36;66.47;993.34;200.82
04/04/2003;28.57;23.16;25.13;974.71;87.98;0;188.72;19.38;126.2;25.3;99;-2.48;NA;NA;-8.2;5.82;-0.84;-10.32;8.64;0;8.22;84.78;25.32;87.98;28.31;2.17;40.67;992.78;171.2
05/04/2003;28.82;23.42;24.59;975.78;86.77;0;NA;NA;87.26;10.45;68.02;-3.26;NA;NA;-6.11;6.15;-0.48;-7.36;6.39;0;1.22;121.57;25.47;86.77;28.15;1.67;16.08;994.12;181.77
06/04/2003;29.22;23.74;23.94;976.05;85.29;0;106.46;48.02;84.42;11.05;65.58;-3.31;NA;NA;-2.51;4.91;1.47;-5;7.94;0;24.08;129.45;25.57;85.29;27.77;2.01;13.77;994.03;107.15
07/04/2003;28.84;23.25;25.08;974.57;81.48;0;230.15;12.36;149.07;25.42;124.61;-2.02;NA;NA;-6;3.94;-0.92;-8.2;6.35;0;3.88;81.6;25.88;81.48;26.92;2.02;-0.06;992.42;67.04
08/04/2003;30.15;23.59;25.54;974.02;75.52;0;177.51;18.6;139.94;28.97;102.7;-2.2;NA;NA;-3.22;1.16;-1.45;-5.77;2.86;0;0.24;130.58;26.74;75.52;26.34;2.07;-2.58;991.64;96.22
09/04/2003;30.03;24.2;26.49;974.64;75.78;0;186.78;19.33;129.68;25.09;103.7;-2.41;NA;NA;-3.41;3.31;-0.19;-7.05;6.66;0;0.85;101.45;27.03;75.78;26.77;2.52;-8.75;992.49;188.86
10/04/2003;29.45;24.75;25.74;975.15;83.02;0;209.34;13.31;167.59;36.63;130.01;-1.65;NA;NA;-10.22;7.85;-0.99;-10.52;8.55;0;6.9;74.59;26.28;83.02;28.23;2.52;1.18;993.15;75.61
11/04/2003;28.75;23.47;24.63;975.77;87.92;0;210.59;9.91;139.53;28.04;109.01;-2.21;NA;NA;-7.14;9.16;-0.63;-8.87;8.79;0;6.31;140.53;25.52;87.92;NA;2.23;0.29;993.89;184.15
12/04/2003;27.02;23.69;24.86;976.82;90.14;0;204.43;11.66;167.63;42.98;112.04;-1.65;NA;NA;-6.64;6.47;0.19;-8.23;8.62;0;0.78;112.05;24.94;90.14;28.42;1.86;27.51;994.82;233.13
13/04/2003;27.48;23.45;24.32;977.84;89.79;0;127.52;44.39;97.15;16.43;72.55;-3.06;NA;NA;-3.09;6.77;2.04;-5.07;9.15;0;0.46;100.83;25.03;89.79;28.42;1.93;32.98;996.16;228.87
14/04/2003;26.65;22.85;24.06;978.39;91.79;0;134.21;50.39;92.16;10.32;75.83;-3.16;NA;NA;-5.46;7.56;0.98;-6.65;8.62;0;0;116.52;24.33;91.79;27.89;1.38;-23.68;996.57;239.45
15/04/2003;27.96;23.04;23.14;978.11;91.24;0;NA;NA;47.19;NA;NA;-4.06;NA;NA;-0.32;6.99;3.33;-0.95;7.61;0;0;272.17;24.37;91.24;27.77;1.11;5.18;995.77;186.48
16/04/2003;26.07;22.95;24.26;976.57;91.32;0;NA;NA;136.81;37.92;98.22;-2.26;NA;NA;-6.15;4.86;-0.64;-6.49;5.2;0;0.29;235.16;24.29;91.32;27.71;1.12;-32.86;994.74;192.34
17/04/2003;27.5;23.08;24.75;975.89;88.11;0;177.91;6.96;178.6;47.05;125.05;-1.43;NA;NA;-5.36;4.83;-0.19;-7.05;6.66;0;0.14;126.49;24.9;88.11;27.7;1.97;37.29;994.31;196.54
18/04/2003;29.49;23.03;24.97;975.43;84.3;3.05;192.55;17.5;128.25;22.98;105.38;-2.43;NA;NA;-3.45;6.21;1.33;-6.2;8.86;3.05;0;69.82;25.83;84.3;27.87;2.33;58.64;993.29;249.2
19/04/2003;30.25;24.03;25.53;975.34;84.04;0;189.43;15.51;148.38;31.49;108.9;-2.03;3.12;76.8;-4.69;7.52;0.97;-6.9;8.84;0;0.12;77.26;26.29;84.04;28.55;2.57;46.79;993.11;226.41
20/04/2003;28.59;24;25.25;973.93;85.72;1.52;181.27;15.89;141.87;30.53;106.42;-2.16;2.72;85.93;-6.35;7.45;0.53;-8.23;9.29;1.52;20.25;86.02;25.89;85.72;28.56;2.42;48.31;992.43;137.62
21/04/2003;28.56;23.04;24.8;974.01;86.66;4.32;202.78;10.17;149.32;35.6;111;-2.01;2.41;81.75;-6.18;4.24;NA;-2.67;7.27;4.32;2.49;86.04;25.33;86.66;27.9;1.95;28.41;992.22;115.26
22/04/2003;28.35;23.11;25.34;974.44;85.64;0;203.01;9.38;162.02;37.97;119.25;-1.76;2.6;74.58;-6.95;5.65;-0.19;-10.02;9.63;0;0.88;74.99;25.68;85.64;28.15;2.08;-6.08;992.68;179.43
23/04/2003;28.91;22.86;24.01;975.25;89.1;5.97;NA;NA;116.13;17.25;91.17;-2.68;2.39;79.18;-6.46;9.12;0.56;-7.22;8.35;5.97;0;92.78;25.09;89.1;28.17;2.26;-22.64;993.61;226.01
24/04/2003;28.29;23.08;24.31;975.76;90.26;1.9;156.26;26.96;122.01;26.19;90.51;-2.56;1.82;-83.95;-6.24;5.75;0.42;-7.76;8.6;1.9;0;100.55;24.9;90.26;28.36;1.94;-0.63;993.95;228.39
25/04/2003;27.96;23.02;23.77;976.29;88.42;12.18;106.43;50.83;58.23;2.22;50.03;-3.84;0.4;24.05;-3.74;1.99;0.45;-6.57;6.59;12.18;0;188.21;24.99;88.42;27.92;1.56;4.12;994.19;227.56
26/04/2003;26.57;23.34;24.1;977.61;93.65;0.25;NA;NA;140.04;25.59;107.19;-2.2;1.85;73.78;-7.46;7.89;-0.21;-9.12;8.71;0.25;0;86.45;24.35;93.65;28.43;2.04;43.95;995.51;218.36
27/04/2003;28.69;23.44;24.75;977.12;82.62;1.39;NA;NA;161.33;38.24;114.93;-1.77;1.47;-72.97;-7.11;6.52;-0.27;-7.95;8.51;1.39;0;153.1;25.89;82.62;27.39;2.05;49.73;995.04;222.11
28/04/2003;28.28;24.07;23.85;976.68;88.89;22.23;NA;NA;98.63;10.43;76.63;-3.03;1.99;89.35;-4.76;4.27;-0.31;-6.31;5.69;22.23;0;87.04;25.56;88.89;NA;2.19;52.02;994.4;225.75
29/04/2003;27.86;23.4;24.86;976.22;88.34;0;NA;NA;144.33;30.48;106.4;-2.11;1.83;75.6;-8.46;6.73;-1.73;-10.28;6.82;0;0;88.47;25.27;88.34;NA;1.76;40.91;994.05;205.89
30/04/2003;28.29;23.4;24.73;976.69;86.03;2.85;NA;NA;95.16;12.65;80.08;-3.1;2.05;-85.5;-2.4;3.12;0.84;-5.5;7.18;2.85;0.16;94.58;25.55;86.03;28.06;1.91;11.6;994.92;205.4
01/05/2003;28.02;23.09;23.24;977.42;90.12;28.14;NA;NA;88.32;23.82;55.56;-3.23;1.15;-77.3;-3.2;5.65;1.11;-5.91;8.12;28.14;0;130.07;24.84;90.12;28.07;1.62;50.27;995.64;201.35
02/05/2003;27.08;22.55;23.96;977.42;91.67;5.84;NA;NA;131.38;33.38;90.07;-2.37;0.31;12.85;-6.98;3.86;-1.34;-8.24;5.57;5.84;9.72;165.17;24.16;91.67;27.57;1.22;13.31;995.53;123.75
03/05/2003;28.74;22.71;24.17;976.48;85.77;27.93;NA;NA;114.39;30.58;76.5;-2.71;0.18;45.33;-6.06;6.77;0.28;-6.89;7.44;27.93;1.2;177.27;25.35;85.77;27.55;1.09;2.09;994.44;165.68
04/05/2003;27.97;22.96;24.55;975.32;88.47;3.04;172.65;19.42;134.91;25.6;107.84;-2.3;2.03;88.67;-3.99;5.55;0.31;-6.78;7.39;3.04;0;95.64;25.07;88.47;28.02;1.32;13.33;993.82;201.31
05/05/2003;27.93;23.19;24.58;975.56;88.72;0;184.26;10.74;115.84;21.53;92.03;-2.68;2.77;78.48;-7.53;8.8;0.76;-8.84;10.36;0;8.02;76.42;25.04;88.72;27.95;1.78;-1.58;993.96;86.06
06/05/2003;25.8;22.92;24.07;975.75;93.07;8.9;161.47;15.27;127.06;18.99;103.15;-2.46;2.95;-88.32;-9.17;7.64;-0.08;-10.12;8.7;8.9;3.22;87.72;23.91;93.07;27.63;2.18;-34.86;994.36;132.11
07/05/2003;28.76;22.85;25.05;975.88;88.43;0.25;208.12;5.82;140.41;27.37;110.67;-2.19;1.87;86.89;-6.88;4.97;-0.56;-8.79;7.67;0.25;0.02;87.57;25.31;88.43;NA;1.37;-19.58;994.12;221.39
08/05/2003;29.09;22.83;25.46;976.75;84.61;0;210.2;4.12;164.12;50.08;114.52;-1.72;1.46;11.56;-5.06;1.21;-1.67;-7.22;3.87;0;0;195.51;25.48;84.61;27.38;1.58;-21.65;994.87;225.12
09/05/2003;28.74;23.11;24.74;976.92;86.23;4.57;158.37;13.43;92.52;25.97;59.99;-3.15;0.82;39.32;-3.68;0.65;-1.64;-6.84;3.55;4.57;0.29;226.38;25.4;86.23;27.87;1.06;9.64;995.14;170.65
10/05/2003;27.62;22.66;25.3;976.23;86.76;1.52;177.14;13.6;134.18;16.14;107.05;-2.32;1.84;89.47;-4.07;0.77;-1.75;-6.72;3.21;1.52;0.16;96.93;25.02;86.76;27.41;1.92;-4.54;994.72;127.46
11/05/2003;28.04;22.79;25;977.06;85.13;0;216.86;2.16;169.68;47.19;121.15;-1.61;2.87;-86.52;-6.08;2.73;-2.23;-10.08;5.62;0;0.07;96.54;25.16;85.13;27.11;2.37;-23.36;995.22;157.87
12/05/2003;29.19;22.87;25.1;977.04;85.19;1.28;201;7.85;127.59;33.57;87.55;-2.45;2.77;85.8;-3.2;5.89;2.2;-4.77;8.3;1.28;0;85.51;25.57;85.19;27.77;2.21;-20.63;995.18;176.83
13/05/2003;28.72;23.94;25.01;976.48;85.35;3.81;141.66;23.34;104.71;12.76;84.14;-2.9;2.55;79.41;-4.5;3.58;-0.65;-7;5.7;3.81;0;77.22;25.55;85.35;27.86;2.33;37.75;994.57;168.33
14/05/2003;29.03;23.57;24.85;975.71;84.41;4.07;181.63;11.61;125.22;18.13;76.17;-2.5;2.21;84.23;-4.75;4.66;0.55;-6.79;6.97;4.07;0;118.04;25.78;84.41;27.92;2.21;-2.81;993.62;153.17
15/05/2003;27.74;24.07;25.35;975.28;86.24;9.91;186.31;8;149.15;26.43;115.04;-2.02;2.57;-89.71;-5.13;5.32;0.25;-5.59;6.09;9.91;0.04;92.81;25.85;86.24;28.71;2.3;-32.57;993.3;147.18
16/05/2003;29.08;23.21;25.31;974.7;88.95;3.04;199.53;4.94;138.09;26.16;101.82;-2.24;2.97;88.95;-7.79;5.96;NA;-11.69;7.73;3.04;0;86.61;25.66;88.95;NA;2.06;22.65;992.71;198.23
17/05/2003;28.54;23.52;25.11;974.04;85.01;5.33;150.42;17.9;110.17;9.97;92.56;-2.8;2.4;84.62;-3.7;3.58;-0.17;-6.43;6.1;5.33;0;87.61;25.79;85.01;28.1;2.32;50.98;992.15;204.31
18/05/2003;29.68;24.52;24.87;974.71;84.41;21.59;149.07;18.24;113.92;18.63;89.6;-2.72;2.42;82.31;-2;3.47;0.69;-5.2;6.59;21.59;0;87.72;26.4;84.41;NA;1.97;26.98;992.53;196.19
19/05/2003;29.97;24.02;25.94;974.96;86.45;0;223.4;1.06;147.71;32.49;112.18;-2.05;2.72;74.1;-5.58;7.28;0.84;-7.7;9.38;0;0.07;73.79;26.32;86.45;NA;1.76;52.86;992.9;188.23
20/05/2003;28.92;24.15;25.78;975.62;86.37;2.79;183.43;4.12;140.48;21.53;109.04;-2.19;NA;NA;-6.13;2.63;NA;-8.13;3.81;2.79;0;93.26;25.87;86.37;28.7;1.91;26.04;993.74;190.67
21/05/2003;28.51;23.41;24.94;976.08;86.29;13.22;149.92;14.67;91.18;16.62;72.52;-3.18;1.23;59.78;-4.6;6.06;0.7;-6.21;7.61;13.22;0;113.4;25.74;86.29;28.47;1.96;52.82;993.91;163.08
22/05/2003;29.62;24.24;25.98;975.51;83.32;0.25;205.58;2.06;161.39;29.27;120.54;-1.77;2.9;71.69;-4.17;6.07;0.97;-7.1;9.04;0.25;0;72.09;26.55;83.32;28.79;2.5;22.65;993.32;186.8
23/05/2003;28.71;24.49;25.71;975.77;85.02;3.32;160.92;7.2;96.88;7.58;80.51;-3.06;2.87;69.13;-3.19;6.76;2.24;-4.62;8.25;3.32;1.47;69.17;26.38;85.02;NA;2.57;35.03;993.6;182.94
24/05/2003;28.96;24.35;24.89;975.04;84.23;19.29;147.59;13.16;110.47;9.61;80.35;-2.79;2.28;71.98;-3.3;5.49;1.14;-6.17;8.46;19.29;0.76;81.16;26.23;84.23;28.61;2.21;45.82;992.99;180.26
25/05/2003;29.26;23.48;24.85;975.43;86.73;21.35;168.33;9.38;131.13;32.17;101.29;-2.38;1.08;85.27;-4.16;2.65;-0.87;-8.02;6.28;21.35;0;132.29;25.93;86.73;NA;1.35;-8.37;993.46;202.3
26/05/2003;28.94;23.22;25.42;976.21;87;0.25;183.22;3.78;113.59;19.45;91.17;-2.73;2.59;79.34;-7.48;2.09;-2.21;-9.56;5.14;0.25;0;78.16;25.38;87;NA;1.66;-3.88;994.41;201.55
27/05/2003;27.22;22.88;23.32;977.71;89.77;13.72;78.62;46.56;51.14;NA;NA;-3.98;2.89;-68.39;-4.83;3.35;NA;-2.91;5.49;13.72;0;111.52;24.46;89.77;27.5;2.69;-11.69;996.05;179.28
28/05/2003;28.8;23.06;23.09;978.23;86.59;13.2;69.82;50.27;39.53;NA;NA;-4.21;1.72;-37.49;-1.62;2.34;NA;-4.54;4.73;13.2;0.03;150.6;25.31;86.59;27.85;1.75;17.36;995.86;177.52
29/05/2003;28.55;23.11;24.78;977.32;86.55;0.76;211.43;1.61;173.22;42.48;123.58;-1.54;1.2;-52.48;-6.01;1.75;-2.42;-9.45;4.61;0.76;0.07;149.31;25.37;86.55;27.88;1.41;-26.81;995.19;125.13
30/05/2003;28.16;23.35;24.93;977.25;87.01;0;188.09;3.49;119.8;33.04;81.64;-2.6;1.43;83.06;-8.47;4.89;NA;-9.49;7.89;0;0;119.1;25.09;87.01;27.61;1.5;7.39;995.47;164.12
31/05/2003;28.29;23.35;24.2;977.54;87.64;23.88;127.58;22.03;97.42;10.86;80.42;-3.05;2.58;-76.16;-2.08;6.42;1.32;-5.04;7.69;23.88;0;105.19;25.05;87.64;27.66;2.22;-27.45;995.83;188.01
01/06/2003;28.36;23.38;24.84;976.92;85.86;9.39;180.66;6.69;139.22;22.38;111.14;-2.22;2.79;74.64;-5.54;6.23;0.82;-6.88;8.53;9.39;0;73.92;25.36;85.86;27.72;2.16;-39.35;994.85;189.14
02/06/2003;27.82;22.8;24.46;976.46;86.48;0.76;120.55;20.05;87.48;9.94;74.39;-3.25;2.98;85.08;-1.54;4.66;0.98;-4.72;6.67;0.76;0;84.59;25.03;86.48;27.39;2.23;36.44;994.63;191.03
03/06/2003;28.07;22.76;23.53;976.08;88.06;14.48;97.99;21.92;74.36;7.96;58.23;-3.51;2.56;-74.04;-2.01;5.55;NA;-3.6;6.71;14.48;0;107.53;25.18;88.06;28;2;30.95;993.88;161.25
04/06/2003;28.04;23.14;24.27;976.01;87.8;0;166.3;8.75;103.62;18.29;87.57;-2.93;2.9;-80.08;-4.86;5.53;-0.21;-8.51;8.09;0;1.64;100.28;25.06;87.8;27.81;1.69;-14.85;994.18;155.47
05/06/2003;28.96;22.99;25.07;976.33;87.22;0;181.2;3.2;140.5;29.95;100.14;-2.19;1.67;89.37;-5.65;4.05;-0.34;-7.32;6.64;0;0.89;127.76;25.24;87.22;27.85;1.51;0.24;994.45;98.75
06/06/2003;28.22;22.79;24.04;976.72;90.4;1.52;110.94;24.99;70.09;9.26;60.86;-3.6;2.73;-72.43;-4.89;4.07;-1.27;-7.36;4.82;1.52;0.07;109.85;24.82;90.4;NA;2.3;-2.44;994.79;166.58
07/06/2003;27.64;23.14;24.34;976.52;90.67;1.52;165.46;8.09;127.06;24.64;99.63;-2.46;2.08;-71.97;-4.87;4.29;-0.74;-7.37;5.89;1.52;0.6;111.94;24.93;90.67;NA;1.47;21.04;994.79;126.22
08/06/2003;28.05;22.85;24.03;976.47;88.41;3.81;116.51;25.82;84.43;13.08;68.43;-3.31;0.99;-79.77;-2.42;3.91;0.43;-5.1;5.97;3.81;4.86;151.97;24.91;88.41;27.72;1.31;-6.81;994.7;122.51
09/06/2003;27.56;22.75;23.1;977.04;90.53;21.84;64.85;30.85;45.49;3.29;32.78;-4.09;0.61;-60.95;0.14;0.61;0.47;-4.01;4.95;21.84;0.27;152.48;24.57;90.53;27.9;1.02;13.21;994.94;98.98
10/06/2003;28.65;22.96;25.2;976.8;87.91;0;189.1;5.47;145.91;29.47;112.44;-2.08;1.54;-63.52;-4.01;2.42;-1.25;-7.28;4.78;0;0;114.9;25.23;87.91;28.12;1.12;13.42;994.69;177.15
11/06/2003;28.5;22.95;24.96;976.14;87.38;8.39;177.32;5.23;106.67;21.25;78.93;-2.87;2.07;87.8;-0.55;4.73;1.52;-3.61;6.64;8.39;0;106.31;25.32;87.38;NA;2.06;37.82;994.26;179.71
12/06/2003;29.3;23.66;24.58;974.91;85.98;0.76;131.89;18.5;98.87;19.82;83.32;-3.02;1.98;-68.7;-2.76;2.27;0.02;-5.32;5.37;0.76;0;121.22;25.93;85.98;28.64;1.63;7.68;992.8;162.24
13/06/2003;27.5;23.04;24.89;974.76;86.71;0;149.77;9.79;101.05;17.91;73.96;-2.98;2.54;85.64;-5.86;4.16;-0.63;-8.09;5.9;0;0;88.41;25.2;86.71;27.74;2.68;48.11;992.94;175.59
14/06/2003;26.54;23.78;24.3;975.82;89.11;3.04;133.94;14.44;100.66;18.49;79.14;-2.99;2.38;-82.48;-8.79;4.76;-2.31;-9.65;5.04;3.04;0.02;105.96;24.98;89.11;28.18;1.74;42.74;993.69;174.64
15/06/2003;28.41;23.17;25.45;975.86;87.46;0.51;154.52;5.66;113.61;16.14;96.41;-2.73;1.73;85.99;-6.15;3.01;-2.01;-9.28;5.26;0.51;0;90.01;25.7;87.46;NA;1.7;34.96;993.74;159.45
16/06/2003;27.96;22.9;25.14;976.27;87.57;0;167.85;6.04;95.24;13.85;80.49;-3.1;2.65;60.63;-2.94;4.47;0.37;-5.88;6.62;0;0;62.03;25.05;87.57;27.76;2.35;25.37;994.33;177.02
17/06/2003;27.82;22.97;24.76;976.21;88.99;12.45;191.55;1.79;149.81;33.2;114.77;-2;2.88;82.81;-4.65;9.5;1.35;-6.84;9.53;12.45;0;80.42;24.9;88.99;27.88;2.48;26.45;994.3;178.68
18/06/2003;28.61;23.27;24.1;976.88;84.96;6.09;192.37;2.45;131.2;27.77;104.07;-2.38;2.38;-81.44;-5.25;4.46;0.04;-7.02;7.1;6.09;0.02;100.3;25.51;84.96;27.63;2.23;-55.01;994.38;157.54
19/06/2003;29.19;23.17;24.82;977.24;83.51;2.04;183.39;1.54;138.66;33.79;98.24;-2.23;1.18;-72.25;-4.62;1.79;-1.38;-7.4;4.64;2.04;0;141.31;25.87;83.51;27.69;2.05;-20.05;995.03;162.48
20/06/2003;27.44;23.22;25.42;977.12;87.43;2.04;176.27;2.1;115.03;18.43;101.42;-2.7;2.43;73.76;-1.68;0.56;-1.49;-6.2;2.63;2.04;0.19;74.03;24.87;87.43;27.45;1.98;9.83;995.38;148.87
21/06/2003;27.93;22.78;23.2;977.4;89.13;7.88;92.35;28.53;61.67;NA;NA;-3.77;2.56;-71.79;0.34;0.47;NA;-4.81;1.88;7.88;0;106.22;24.43;89.13;27.21;2.12;-27.77;995.35;177.69
22/06/2003;28.53;22.82;24.76;976.31;85.62;0;193.05;1.38;148.23;NA;NA;-2.04;2.69;86.71;NA;NA;NA;NA;NA;0;0;86.21;25.08;85.62;27.13;2.13;-39.28;994.39;169.85
23/06/2003;27.61;22.88;25.33;976.17;87.67;0;203.66;1.25;145.97;NA;NA;-2.08;2.46;82.94;NA;NA;NA;NA;NA;0;0;84.46;24.73;87.67;27.11;2.15;27.77;994.65;179.64
24/06/2003;27.18;23;23.8;978.14;88.95;6.11;164.93;4.82;121.9;NA;NA;-2.56;2.38;-65.47;NA;NA;NA;NA;NA;6.11;0;114.56;24.56;88.95;27.42;2.38;-56.48;996.01;183.3
25/06/2003;27.57;22.58;25.08;977.92;86.34;0.25;202.43;1.91;132.96;NA;NA;-2.34;2.36;-76.91;NA;NA;NA;NA;NA;0.25;0;100.77;24.98;86.34;27.2;1.75;-15.26;995.64;177.36
26/06/2003;29.04;22.7;25.79;976.76;85.01;0;217.76;0.33;168.51;NA;NA;-1.63;2.61;76.95;NA;NA;NA;NA;NA;0;0;77.1;25.59;85.01;27.66;1.54;0.17;994.62;176.39
27/06/2003;28.31;22.61;25.64;976.87;88.27;2.28;202.79;0.64;131.48;NA;NA;-2.37;1.97;-85.92;-5.89;2.25;NA;-5.35;5.26;2.28;0.01;104.58;24.86;88.27;NA;1.29;9.7;994.62;155.56
28/06/2003;27.6;22.8;25.82;977.44;87.94;0.25;209.67;0.57;160.2;35.16;121.53;-1.8;2.76;80.2;-3.14;3.94;0.09;-5.02;5.2;0.25;0;79.03;24.97;87.94;27.75;1.62;21.89;995.27;178.44
29/06/2003;28.06;22.57;26.42;977.18;87.34;0;214.79;0.4;165.65;34.02;130.13;-1.69;2.34;85.28;-1.77;1.85;-0.42;-6.25;4.68;0;0.01;85.15;25.18;87.34;27.7;1.22;-17.42;995.14;180.84
30/06/2003;29.13;23.06;26.55;977.18;84.94;0;225.66;0.28;140.81;25.27;114.82;-2.18;2.12;-73.1;-2.96;0.7;NA;-7.09;2.93;0;0.19;121.77;25.51;84.94;27.54;1.07;30.78;995.16;170.53
01/07/2003;29.07;23.45;26.19;977.56;84.97;0;201.22;1.17;154.48;32.22;119.13;-1.91;2.47;-73.73;-3.56;1.56;-1.67;-6.84;3.51;0;0;110.87;25.63;84.97;27.66;1.44;33.95;995.24;183.01
02/07/2003;27.08;22.83;24.3;978.42;89.22;12.94;130.05;14.52;94.36;17.94;79.86;-3.11;2.54;-78.27;-4.35;2.39;-1.12;-6.97;4;12.94;0;100.64;24.48;89.22;27.36;2;39.91;996.18;185.58
03/07/2003;27.88;22.75;23.1;979.14;86.8;1.27;161.41;6.29;117.34;26.2;86.4;-2.65;1.05;-66.82;-7.52;4.66;-1.34;-8.56;5.88;1.27;0;149.46;24.59;86.8;26.75;1.71;54.02;996.1;173.08
04/07/2003;28.31;21.91;24.85;977.39;84.62;0;201.52;0.9;126.23;26.81;96.93;-2.48;1.58;-76.83;-5.13;2.7;-1.52;-7.19;4.16;0;0;120.22;24.9;84.62;26.41;1.47;23.78;994.77;183.62
05/07/2003;28.97;23.04;25.18;975.86;86.19;0.25;196.17;3.21;151.31;32.31;108.38;-1.97;1.68;-86.26;-0.98;4.52;1.8;-3.9;6.79;0.25;0;100.86;25.28;86.19;27.63;1.42;8.72;993.4;185.09
06/07/2003;28.25;23.26;25.06;975.51;85.23;0;169.99;4.08;126.78;26.61;96.35;-2.46;2;79.5;-3.81;5.03;1.83;-4.85;7.67;0;0;89.36;25.35;85.23;27.3;2.14;60.88;993.34;180.58
07/07/2003;29.11;22.82;NA;976.21;82.08;0;211.98;0.76;NA;NA;NA;NA;NA;NA;-6.09;5.07;NA;-3.82;8.66;0;0;115.01;25.87;82.08;27.16;2.32;32.78;993.63;177.46
08/07/2003;29.11;23.81;25.37;976.51;83.45;0;197.42;0.59;150.17;34.47;112.03;-2;2.62;67.98;-5.94;6.32;0.16;-7.94;8.27;0;0;65.84;25.92;83.45;27.81;2.63;65.27;993.82;181.14
09/07/2003;29.19;23.41;24.63;976.15;85.67;4.32;163.06;7.22;100.34;19.02;71.68;-2.99;2.09;73.88;-1.64;4.4;2.42;-3.88;7.93;4.32;0;80.28;25.77;85.67;28.19;1.72;31.98;993.63;186.09
10/07/2003;29.32;23.76;26.09;976.28;83.56;0;198.88;2.25;132.34;23.66;105.91;-2.35;2.41;65.98;-3.52;4.12;0.07;-6.69;6.83;0;2.85;68.5;26.05;83.56;NA;2.06;38.61;994.03;140.98
11/07/2003;29.15;23.7;26.31;977.12;79.64;0;187.97;0.47;125.89;25.53;98.5;-2.48;2.39;85.09;-1.44;3.42;NA;-5.14;6.33;0;14.09;94.75;26.29;79.64;27.05;2.44;45.1;994.79;36.46
12/07/2003;30.52;23.53;26.73;977.78;73.79;0;211.44;1.75;150.34;28.33;118.51;-1.99;2.56;-85.4;-5.45;1.2;-1.9;-8.23;3.63;0;0.51;94.37;26.73;73.79;25.48;2.19;18.49;995.32;36.26
13/07/2003;30.07;23.95;26.42;978.04;79.98;0;236.15;0.22;173.65;42.32;137.52;-1.53;1.79;74.01;-4.55;1.84;NA;-8.55;3.2;0;0.85;94.54;26.45;79.98;27.43;1.7;32.71;995.59;55.87
14/07/2003;27.56;23.24;23.36;978.33;85.53;4.82;118.74;22.51;61.81;NA;NA;-3.76;1.64;-61.89;-1.66;1.79;0.12;-3.68;3.92;4.82;0.07;136.33;24.99;85.53;27.03;1.8;63.95;996.12;105.96
15/07/2003;28.48;22.77;23.75;977.83;84.46;0.25;136.93;18.75;84.64;15.72;63.03;-3.31;1.3;-83.76;-4.14;4.92;0.22;-6.17;6.62;0.25;0;112.14;25.32;84.46;27.07;1.29;9.73;995.82;158.62
16/07/2003;29.06;23.18;25.68;978.41;81.21;0;216.42;1.8;130.83;32.24;98.73;-2.38;1.74;-89.85;-6.59;3.89;-1.01;-8.52;6.5;0;0;115.68;25.96;81.21;27.04;1.5;11.07;996.29;180.71
17/07/2003;29.36;23.96;25.64;979.36;80.06;0;203.41;1.68;144.15;26.65;114.93;-2.12;2.35;78.47;-4.57;2.4;-1.41;-6.88;4.07;0;0.21;77.37;26.36;80.06;27.31;1.89;10.37;997.09;118.21
18/07/2003;29.22;23.74;25.74;980.04;79.62;0;223.95;0.33;139.72;27.63;107.43;-2.2;2.42;83.1;-4.44;1.44;NA;-7.84;3.69;0;0;84.2;26.28;79.62;27.08;1.72;43.01;997.44;174.79
19/07/2003;30.16;23.14;26.11;979.87;77.34;0;221.23;1.37;150.64;32.24;117.09;-1.99;2.6;86.12;-7.34;2.13;-2.61;-8.84;3.62;0;0;88.9;26.49;77.34;26.49;2.02;47.45;997.36;192.74
20/07/2003;30.53;24.15;26.05;978.59;77.5;0;199.16;2.78;140.08;22.8;119.63;-2.2;2.33;-81.24;-3.13;2.21;-0.56;-5.55;3.81;0;0;106.69;26.6;77.5;26.77;2.11;41.31;995.98;194.23
21/07/2003;29.76;24.5;25.96;977.88;80.57;0;202.1;1.16;130.23;NA;NA;-2.4;2.5;80.75;-5.29;1.42;-2.06;-7.06;2.94;0;0;84.28;26.37;80.57;27.6;2.76;43.4;995.58;197.87
22/07/2003;30.03;23.98;26.36;977.69;79.65;0;227.74;0.44;155.27;32.15;114.81;-1.89;3.06;-89.92;-4.88;3.79;-0.14;-6.74;5.64;0;0;88.77;26.46;79.65;27.27;2.93;67.49;995.36;192.87
23/07/2003;29.81;24.19;26.36;977.35;80.72;0;224.75;0.33;127.44;32.56;93.64;-2.45;2.36;87.25;-5.26;1.59;-1.87;-7.22;3.47;0;0;107.33;26.74;80.72;28.16;2.41;47.19;994.91;198.56
24/07/2003;29.73;24.37;26.25;977.14;82.04;0;223.73;0.36;152.61;32.8;123.22;-1.95;2.77;-89.44;-3.53;3.39;-0.58;-5.71;4.55;0;0;89.36;26.76;82.04;28.67;2.29;55.88;994.71;197.68
25/07/2003;30.33;24.02;26.35;977.74;76.75;0;221.07;0.34;124.09;24.88;102.07;-2.52;2.41;83.85;-3.66;1.62;-0.63;-5.33;4.06;0;0;99.6;27.11;76.75;27.24;2.32;26.82;995.31;187.03
26/07/2003;30.08;24.79;26.2;978.38;78.83;0;168.39;4.5;123.61;31.64;89.65;-2.53;1.33;26.09;-4.49;2.45;-1.18;-7.52;5.16;0;0;122.68;26.98;78.83;27.99;2.31;40.77;995.97;167.55
27/07/2003;28.63;24.53;24.85;978.31;83.94;14.23;181.8;3.17;110.11;25.25;79.18;-2.8;1.11;66.68;-6.87;5.39;-0.83;-7.07;5.41;14.23;0.4;151.68;26.27;83.94;28.59;2.23;39.66;995.82;106.81
28/07/2003;28.15;23.94;24.71;978.07;86.68;3.31;108.55;25.98;26.68;9.36;22.87;-4.47;0.56;30.84;-1.34;3.71;1.05;-3.17;5.27;3.31;0.06;143.07;25.7;86.68;28.55;1.81;36.44;995.76;110.7
29/07/2003;29.57;24.49;24.03;978.78;85.21;20.84;121.57;22.17;68.15;11.96;62.77;-3.64;0.15;-58.17;-1.65;1.36;-0.15;-4.5;4.19;20.84;0.04;146.89;26.16;85.21;28.79;1.17;17.22;996.11;145.15
30/07/2003;29.25;24.08;25.56;978.78;83.73;0;189.84;4.6;5.46;-2.44;11.54;-4.89;1.05;56.98;-4.48;2.62;-1.3;-7.16;4.57;0;0;123.63;26.39;83.73;NA;0.82;-0.84;996.36;167.17
31/07/2003;29.99;24.55;25.93;977.26;80.76;0;202.16;1.17;92.7;20.97;77.95;-3.15;2.96;67.27;-3.15;4.93;0.98;-4.95;6.91;0;0.57;66.16;26.69;80.76;28.14;2.25;33.47;994.9;131.26
01/08/2003;29.91;23.27;25.97;976.88;80.72;0;182.06;4.3;130.44;28;103.18;-2.39;2.73;69.79;-1.98;3.73;0.83;-4.6;6.27;0;0.14;72.64;26.28;80.72;27.41;2.04;27.78;994.67;164.25
02/08/2003;29.79;23.79;26.15;977.36;83.96;0;208.27;1.85;150.7;29.3;119.3;-1.99;2.85;86.44;-4.41;3.33;-0.47;-7.22;6.27;0;0.02;86.76;26.12;83.96;28.28;1.79;6.91;995.16;181.85
03/08/2003;29.91;23.63;26.27;977.66;81.9;0;219.15;0.76;181.15;42.48;140.58;-1.38;3.26;70.43;-4.21;5.3;0.54;-5.76;6.84;0;0;69.31;26.76;81.9;NA;2.43;27.15;995.11;201.92
04/08/2003;29.83;24.74;26.11;976.96;80.73;0;203.63;2.62;126.18;30.95;97.09;-2.48;2.62;67.04;-4.37;4.44;-0.24;-6.43;5.95;0;0;71.6;27;80.73;28.67;2.43;54.69;994.31;209.6
05/08/2003;29.95;24.7;25.99;976.7;80.22;0;203.68;1.5;161.95;34.33;126.55;-1.76;3.39;57.49;-5.1;7.53;1.32;-6.71;9.35;0;0;58.03;26.83;80.22;28.17;2.78;56.98;994;212.27
06/08/2003;30.13;24.52;25.99;976.72;78.73;0;205.03;1.48;130.85;26.94;106.39;-2.38;3.12;75.19;-3.23;3.99;0.34;-5.44;6.12;0;0;75.49;27.11;78.73;28.09;2.92;63.22;993.95;131.32
07/08/2003;30.39;24.7;26.02;976.69;77.41;0.25;216.7;1.41;114.04;36.36;95.9;-2.72;3.22;71.36;-4.52;3.94;-0.29;-6.76;6.18;0.25;0.28;71.94;27.25;77.41;27.83;2.95;58.55;993.96;99.45
08/08/2003;30.73;24.36;26.06;976.31;74.52;0;215.85;0.79;119.25;22.26;102.14;-2.61;3.13;66.75;-4.92;3.59;-0.74;-7.25;5.77;0;0.87;65.23;27.34;74.52;26.84;2.87;58.43;993.64;102.41
09/08/2003;30.69;24.77;26.11;978.02;79.28;0.25;187.16;5.03;128.63;36.32;95.26;-2.43;1.36;54.28;-1.88;2.81;0.24;-5.31;5.8;0.25;13.07;154.61;27.31;79.28;NA;2.4;35.29;995.29;107.4
10/08/2003;29.93;24.88;25.6;978.18;81.81;11.43;168.33;6.93;115.76;15.69;100.12;-2.68;0.5;71.48;-4.5;2.12;-1.05;-7.09;4.98;11.43;2.22;176.48;26.94;81.81;28.93;2.04;16.73;995.71;47.65
11/08/2003;27.86;22.79;24.26;977.93;88.03;11.68;119.76;25.88;58.29;3.61;51.39;-3.83;0.83;23.44;-4.44;4.71;0.33;-4.48;5.14;11.68;0.35;180.28;25.02;88.03;27.72;1.07;5.5;995.54;141.09
12/08/2003;28.83;22.88;24.73;977.69;86.81;2.8;129.72;17.74;86.14;16.99;66.95;-3.28;0.77;-58.19;-1.83;1.18;-0.17;-4.73;4.39;2.8;0;158.48;25.35;86.81;NA;1.72;25.85;995.24;182.14
13/08/2003;29.02;23.47;25.65;978.23;84.46;0.51;186.12;5.56;109.72;19.22;92.97;-2.81;2.67;69.59;-2.24;3.51;0.14;-6.22;6.5;0.51;0;73.8;25.98;84.46;NA;2.11;28.23;995.67;219.71
14/08/2003;29.89;24.03;26.16;978.4;79.93;0;230.56;1.49;165.21;36.08;132.66;-1.7;2.47;59.27;-3.7;3.24;-0.22;-5.98;5.54;0;0;84.82;26.8;79.93;27.79;1.74;43.24;995.59;213.59
15/08/2003;30.4;24.15;26.67;977.64;79.54;0;214.24;1.33;125.51;19.27;112.28;-2.49;2.82;57.01;-2.53;2.98;0.4;-5.63;5.68;0;2.71;56.62;26.75;79.54;27.71;1.97;32.54;995.11;125.75
16/08/2003;30.41;24.16;25.79;977.88;79.65;8.89;176.94;12.85;122.48;18.02;83.78;-2.55;2.07;82.88;-4.12;3.74;0.04;-5.98;6.07;8.89;6.74;103.3;26.67;79.65;27.61;1.84;32.02;995.26;154.78
17/08/2003;28.95;23.5;25.72;978.55;85.35;0;223.09;1.35;162.56;48.52;110.67;-1.75;1.68;-57.27;-5.04;4.72;0.27;-6.23;6.77;0;0.24;151.7;25.36;85.35;27.47;1.38;-3.49;996.34;196.61
18/08/2003;28.96;23.14;25.59;979.05;87.98;0;167.51;12.48;93.36;19.48;79.76;-3.13;1.51;-71.46;-3.25;5.09;0.33;-5.68;6.35;0;0;133.3;25.15;87.98;28.02;1.35;21.9;997.14;217.71
19/08/2003;28.06;22.36;22.89;979.55;87.71;0.51;94.43;54.02;53.29;3.62;52.78;-3.93;2.19;-56.59;-3.37;3.59;-0.31;-6.52;5.9;0.51;0;134.39;24.75;87.71;27.28;1.37;-12.38;997.31;237.23
20/08/2003;29.01;23.08;24.34;978.74;81.57;7.61;177.1;11.08;97.64;14.27;79.43;-3.05;1.31;-54.09;-1.94;2.15;0.17;-4.75;5.08;7.61;0;156.21;25.74;81.57;26.76;1.8;20.25;996;238.91
21/08/2003;30.19;23.44;26.15;976.83;76.46;0;228.72;1.22;161.53;33.18;136.49;-1.77;1.74;78.3;-1.9;3.13;0.78;-3.67;5.24;0;0;117.5;26.69;76.46;26.34;1.81;40.93;994.2;242.27
22/08/2003;30.56;23.9;26.88;976.58;75.04;0;210.28;0.59;142.65;NA;NA;-2.15;2.33;59.7;-3.45;5.08;NA;-7.29;7.32;0;0;113.02;26.97;75.04;26.42;2.05;32.54;993.94;242.86
23/08/2003;30.76;24.13;26.86;976.57;78.02;0;220.19;2.65;154.5;30.75;125.93;-1.91;3.09;70.48;-4.38;5.03;0.74;-6.27;6.87;0;0;68.95;27.04;78.02;27.7;1.97;49.71;994.12;240.84
24/08/2003;31.34;24.33;25.95;976.83;78.08;9.4;180.27;10.18;123.88;22.24;99.3;-2.52;2.38;63.17;-2.84;2.97;-0.02;-5.16;5.13;9.4;0;95.48;27.46;78.08;28.39;2.18;60.37;994.24;241.12
25/08/2003;30.93;25.14;26.66;977.21;79.56;0.25;226.65;2.73;136.17;34.86;106.19;-2.28;1.72;65.78;-4.22;4.52;0.06;-7.27;6.48;0.25;15.95;105.77;27.63;79.56;NA;2.35;64.23;994.49;123.7
26/08/2003;31.04;24.87;26.05;976.53;80.76;0.25;216.3;2.13;152.12;37.32;123.19;-1.96;0.66;46.55;-5.66;5.77;-0.36;-7.89;7.17;0.25;3.52;140.42;27.2;80.76;28.95;2.25;32.44;993.91;80.77
27/08/2003;29.98;23.55;25.25;977.24;81.35;0;209.16;2.62;126.58;22.02;104.71;-2.47;2.11;-37.57;-4.57;4.97;0.43;-6.34;7.21;0;0.56;145.92;26.31;81.35;27.67;1.75;25.91;994.77;190.87
28/08/2003;28.66;22.5;24.84;978.21;85.22;4.06;180.3;9.2;126.87;25.39;95.2;-2.46;0.96;-75.41;-6.51;4.29;-0.74;-7;5.52;4.06;5.71;168.83;25.45;85.22;27.63;1.86;-22.21;995.87;58.78
29/08/2003;29.33;22.52;NA;978.11;84.9;3.81;NA;NA;NA;NA;NA;NA;NA;NA;-5.11;3.45;NA;-9.42;6.29;3.81;6.01;169.82;25.24;84.9;27.12;1.36;-39.23;996.07;58.31
30/08/2003;29.1;23.22;NA;977.88;86.67;0;NA;NA;NA;NA;NA;NA;NA;NA;NA;NA;NA;NA;NA;0;0.99;73.77;25.32;86.67;27.68;1.23;-27.31;996.23;92.27
31/08/2003;28.3;23.06;NA;979.01;87.5;0;NA;NA;NA;NA;NA;NA;NA;NA;NA;NA;NA;NA;NA;0;8.03;92.79;24.64;87.5;27.05;2;-15.34;996.9;109.18
01/09/2003;28.74;22.58;NA;NA;87.3;0.57;NA;NA;NA;NA;NA;NA;NA;NA;NA;NA;NA;NA;NA;0.76;0.65;51.83;24.91;87.3;27.45;1.73;-51.28;996.91;149.68
02/09/2003;30.12;22.93;NA;NA;83.78;NA;NA;NA;NA;NA;NA;NA;NA;NA;NA;NA;NA;NA;NA;0;1.05;70.21;25.93;83.78;27.81;1.5;-17.47;996.51;107.68
03/09/2003;29.44;22.8;NA;NA;85.67;0.25;NA;NA;NA;NA;NA;NA;NA;NA;NA;NA;NA;NA;NA;0.23;0.32;86.61;25.97;85.67;NA;1.1;-1.27;996.11;128.83
04/09/2003;29.58;23.73;NA;977.5;83.3;2.02;NA;NA;NA;NA;NA;NA;NA;NA;NA;NA;NA;NA;NA;2.02;0;116.92;26.37;83.3;28.45;2;62.67;995.53;236.47
05/09/2003;30.01;23.72;NA;977.69;81.84;1.26;NA;NA;NA;NA;NA;NA;NA;NA;NA;NA;NA;NA;NA;1.26;0;99.61;26.43;81.84;NA;2.37;5.96;995.42;263.79
06/09/2003;30.23;24.14;NA;976.24;80.27;0;NA;NA;NA;NA;NA;NA;NA;NA;NA;NA;NA;NA;NA;0;0;121.76;26.77;80.27;NA;2.43;31.3;994.05;264.45
07/09/2003;30.3;24.49;NA;976;79.66;0;NA;NA;NA;NA;NA;NA;NA;NA;NA;NA;NA;NA;NA;0;0;112.99;27.06;79.66;28.33;2.37;60.58;993.78;261.28
08/09/2003;30.54;24.78;NA;975.74;77.84;0;NA;NA;NA;NA;NA;NA;NA;NA;NA;NA;NA;NA;NA;0;0;105.46;27.42;77.84;28.3;2.44;46.51;993.41;267.22
09/09/2003;30.77;24.76;NA;976.07;76.73;0;NA;NA;NA;NA;NA;NA;NA;NA;NA;NA;NA;NA;NA;0;0.1;130.23;27.64;76.73;NA;2.8;67.45;993.81;187.54
10/09/2003;31.03;24.47;NA;976;78.31;0;NA;NA;NA;NA;NA;NA;NA;NA;NA;NA;NA;NA;NA;0;9.6;133.73;27.53;78.31;NA;1.96;48.82;994.14;201.59
11/09/2003;30.49;25.06;NA;976.4;83.27;24.13;NA;NA;NA;NA;NA;NA;NA;NA;NA;NA;NA;NA;NA;24.13;2.28;75.56;26.87;83.27;NA;1.86;23.33;993.99;58.74
12/09/2003;29.31;22.92;NA;977.36;84.8;3.81;NA;NA;NA;NA;NA;NA;NA;NA;NA;NA;NA;NA;NA;3.81;0.09;64.55;25.77;84.8;27.95;1.58;-20.46;995.35;167.19
13/09/2003;30.06;22.89;NA;978.16;85.42;15.5;NA;NA;NA;NA;NA;NA;NA;NA;NA;NA;NA;NA;NA;15.5;15.01;79.41;25.63;85.42;27.86;1.93;-16.93;996.07;155.03
14/09/2003;29.13;23.18;NA;977.34;83.9;0;NA;NA;NA;NA;NA;NA;NA;NA;NA;NA;NA;NA;NA;0;2.42;98.05;25.87;83.9;27.81;1.8;31.62;995.02;70.62
15/09/2003;30.09;23.41;NA;975.76;83.93;0;NA;NA;NA;NA;NA;NA;NA;NA;NA;NA;NA;NA;NA;0;0.05;82.84;26.62;83.93;NA;1.3;10.09;993.87;193.54
16/09/2003;29.75;23.34;NA;975.61;83.44;0;NA;NA;NA;NA;NA;NA;NA;NA;NA;NA;NA;NA;NA;0;11.25;88.55;26.39;83.44;28.44;1.84;-9.93;993.92;187.34
17/09/2003;28.82;23.07;NA;975.7;86.41;0;NA;NA;NA;NA;NA;NA;NA;NA;NA;NA;NA;NA;NA;0;1.57;99.24;25.23;86.41;27.7;2.24;-27.39;994.09;129.14
18/09/2003;29.59;23.65;NA;974.86;84.36;0;NA;NA;NA;NA;NA;NA;NA;NA;NA;NA;NA;NA;NA;0;0.43;120.72;26.19;84.36;NA;1.65;29.3;992.8;172.01
19/09/2003;29;23.54;NA;973.8;86.03;0;NA;NA;NA;NA;NA;NA;NA;NA;-6.23;7.33;NA;-11.7;8.49;0;0;62.16;26.3;86.03;NA;0.84;6.57;992.01;276.36
20/09/2003;30.15;23.21;NA;974.13;84.47;0;NA;NA;NA;NA;NA;NA;NA;NA;NA;NA;NA;NA;NA;0;0;72.8;26.16;84.47;28.39;1.67;-36.21;992.3;281.74
21/09/2003;30.86;24.35;NA;975.15;73.44;0;NA;NA;NA;NA;NA;NA;NA;NA;NA;NA;NA;NA;NA;0;0.01;113.23;27.41;73.44;26.53;2.85;44.29;993.03;259.64
22/09/2003;31.41;24.29;NA;975.69;71.96;0;NA;NA;NA;NA;NA;NA;NA;NA;-12.15;3.47;NA;-10.37;6.33;0;0;158.76;27.66;71.96;26.51;1.83;31.25;993.38;285.02
23/09/2003;31.51;24.52;27.12;975.09;76.84;0;226;6.99;166.72;39.27;136.33;-1.67;1.26;50.58;-6.6;1.5;-2.12;-9.05;3.95;0;0;145.87;27.55;76.84;NA;1.29;26.12;992.85;284.27
24/09/2003;31.6;25.12;27.19;974.03;80.27;0;202.35;16.96;128.03;22.34;101.2;-2.44;2.31;59.28;-5.69;2.87;NA;-9.1;5.49;0;0;105.09;27.77;80.27;NA;1.55;23.41;992.13;294.96
25/09/2003;29.77;23.11;26.42;974.2;84.17;0;166.98;30.72;119.17;20.75;100.91;-2.62;1.73;59.06;-7.23;2.93;-1.99;-8.47;4.49;0;0.12;127.28;26.29;84.17;NA;1.5;-13.19;992.57;231.81
26/09/2003;30.39;23.82;26.54;973.83;83.16;0;211.89;15.85;121.53;29.68;92.39;-2.57;1.51;51.25;-7.89;6.65;-0.25;-10.38;8.61;0;2.89;113.79;26.95;83.16;NA;1.5;40.53;992.09;209.15
27/09/2003;30.55;24.3;25.79;973.6;83.61;8.13;144.88;31.78;104.42;19.12;85.7;-2.91;1.08;76.47;-3.91;4.49;-0.23;-6.09;5.62;8.13;1.17;126.82;26.83;83.61;NA;1.8;32.29;991.52;81.51
28/09/2003;30.56;24;25.91;973.78;77.39;0;240.9;7.02;182.7;33.33;149.25;-1.35;2.86;67.3;-9.72;4.97;-1.96;-11.3;7.39;0;0.31;68.86;27.03;77.39;27.23;1.79;3.65;991.84;223.83
29/09/2003;32.11;24.48;27.03;974.12;66.92;0;250.13;4.4;148.06;26.98;120.07;-2.04;2.51;68.75;-5.06;3.69;NA;-8.66;5.47;0;8.09;88.1;28.23;66.92;25.38;2.25;30.3;992.11;208.6
30/09/2003;31.52;24.98;26.66;974.75;68.97;6.85;233.13;9.37;170.86;35.62;138.52;-1.58;2.08;74.71;-7.63;3.11;-2.05;-9.9;5.8;6.85;0.31;111.92;28.04;68.97;25.85;2.19;10.42;992.83;177.02
01/10/2003;31.25;24.41;26.91;974;77.13;0;202.39;16.5;151.94;20.76;132.17;-1.96;1.97;77.52;-7;2.32;-1.99;-9.89;4.91;0;0.03;114.17;27.23;77.13;NA;1.55;-32.77;992.34;204.31
02/10/2003;29.09;24.62;26.12;973.41;85.01;0;179.31;29.1;127.73;19.01;105;-2.45;2.09;79.92;-8.45;4.82;-2.06;-11.15;7.02;0;0.01;95.94;26.29;85.01;28.96;1.11;-20.94;992.05;225.99
03/10/2003;29.7;23.82;25.09;973.89;83.97;0;175.95;32.16;120.12;19.6;98.29;-2.6;2.52;89.79;-7.6;5.83;NA;-14.01;9.3;0;0.14;106.71;26.18;83.97;28.37;1.92;14.93;992.46;270.66
04/10/2003;30.15;23.26;25.72;974.51;84.48;0;203.63;18.5;150.58;23.05;123.97;-1.99;2.78;78.23;-9.02;4.31;-2.28;-10.32;5.76;0;0.05;78.36;26.26;84.48;NA;1.67;-5.47;992.78;240.54
05/10/2003;30.33;23.8;25.5;973.68;79.49;0;196.84;23.37;138.97;18.22;119.68;-2.22;2.73;77.07;-7.53;5.39;-1.3;-9.7;7.1;0;0;77.01;27.14;79.49;28.3;1.59;12;991.55;286.96
06/10/2003;31.45;24.37;26.87;973.09;74.16;0;225.33;12.91;137.72;21.58;121.02;-2.25;2.91;68.99;-10.04;2.78;-3.08;-11.87;4.61;0;1.3;68.01;27.98;74.16;27.54;1.56;9.41;990.93;260.16
07/10/2003;30.75;24.9;25.97;974.05;75.35;0;217.06;18.11;161.78;31.12;120.94;-1.76;2.37;74.03;-10.36;4.31;-2.24;-11.81;6.14;0;27.48;107.93;27.52;75.35;27.49;1.72;6.62;992.09;141.53
08/10/2003;31.22;25.02;26.67;973.56;76.13;0;223.26;15.27;135.1;32.2;103.56;-2.3;2.47;69.69;-8.99;6.55;NA;-12.05;7.63;0;5.67;105.19;27.72;76.13;NA;1.99;3.23;991.72;158.9
09/10/2003;31.62;25.63;26.05;972.89;70.57;0;188.21;29.18;134.73;17.39;129.25;-2.31;2.9;80.05;-10.62;6.27;-1.75;-11.69;8.19;0;3.65;81.91;28.4;70.57;27.06;2.68;14.3;990.69;280.77
10/10/2003;31.56;25.62;24.84;973.29;73.69;0;157.93;53.24;75.87;5.97;72.69;-3.48;2.29;80.11;-9.3;6.38;-1.36;-10.51;7.79;0;5.32;99.13;27.98;73.69;27.74;2.58;21.91;990.98;60.85
11/10/2003;31.74;24.95;24.86;974.2;72.97;0;201.37;30.14;146.82;28.1;121.77;-2.06;2.53;86.47;-11.51;3.66;NA;-15.84;6.29;0;24.46;88.81;28.02;72.97;27.29;1.99;6.65;991.89;35.55
12/10/2003;31.73;25.32;NA;974.25;68.44;0;NA;NA;NA;NA;NA;NA;NA;NA;-11.11;1.2;NA;-14.79;2.88;0;4.14;89.82;28.52;68.44;26.28;1.57;32.35;992.33;72.11
13/10/2003;29.73;24.06;NA;975.18;81.52;19.81;NA;NA;NA;NA;NA;NA;NA;NA;-6.4;0.91;NA;-3.42;3.19;19.81;0.66;122.05;26.29;81.52;27.79;2.05;-16.5;993.27;184.25
14/10/2003;29.38;24.24;24.91;974.97;83.52;0.25;117.95;64.18;81.9;3.81;79.83;-3.36;1.79;-30.89;-2.91;5.06;0.98;-6.02;7.98;0.25;1.24;155.07;26.24;83.52;28.25;1.59;-0.08;993.34;115.5
15/10/2003;28.29;23.28;23.47;976.1;90.01;12.21;118.11;41.67;68.18;13.27;60.34;-3.64;1.52;-51.18;-5.57;5.83;NA;-5.94;6.53;12.21;0.54;139.62;24.8;90.01;28.08;1.44;-7.95;994.12;176.03
16/10/2003;29.08;23.72;25.32;975.52;81.58;0;243.74;16.67;180.08;41.61;131.19;-1.4;0.39;-30.38;-7.49;4.2;-1.87;-9.43;5.7;0;0;184.73;26.35;81.58;27.77;1.45;-19.63;993.6;317.41
17/10/2003;24.26;22.59;22.54;975.46;94.52;7.61;51.43;45.92;35.13;NA;NA;-4.3;NA;NA;-1.54;5.29;NA;-3.81;6.56;7.61;0;140.44;23.38;94.52;27.19;1.38;-27.68;993.61;342.92
18/10/2003;28.58;22.51;24.12;974.78;90.28;4.32;203.98;47.61;158.36;42.13;108.22;-1.83;1.82;-84.79;-8.57;7.91;-0.3;-10.52;9.92;4.32;0;120.22;24.92;90.28;NA;1.85;-7.56;992.71;333.82
19/10/2003;29.81;23.5;26.02;974.63;79.86;0;220.4;23.32;165.55;36.26;130.57;-1.69;2.27;78.5;-7.05;4.32;-1.4;-9.3;6.49;0;0;102.66;26.76;79.86;27.82;2.7;26.49;992.5;301.29
20/10/2003;30.54;25.27;26.65;974.37;75.78;0;228.49;22.54;138.89;25.03;115.54;-2.22;2.56;62.24;-6.72;6.34;-0.28;-7.54;6.97;0;0;83.86;27.66;75.78;27.93;2.56;24.3;992.47;221.91
21/10/2003;30.85;25.3;26.62;973.62;75.45;0;192.32;43.07;138.65;23.06;116.77;-2.23;1.95;74.77;-7.75;2.89;-2.1;-11.27;5.92;0;8.26;110.01;27.76;75.45;27.9;2.3;19.83;991.73;197.17
22/10/2003;31.04;25.13;NA;973.87;74.62;0;NA;NA;NA;NA;NA;NA;NA;NA;-8.58;3.37;NA;-11.59;5.05;0;27.45;125.04;27.82;74.62;27.56;1.88;25.2;991.85;208
23/10/2003;30.9;24.99;26.65;974.83;76.02;0;231.5;23.16;167.42;28.62;138.5;-1.65;3.3;77.34;-10.2;4.94;NA;-13.83;6.54;0;7.59;79.51;27.65;76.02;28.03;2.52;50.86;992.77;96.35
24/10/2003;30.86;24.94;26.59;975.49;75.11;0;242.5;17.13;151.54;34.59;123.73;-1.97;3.41;73.91;-10.06;7.83;-1.24;-10.99;8.52;0;0.56;77.09;27.59;75.11;27.48;3.13;39.02;993.13;257.78
25/10/2003;31.49;24.62;26.52;974.64;69.52;0;243.54;19.23;177.37;32.88;146.39;-1.45;3;68.32;-7.18;4.72;NA;-9.58;7.31;0;0;68.83;27.95;69.52;25.92;2.6;17.06;992.43;306.71
26/10/2003;31.87;25.14;26.96;972.92;67.83;0;228.25;24.66;168.3;28.93;148.21;-1.63;1.8;61.23;-8.43;2.55;NA;-11;4.15;0;0;116.72;28.27;67.83;25.72;2.29;-15.23;990.56;321.88
27/10/2003;30.71;25.02;26.66;972;76.69;0;190.69;49.87;115.16;11.92;98.8;-2.7;2.96;74.32;-11.28;2.67;-4.24;-13.8;4.12;0;15.11;70.22;27.27;76.69;27.69;2.04;-15.86;990.32;232.54
28/10/2003;30.46;24.08;26.84;972.71;77.52;0;221.5;33.53;162.89;31.41;132.99;-1.74;3.4;73.97;-8.87;5.77;-1;-10.59;7.39;0;18.42;73.12;27.3;77.52;27.96;2.33;-12.2;991.28;183.91
29/10/2003;29.74;23.71;26.7;973.42;81.42;0;200.31;43.56;127.19;22.95;111.91;-2.46;2.43;79.77;-8.62;4.72;-1.68;-10.28;6.92;0;8.09;89.63;26.38;81.42;27.88;2.29;-23.87;992.27;134.23
30/10/2003;30.21;23.87;26.21;973.41;82.12;0;184.48;60.79;134.52;30.33;101.66;-2.31;1.38;65.65;-10.23;3.05;-3.71;-12.15;4.72;0;1.53;120.61;26.47;82.12;28.21;1.55;-15.08;991.79;237.63
31/10/2003;28.22;23.27;26.36;973.4;85.68;0;180.84;64.2;91.48;16.19;81.25;-3.17;0.87;7.03;-8.45;1.03;-3.8;-10.89;3.3;0;0.13;179.12;25.47;85.68;27.81;1.61;0.21;991.96;272.04
01/11/2003;30.04;23.54;26.56;973.16;83.1;0;191.09;60.23;139.56;26.24;111.72;-2.21;2.1;-88.52;-9.03;3.21;-2.97;-10.8;4.86;0;13.4;129.1;26.6;83.1;28.64;1.11;25.51;991.67;269.49
02/11/2003;30.43;24.61;25.89;972.95;81.43;2.28;157.55;78.54;108.73;10.01;99.49;-2.83;2.09;-79.13;-7.27;2.06;-2.18;-9.58;5.23;2.28;16.12;107.23;26.74;81.43;28.43;2.07;-38.72;991.52;62.1
03/11/2003;29.96;24.37;24.21;973.83;86.02;8.63;NA;NA;113.81;20.52;94.89;-2.72;1.36;-31.79;-5.57;5.4;-0.29;-8;7.43;8.63;2.82;152.26;26.04;86.02;28.81;1.34;-13.48;991.83;112.71
04/11/2003;28.42;24.32;24.47;974.84;86.46;0;173.06;74.8;121.86;28.66;91.77;-2.56;1.32;-71.94;-7.15;4.63;-0.84;-8.1;6.41;0;0.01;245.58;25.94;86.46;28.86;0.96;-19.06;992.08;217.62
05/11/2003;27.05;23.33;22.42;976.23;91.58;94.23;NA;NA;20.39;NA;NA;-4.59;NA;NA;1.59;3.3;3.99;-0.26;7.72;94.23;2.9;164.62;24.69;91.58;NA;1.38;15.85;993.84;238.13
06/11/2003;29.63;22.2;25.59;974.1;78.22;0;NA;NA;188.91;43.99;138.02;-1.22;1.66;76.04;-4.74;3.52;NA;-6.13;4.79;0;9.02;120.29;25.95;78.22;25.87;1.2;-10.61;992.32;216.1
07/11/2003;30.75;23.88;27.54;972.7;80.48;0;237.77;25.94;175.44;37.58;139.45;-1.49;1.36;76.88;-3.1;1.28;NA;-8.48;3.72;0;23.21;144.25;27.12;80.48;NA;1.07;4.53;991.01;227.95
08/11/2003;30.66;24.25;26.78;972.58;83.15;0;178.22;50.13;128.55;12.2;100.3;-2.43;2.49;74.97;-6.53;1.84;-2.35;-8.81;4.1;0;0.37;89.98;26.95;83.15;NA;1.66;29.07;991.03;265.81
09/11/2003;29.63;23.19;23.72;974.51;85.12;0;87.6;76.11;52.02;NA;NA;-3.96;2.48;-84.22;-6.41;8.71;1.06;-7.83;9.95;0;0.03;99.86;25.8;85.12;28.09;2.04;-9.5;992.6;307.64
10/11/2003;29.51;24.08;24.76;974.46;81.42;10.41;190.07;66.64;119.6;19.32;99.64;-2.61;1.64;-76.91;-6.92;3.17;-1.05;-7.38;6.17;10.41;0;124.22;26.58;81.42;28.11;1.95;24.91;992.13;343.2
11/11/2003;30.16;23.92;NA;973.13;80.59;0;200.13;54.35;147.97;30.69;119.97;-2.04;1.39;88.06;-6.6;3.5;-1.54;-8.75;5.67;0;0;123.89;26.94;80.59;28.4;1.52;8;991.38;347.9
12/11/2003;30.27;25;NA;973.49;77.26;0;216.91;48.53;133.21;27.01;115.65;-2.34;NA;NA;-7;5.46;-0.94;-9.69;7.82;0;0.2;82.01;27.68;77.26;28.4;2.12;36.5;991.41;305.68
13/11/2003;30.71;25.51;NA;974.46;79.16;0;168.19;65.98;122.38;17.86;105.06;-2.55;1.94;82.89;-7.25;10.81;1.72;-7.56;10.99;0;9.34;78.5;27.19;79.16;28.42;3.12;30;992.46;195.32
14/11/2003;30.1;24.65;NA;974.61;75.87;0;176.75;82.18;118.69;20.21;108.7;-2.63;3.12;71.71;-9.4;6.67;-0.89;-10.27;8.49;0;3.45;71.22;27.21;75.87;27.12;2.67;-3.24;992.52;114.78
15/11/2003;31.04;24.05;25.2;974.38;73.17;0;188.12;75.16;142.64;26.38;123.67;-2.15;1.79;86.34;-7.98;3.37;-2.29;-10.11;5.54;0;0.83;120.85;27.45;73.17;26.44;2.21;-8.59;992.18;206.83
16/11/2003;31.29;24.34;26.12;973.93;71.64;0;181.37;80.35;135.02;11.13;125.06;-2.3;1.53;50.56;-9.05;1.65;-3.48;-11.66;4.7;0;0.38;159.31;27.87;71.64;26.63;1.84;-21.95;991.89;257.18
17/11/2003;30.17;24.84;25.15;973.57;79.79;1.01;144.18;73.27;69.99;0.84;70.9;-3.6;3.16;77.23;-8.14;4.62;-2.42;-9.5;4.67;1.01;11.01;76.23;26.93;79.79;28.2;1.6;-5.63;991.66;149.64
18/11/2003;29.49;24.09;25.54;973.35;82.95;0;176.96;85.48;130.39;23.65;107.64;-2.39;1.41;-67.04;-7.88;1.96;-2.07;-10.04;5.91;0;0.89;144.44;26.35;82.95;28.34;1.81;-30.99;991.7;288.54
19/11/2003;29.57;24.11;25.44;972.92;84.53;0;178.39;72.67;105.96;NA;NA;-2.88;1.35;-44.32;-6.93;4.91;-1.65;-9.32;6.02;0;4.21;161.67;26.39;84.53;28.88;1.67;-47.82;991.38;184.52
20/11/2003;29.86;24.18;24.83;973.07;84.6;0;163.46;88.23;118.17;22.37;98.57;-2.64;2.58;-65.43;-11.94;4.69;-3.18;-14.11;7.74;0;1.83;118.72;26.39;84.6;28.94;1.97;-33.35;991.21;284.63
21/11/2003;29.15;23.2;24.37;972.82;84.87;36.83;NA;NA;99.68;16.07;85.73;-3.01;3.55;-81.03;-10.35;7.2;-1.92;-12.53;8.7;36.83;1.2;98.33;25.89;84.87;28.2;2.3;-27.37;991.54;84.95
22/11/2003;30.66;24.51;25.4;973.02;81.53;0;201.85;67.99;155.97;NA;NA;-1.88;2.84;79.25;-8.63;6.13;-1.01;-9.88;7.86;0;0.05;78.35;27.13;81.53;NA;1.8;-8.88;990.97;197.84
23/11/2003;30.33;23.96;26.27;973.03;81.55;0;217.42;56.36;162.78;25.81;137.07;-1.74;2.6;66.52;-13.91;1.52;-6.41;-15.32;2.51;0;2.7;77.42;26.8;81.55;28.58;2;-27.54;991.43;253.76
24/11/2003;29.7;23.94;25.95;972.82;84.75;0;195.73;70.47;131.81;20.98;119.61;-2.36;2.11;70.2;-13.5;3.85;-4.8;-14.41;4.82;0;1.89;108.68;26.08;84.75;28.47;1.38;-27.8;991.59;175.73
25/11/2003;29.86;24.12;25.17;973.44;82.53;7.37;172.16;89.68;127.3;16.66;119.94;-2.45;2.8;79.28;-11.8;1.98;-4.93;-14.39;4.52;7.37;4.62;78.99;26.29;82.53;27.97;2.31;3.27;991.97;306.43
26/11/2003;30.94;24.26;25.65;973.37;77.12;0.25;191.41;76.35;124.27;17.2;109.07;-2.51;3.33;75.41;-11.22;2.17;NA;-9.88;4.2;0.25;9.01;75.09;27.41;77.12;27.93;2.81;-4.75;991.47;256.2
27/11/2003;30.97;25.29;25.83;972.91;76.95;0;171.24;90.01;127.65;10.26;113.85;-2.45;2.64;73.31;-14;1.67;-6.29;-15.77;3.2;0;4.18;91.85;27.62;76.95;28.32;2.28;29.22;990.9;271.1
28/11/2003;30.92;24.67;25.95;972.31;80.71;0;179.17;75.51;135.1;21.71;114.55;-2.3;2.03;61.87;-13.46;1.88;-6;-15.15;3.16;0;19.44;121.3;27.03;80.71;28.59;1.72;-24.73;990.51;158.24
29/11/2003;31.12;24.35;26.05;971.74;76.68;0;191.82;82.23;144.78;29.07;128.67;-2.1;1.84;54.77;-8.33;2.58;-2.98;-10.56;4.61;0;2.68;102.4;27.47;76.68;27.74;1.84;-8.78;989.91;137.26
30/11/2003;30.64;24.79;26.29;972.05;76.76;0;188.48;82.65;140.55;20.16;123.08;-2.19;3.11;69.24;-8.62;4.26;-1.84;-9.47;5.79;0;17.01;68.65;27.47;76.76;27.99;2.15;-0.87;990.34;141.42
01/12/2003;31.71;24.81;26.43;972.32;69.38;0;195.97;74.52;145.18;12.35;131.35;-2.1;2.8;70.35;-8.49;3.17;-2.85;-9.82;4.12;0;19.26;69.56;28.04;69.38;25.88;2.3;-6.84;990.56;155.08
02/12/2003;30.4;24.93;26.09;972.04;79.83;0;159.51;94.92;121.43;14.8;107.61;-2.57;2.48;76.76;-9.1;4.94;-2.18;-9.89;5.53;0;4.85;82.83;26.88;79.83;28.13;1.51;-10.28;990.62;251.18
03/12/2003;30.77;24.37;25.7;972.42;78.87;0;189.05;84.92;114.08;17.14;104.93;-2.72;3.15;76.73;-10.72;5.97;-2.21;-11.89;7.47;0;3.43;75.32;27.19;78.87;28.13;2.24;-17.14;990.64;281.97
04/12/2003;30.93;25.13;25.58;972.91;77.78;0;170.61;98.56;123.66;16.49;110.36;-2.53;2.79;69.87;-9.57;3.54;-3.32;-11.38;4.73;0;7.09;71.04;27.46;77.78;28.32;2.65;-21.71;990.85;165.56
05/12/2003;31.24;25.26;25.69;973.1;74.47;0;185.96;87.88;117.47;19.72;101.83;-2.65;2.71;72.9;-10.81;2.83;-3.89;-13.23;5.45;0;7.75;70.75;27.76;74.47;27.55;2.38;-15.5;991.02;257.88
06/12/2003;31.65;24.74;26.32;973.63;73.83;0;214.78;64.99;162.61;36.99;123.69;-1.75;1.79;80.76;-9.22;2.18;-3.21;-9.83;3.4;0;15.98;125.72;27.9;73.83;27.42;2.11;-11.79;991.87;143.32
07/12/2003;30.43;23.99;26.03;974.17;80.35;0;200.5;75.94;154.21;30.67;121.76;-1.92;2.21;88.96;-11.95;6.33;-2.96;-12.72;6.8;0;0.88;90.3;27.22;80.35;28.83;1.88;-0.22;992.4;201.89
08/12/2003;31.94;25.03;26.28;974.04;70.38;0;200.37;79.4;121.82;17.79;111.99;-2.56;3.23;70.94;-8.63;3.78;-2.39;-9.93;5.15;0;1.94;70.37;28.32;70.38;26.76;2.59;13.94;991.88;229.9
09/12/2003;32.31;25.7;25.68;974.7;71.83;2.04;178.61;75.75;134.22;27.92;109.39;-2.32;2.9;70.22;-7.46;5.24;-0.9;-7.85;5.18;2.04;0.7;90.82;27.99;71.83;26.9;2.94;8.94;992.6;227.62
10/12/2003;29.64;25.19;25.83;973.84;78.9;0;156.88;83.23;114.26;15.87;102.29;-2.72;3.39;75.98;-8;4.75;-2.07;-9.84;5.7;0;5.37;76.55;26.86;78.9;27.83;2.78;-6.42;992.28;211.4
11/12/2003;30.93;25.06;25.37;974.54;71.15;0;152.87;99.66;111.83;13.5;106.12;-2.76;3.11;74.16;-9.7;5.13;-1.95;-10.29;6.38;0;2.78;75.89;27.72;71.15;26.19;3.21;21.4;992.47;283.95
12/12/2003;30.93;25.36;25.93;974.15;72.02;0;189.36;93.6;117.73;16.24;106.05;-2.65;3.13;67.54;-11.96;2.71;-4.64;-14.05;4.77;0;9.13;66.78;27.55;72.02;26.39;2.17;-3.15;992.63;254.41
13/12/2003;30.32;24.48;25.31;973.58;77.31;0.5;155.72;90.4;113.27;15.7;100.58;-2.73;2.29;72.95;-10.58;4.34;-2.98;-12.06;6.1;0.5;9.44;91.94;26.8;77.31;27.05;2.23;1.99;992.06;210.66
14/12/2003;27.34;23.14;25.21;974.45;87.59;3.62;165.4;99.39;125.41;16.6;108.86;-2.49;2.11;65.62;-11.66;3.4;-4.33;-12.96;4.29;3.62;2.4;84.47;25.22;87.59;28.1;1.59;-9.15;992.98;290.58
15/12/2003;28.56;23.11;23.95;974.76;86.54;20.25;169.98;89.01;104.57;14.3;96.79;-2.91;2.82;81.06;-14.18;3.41;NA;-15.86;4.33;20.25;0.39;78.95;25.46;86.54;28.09;1.58;28.9;993.38;329.13
16/12/2003;28.73;23.02;25.25;974.71;82.92;0;208.23;79.57;160.23;22.86;141.58;-1.8;3.58;74.34;-14.16;2.89;-5.85;-15.3;3.6;0;18.85;77.16;25.94;82.92;27.63;2.16;10.29;993.68;318.04
17/12/2003;30.02;23.5;25.79;974.06;80.8;0;221.51;64.45;137.77;NA;NA;-2.24;3;86.41;-12.97;2.06;-5.37;-15.26;4.52;0;3.54;87.96;26.51;80.8;NA;1.98;-0.92;992.84;97.4
18/12/2003;29.99;23.24;26.04;974.4;83.48;0;196.41;71.48;149.38;NA;NA;-2.01;2.43;70.51;-6.14;3.27;-1.29;-7.71;5.13;0;0.76;92.64;26.14;83.48;NA;1.95;-17.42;993.43;126.41
19/12/2003;29.81;22.97;25.54;975.85;81.96;0.19;167.74;87.3;105.93;17.72;90.28;-2.88;2.42;69.21;-8.95;6.98;-1.25;-10.14;7.64;0.19;0.81;92.21;26.1;81.96;27.47;2.33;-1.21;994.66;211.53
20/12/2003;30.1;23.26;24.28;976.3;79.72;7.42;163.49;85.18;125.74;16.28;106.47;-2.49;3.23;69.04;-6.53;9.11;1.04;-6.76;8.84;7.42;4.73;71.25;26.41;79.72;27.12;1.63;4.88;994.82;281.3
21/12/2003;30.52;24.62;24.69;976.2;77.32;0;161.16;99.55;125.19;16.12;108.92;-2.5;2.76;77.64;-7.7;5.99;-0.49;-8.31;7.33;0;1.93;79.74;26.93;77.32;27.26;2.45;-11.29;994.25;243.55
22/12/2003;30.53;24.43;24.86;974.37;76.17;1.52;175.28;93.87;106.13;18.9;92.47;-2.88;2.53;77.06;-4.83;5.96;0.82;-6.68;7.38;1.52;7.69;87.58;27.34;76.17;27.45;1.94;11.55;992.55;255.9
23/12/2003;29.53;23.43;25.38;973.39;80.3;0;174.59;95.04;129.53;NA;NA;-2.41;2.85;66.81;-5.63;6.14;0.61;-7.4;8.62;0;20.18;66.55;26.58;80.3;NA;2;28.82;991.92;190.45
24/12/2003;30.42;23.79;26.23;973.46;77.57;0;191.14;85.7;124.91;18.42;104.93;-2.5;3.14;67.81;-5.72;4.27;-1.06;-6.87;4.76;0;1.96;67.59;27;77.57;27.42;1.66;8.17;992.02;149.82
25/12/2003;31.24;24.94;26.19;973.9;74.8;0.51;191.96;87.9;144.3;26.6;118.61;-2.11;1.84;69.49;-5.84;3.18;-1.44;-8.5;5.62;0.51;1.15;128.16;27.56;74.8;27.41;2.12;13.06;992.4;156.76
26/12/2003;29.88;24.41;26.5;973.16;79.53;0.25;192.64;85.13;132.6;NA;NA;-2.35;2.13;52.74;-8.97;6.05;-1.45;-10.34;7.43;0.25;3.6;112.37;26.98;79.53;28.07;1.45;8;992.01;211.79
27/12/2003;29.04;23.2;25.96;972.11;85.47;9.46;194.71;82.69;149.38;25.89;124.44;-2.01;2.45;68.19;-9.89;9.99;-0.47;-9.91;10.32;9.46;3.76;95.85;25.54;85.47;27.85;1.12;7.67;991.53;254.33
28/12/2003;28.98;23.03;23.84;971.99;87.53;8.31;169;81.76;128.55;16;102.32;-2.43;3.05;-85.46;-9;6.16;-0.95;-10.34;8.44;8.31;3.46;96.22;25.23;87.53;28;1.98;17.22;990.75;283.14
29/12/2003;30.5;23.53;24.77;972.07;79.94;0.25;143.67;104.12;96.6;13.04;84.59;-3.07;2.86;-78.94;-8.39;6.39;-0.52;-8.8;7.77;0.25;0.96;109.24;26.37;79.94;27.21;2.66;-18.68;990.23;307.2
30/12/2003;30.26;23.8;25.66;972.58;80.64;0;156.2;NA;115.33;17.13;98.87;-2.69;2.42;83.08;-5.9;7.02;0.21;-6.81;7.23;0;0.61;99.71;26.67;80.64;27.99;2.17;-18.7;991.32;261.37
31/12/2003;29.5;23.52;NA;973.43;86.67;22.1;178.06;NA;122.08;NA;NA;-2.56;NA;NA;-4.87;2.31;NA;-7.13;4.8;22.1;12.27;106.88;25.92;86.67;NA;1.73;19.8;992.58;264.62
01/01/2004;28.22;23.27;NA;975.18;87.64;36.57;86.16;NA;57.26;NA;NA;-3.85;NA;NA;NA;NA;NA;NA;NA;36.57;24.17;114.43;25.51;87.64;28.54;1.69;33.92;993.59;98.05
02/01/2004;29.01;23.5;NA;973.8;85.68;0;163.19;105.89;124.35;28.76;92.55;-2.51;NA;NA;-3.87;0.84;NA;-2.07;6.18;0;3.25;145.55;25.98;85.68;28.59;1.39;-27.28;992.4;101.3
03/01/2004;29.26;23.76;24.95;972.55;87.48;2.28;163.07;94.17;122.23;9.04;84.61;-2.56;3.18;-89.85;-6.8;7.41;-0.29;-8.43;7.85;2.28;1.06;93.37;25.72;87.48;28.73;1.8;13.16;991.48;104.73
04/01/2004;29.53;23.06;24.31;971.63;88.27;34.8;147.36;96.85;110.16;NA;NA;-2.8;2.82;-83.48;-8.63;5.77;-1.12;-10.41;7.02;34.8;0.89;97.37;25.56;88.27;NA;2;-25.32;990.65;137.36
05/01/2004;27.08;23.36;24.36;972.12;88.79;0;152.8;102.24;90.84;11.09;78.25;-3.18;3.18;85.8;-7.47;4.24;-1.7;-9.64;6.24;0;0.38;86.78;25.16;88.79;28.36;2.38;49.25;991.31;256.81
06/01/2004;29.01;24.02;25.63;972.42;84.4;0;184.49;95.29;140.5;22.83;116;-2.19;3.05;74.7;-8.22;3.62;-2.31;-9.47;4.85;0;1.08;76.58;26.24;84.4;28.66;2.05;21.82;991.7;263.83
07/01/2004;28.33;23.42;25.71;973.15;86.52;0.76;175.17;98.35;109.32;12.62;96.81;-2.81;2.39;80.92;-8.62;2.62;-2.95;-9.42;3.53;0.76;1.47;98.62;25.55;86.52;28.21;1.63;-37.65;992.56;194.19
08/01/2004;28.63;23.38;26.24;973.34;89.13;4.83;180.09;83.15;137.19;NA;NA;-2.26;1.26;37.83;-6.34;1.2;-2.19;-8.43;4.06;4.83;19.68;121.46;25.66;89.13;NA;1.35;17.15;992.45;138.47
09/01/2004;28.59;23.44;25.07;973.22;87.22;0.25;176.33;78.59;104.7;27.65;83.16;-2.91;0.59;-13.73;-7.76;2.58;-2.7;-11.95;6.55;0.25;13.16;174.94;25.66;87.22;28.59;0.98;3.29;992.25;196.63
10/01/2004;28.97;23.44;26.05;972.84;84.71;0;188.14;85.94;142.36;20.58;129.3;-2.15;1.02;-83.77;-4.41;1.95;-1.03;-7.74;5.68;0;3.32;135.52;26.23;84.71;28.59;0.99;10.36;991.62;263.81
11/01/2004;28.66;23.3;25.92;974.11;86.55;0;168.24;93.62;125.66;28.84;96.26;-2.49;1.04;-28.13;-7.64;1.24;-3.4;-11.01;4.21;0;0.07;178.67;25.57;86.55;28.22;1.12;-6.13;993.26;300.3
12/01/2004;29;23.18;26.67;974.6;86.45;9.08;228.21;59.95;156.45;NA;NA;-1.87;2.05;-89.35;-11.43;4.64;-3.7;-13.21;4.62;9.08;20.34;111.39;25.87;86.45;NA;1.52;30.46;993.79;193.84
13/01/2004;25.64;23.56;22.99;975.21;92.3;114.87;71.1;66.22;49.12;7.17;41.14;-4.02;NA;NA;-11.93;7.22;NA;-12.53;4.89;114.87;5.93;136.08;24.51;92.3;28.37;1.28;24.29;993.82;163.87
14/01/2004;28.6;23.21;24.56;974.19;86.72;4.08;186.85;80.45;111.68;25.73;77.56;-2.77;NA;NA;-9.11;5.91;NA;-10.35;7.11;4.08;14.33;135.55;25.76;86.72;28.61;1.61;1.03;992.58;218.47
15/01/2004;29.25;24.29;25.75;973.18;86.05;0;204.37;74.56;160.74;NA;NA;-1.78;3.55;75.37;-10.55;6.57;-1.57;-10.61;7.47;0;16.14;77.44;26.23;86.05;NA;2.48;45.99;991.4;247.45
16/01/2004;29.5;23.58;24.42;973.67;87.29;12.96;151.19;75.85;105.59;19.47;80.71;-2.89;0.24;73.73;-8.72;9.82;0.35;-8.65;8.23;12.96;3.32;170.62;25.65;87.29;28.59;2.08;24.24;991.86;197.05
17/01/2004;25.87;23.12;22.46;975.99;91.12;69.09;65.84;62.61;45.61;1.11;47.28;-4.09;NA;NA;-4.03;3.24;NA;-2.28;6.07;69.09;0.52;167.83;24.62;91.12;28.21;1.21;13.22;993.25;247.45
18/01/2004;28.88;23.09;25.09;975.27;87.44;0.25;249.73;52.27;198.45;NA;NA;-1.03;NA;NA;-6.35;4.22;NA;-6.19;6.94;0.25;0;174.1;25.72;87.44;NA;1.17;23.75;992.97;291.09
19/01/2004;29.6;23.65;25.49;974.11;83.21;0;159.41;92.92;122.07;15.91;107.2;-2.56;1.44;62.5;-7.04;4.62;-1.02;-9.43;7.39;0;0.05;124.76;26.43;83.21;28.53;1.49;16.08;992.32;248.41
20/01/2004;28.5;24.08;23.74;974.11;84.37;27.91;85.82;71.62;61.22;7.35;58.65;-3.78;1.44;-49.99;-6.68;5.51;NA;-5.61;5.56;27.91;0.22;140.47;26.2;84.37;28.57;1.33;22.45;991.96;265.91
21/01/2004;30.06;24.44;25.39;973.86;82.77;0;173.69;94.39;125.16;NA;NA;-2.5;2.73;70.32;-8.23;5.48;-1.16;-10.32;7.99;0;2.83;67.18;26.82;82.77;NA;1.82;32.58;991.94;283.98
22/01/2004;29.05;24.11;25.69;973.26;83.23;4.07;181.05;73.8;141.16;25.11;121.1;-2.18;1.34;70.99;-7.24;2.92;-1.98;-8.55;4.59;4.07;2.24;146.97;26.31;83.23;28.35;1.75;10.02;991.75;189.44
23/01/2004;28.93;23.42;25.12;973.74;83.9;0;137.62;98.45;74.02;10.8;61.99;-3.52;0.64;-37.33;-8.25;0.47;-3.34;-12.21;5.54;0;20.48;198.29;25.89;83.9;27.83;1.34;30.37;992.19;176.55
24/01/2004;28.08;23;23.14;975.68;85.2;26.67;114.03;94.67;83.58;11.04;63.75;-3.33;NA;NA;-7.75;2.82;NA;-9.16;5.8;26.67;0;169.26;25.51;85.2;27.68;1.66;32.1;993.27;145.5
25/01/2004;29.69;23.98;24.95;974.32;79.82;3.37;190.99;77.46;152.46;24.92;126.74;-1.95;0.84;65.07;-7.36;5.19;-1.07;-8.52;6.37;3.37;1.84;160.04;26.62;79.82;27.59;2.12;-2.94;992.4;241.83
26/01/2004;28.72;24.39;25.54;975.1;78.91;0.19;166.9;88.89;118.21;18.67;101.52;-2.64;1.12;45.25;-7.44;1.38;-3.05;-9.87;3.76;0.19;9.88;139.63;26.26;78.91;26.76;2.2;6.72;992.93;110.38
27/01/2004;30.45;24.44;26.84;974.87;76.34;0;229.94;54.85;185.23;37.04;142.89;-1.3;0.87;9.12;-5.64;0.49;-2.7;-6.64;1.24;0;3.38;208.96;27.16;76.34;27.19;1.48;2.61;992.86;134.51
28/01/2004;28.51;24.36;24.85;975.04;81.19;0;123.3;87.41;69.1;-3.29;78.41;-3.62;1.41;-78.23;-5.74;6.41;-0.46;-7.88;6.95;0;0;140.1;26.31;81.19;27.68;1.81;-10.5;993.5;323.99
29/01/2004;26.8;23.67;21.81;975.34;90.26;20.59;60.75;56.99;39.24;7.67;34.23;-4.22;NA;NA;-7.65;6.82;NA;-6.3;8.48;20.59;5.48;128.64;24.92;90.26;28.42;1.65;-28.76;993.07;254.34
30/01/2004;27.78;22.89;23.78;974.87;87.84;0;147.94;99.92;87.51;7.98;65.09;-3.25;2.78;83.22;-7.8;4.6;-0.39;-9.37;8.59;0;3.01;83.43;24.86;87.84;27.5;2.61;2.85;993.04;313.95
31/01/2004;29.5;22.92;24.59;975.33;83.59;0.51;230.43;52.72;185.91;45.53;135.39;-1.28;3.31;73.71;-7.71;10.36;0.05;-8.9;9.01;0.51;4.06;76.33;25.64;83.59;27.39;2.96;45.33;993.34;284.9
01/02/2004;28.62;24.08;24.06;976.13;83.92;0.76;182.4;72.75;145.41;25.14;116.1;-2.09;3.13;73.85;-8.95;8.83;-0.07;-9.75;9.61;0.76;2.27;73.04;25.68;83.92;27.63;3.05;72.85;994.12;251.35
02/02/2004;28.73;23.65;24.48;974.86;84.09;0;207.43;68.7;164.61;35.18;126.04;-1.71;3.92;68.37;-8.96;7.45;0.62;-8.82;8.89;0;4.15;72.36;25.69;84.09;27.63;3.07;50.51;992.98;287.86
03/02/2004;28.07;23.31;24.71;974.15;87.65;0.44;172.88;84.72;134.37;19.62;86.6;-2.31;1.51;-85.05;-8.51;4.87;-1.32;-9.91;7.27;0.44;5.29;127.94;25.33;87.65;28.14;2.29;15.17;992.17;263.79
04/02/2004;25.9;22.82;23.17;975.22;92.75;21.9;120.46;92.73;77.4;0.65;74.74;-3.45;NA;NA;-12.47;3.61;NA;-12.05;6.67;21.9;9.34;77.01;23.92;92.75;27.53;2.62;7.14;993.27;290.66
05/02/2004;28.37;22.33;24.1;975.07;82.03;0;187.19;80.95;147.52;26.91;119.09;-2.05;2.45;81.32;-10.58;6.64;-1.97;-12.69;8.75;0;20.34;83.82;25.05;82.03;25.82;2.48;-16.29;993.28;291.34
06/02/2004;28.74;23.97;24.49;974.3;79.43;2.09;143.33;95.08;99.36;11.68;83.13;-3.01;1.67;84.07;-5.92;6.4;-0.24;-8.76;8.28;2.09;35.76;113.15;25.79;79.43;26.34;2.12;20.22;992.66;112.8
07/02/2004;27.37;23.21;23.8;974.68;85.9;28.78;182.81;81.52;68.53;12.56;54.94;-3.63;NA;NA;-2.44;4.79;NA;-2.55;6.26;28.78;2.64;90.58;24.92;85.9;27.01;2.88;36.83;992.98;190.3
08/02/2004;26.87;23.14;NA;976.36;88.49;22.16;115.97;92.43;92.88;14.22;70.59;-3.14;NA;NA;-9.18;5.87;NA;-10.98;9.19;22.16;0.47;117.91;24.37;88.49;26.9;1.96;23.31;994.45;213.86
09/02/2004;27.76;22.82;NA;977;82.42;3.87;171.61;88.25;135.84;23.12;111.34;-2.28;3.29;67.76;-9.36;8.28;-0.72;-10;8.55;3.87;0.14;68.79;24.95;82.42;25.82;2.92;30.75;994.67;263.24
10/02/2004;29.2;23.62;24.45;975.21;75.75;0.76;183.45;79.35;153.16;24.54;128.53;-1.94;2.51;73.84;-13.29;6.38;-2.82;-14.01;8.38;0.76;0.19;76.86;26.29;75.75;25.69;2.88;37.43;993.05;218.57
11/02/2004;25.76;22.96;23.66;975.46;89.29;18.29;146.4;94.5;NA;NA;NA;NA;NA;NA;-8.83;5;NA;-8.63;8.33;18.29;1.03;71.99;24.26;89.29;27.05;2.84;27.48;993.5;207.84
12/02/2004;27.78;22.89;23.46;976.38;89.08;9.65;94.2;82;68.1;6.38;58.91;-3.64;1.28;-86.06;-3.43;4.07;0.54;-5.71;6.02;9.65;6.54;90.67;24.63;89.08;27.55;1.69;9.76;994.49;189.9
13/02/2004;28.07;22.61;23.47;976.53;87.11;19.57;80.74;70.44;58.85;NA;NA;-3.82;1.61;-31.23;-2.72;6.32;3.02;-4.35;9.46;19.57;5.41;176.07;24.92;87.11;27.35;1.73;-12.1;994.67;267.26
14/02/2004;27.64;22.9;24.06;976.24;90.74;35.38;180.48;81.55;147.42;27.19;111.06;-2.05;1.11;79.95;-10.26;8.08;NA;-10.88;6.03;35.38;8.42;143.53;24.45;90.74;27.77;1.82;7.34;993.97;235.32
15/02/2004;27.58;22.95;24.29;976.29;90.35;13.45;175.96;81.42;146.93;35.02;99.02;-2.06;NA;NA;-12.77;3.32;NA;-12.89;5.78;13.45;24.14;147.28;24.47;90.35;27.65;1.65;55.24;993.96;131.21
16/02/2004;27.63;22.8;23.91;976.5;87.31;1.47;156.56;87.01;117.02;20.76;87.1;-2.66;1.84;70.92;-7.3;6.72;NA;-8.17;8.81;1.47;8.77;95.63;24.98;87.31;27.52;2.39;12.6;994.15;193.87
17/02/2004;28.5;23.37;24.06;976.91;86.7;5.08;122.76;89.78;91.96;6.93;80.79;-3.16;2.36;55.96;-7.43;3.57;NA;-8.66;6.45;5.08;0.61;62.76;25.52;86.7;28.25;2.4;38.84;994.49;256.87
18/02/2004;27.03;23.36;23.51;976.39;88.17;38.93;125.79;73.38;69.83;8.99;55.85;-3.6;NA;NA;-8.4;6.86;NA;-5.32;9.29;38.93;2.08;137.48;25.03;88.17;27.94;1.81;-16.52;994.19;293.88
19/02/2004;24.95;23.16;22.17;976.59;94.4;39.31;61.73;57.96;42.9;NA;NA;-4.14;NA;NA;NA;5.84;NA;NA;4.08;39.31;5.29;93.83;23.89;94.4;28;1.2;-27.37;993.75;272.95
20/02/2004;26.57;22.98;24.11;975.07;91.06;2.61;169.7;82.71;102.41;NA;NA;-2.95;NA;NA;-9.86;5.06;NA;-10.92;8.61;2.61;9.39;143.41;24.45;91.06;27.88;1.21;21.93;993.02;171.16
21/02/2004;27.96;22.93;23.49;976.15;87.6;29.16;93.05;79.26;69.71;NA;NA;-3.61;NA;NA;-5.44;5.29;NA;-5.49;6.73;29.16;30.93;175.41;25.03;87.6;27.64;1.43;44.86;993.75;115.85
22/02/2004;24.63;22.58;22.71;978.03;94.24;8.64;115.45;73.41;91.31;15.09;75.73;-3.17;0.6;-32.3;-8;7.55;NA;-8.88;8.11;8.64;18.83;209.17;23.64;94.24;27.52;1.12;-8.71;995.47;79.79
23/02/2004;27.37;23.07;23.41;977.46;86.14;1.51;134.71;67.85;78.25;8.43;74.35;-3.44;1.82;62.81;-7.66;6.3;-0.43;-8.79;7.94;1.51;41.49;61;24.95;86.14;27.05;1.67;22.46;994.41;49.42
24/02/2004;28.29;23.46;24.16;975.71;85.91;3.56;133.94;86.63;101.96;16.4;83.96;-2.96;1.17;-64.39;-8.29;3.95;-1.3;-10.25;7.65;3.56;24.62;154.39;25.39;85.91;27.68;1.73;27.29;993.42;112.92
25/02/2004;27.76;23.02;22.29;976.62;89.31;83.05;47.54;43.88;24.49;NA;NA;-4.51;NA;NA;NA;0.37;NA;NA;7.37;83.05;11.64;144.26;24.75;89.31;27.8;1.54;36.49;993.81;67.13
26/02/2004;27.9;22.89;23.84;977.63;88.71;0.25;194.78;63.65;161.51;54.96;98.18;-1.77;NA;NA;-11.14;7.65;NA;-11.06;9.48;0.25;5.21;155.47;24.94;88.71;27.92;1.69;-4.32;995.2;162.41
27/02/2004;29.28;23.41;24.54;976.75;85.07;0.25;208.67;43.59;135.48;31.15;107.27;-2.29;2.88;75.92;-9.53;10.04;-0.2;-10.95;10.55;0.25;3.45;76.22;25.77;85.07;28.07;2.1;45.46;994.37;263.04
28/02/2004;29;23.21;25.04;975.08;85.97;0;182.57;55.44;148.54;34.31;117.36;-2.03;2.56;60.99;-8.79;7.39;0.07;-9.25;9.39;0;3.24;69.34;25.64;85.97;28.12;2.22;45.55;992.85;240.16
29/02/2004;28.85;23.74;25.65;975.06;84.47;1.9;236.34;NA;197.54;40.71;159.96;-1.05;2.98;53.5;-8.31;7.58;-1.26;-9.96;7.82;1.9;1.22;54.92;25.92;84.47;28.11;2.16;48.14;992.98;269.37
01/03/2004;29.17;23.9;24.94;975.98;86.04;10.85;194.05;NA;165.28;NA;NA;-1.69;NA;NA;-10.89;5.05;NA;-14.58;NA;10.85;5.7;79.34;25.83;86.04;NA;2.23;49.73;993.73;261.58
02/03/2004;26.68;23.21;23.98;976.39;92.21;11.34;140.31;63.87;107.43;8.89;97.51;-2.85;2.16;69.14;-10.94;6.91;NA;-11.86;8.82;11.34;0.06;76.38;24.61;92.21;28.52;2.23;56.71;994;292.84
03/03/2004;29.57;23.38;25.45;974.85;82.95;4.83;207.14;41.94;145.34;18.31;128.96;-2.09;2.47;66.42;-6.08;5.05;-0.47;-8.09;7.15;4.83;2.42;73.19;26.26;82.95;27.92;2.38;47.86;993;262.79
04/03/2004;28.82;23.14;25.38;974.87;83.06;8.9;155.75;55.82;120.1;17.71;102.87;-2.6;1.78;73.13;-5.34;2.43;-1.68;-9.28;5.91;8.9;8.03;94.05;25.88;83.06;27.59;1.79;43.19;993.1;109.11
05/03/2004;27.65;23.31;25.17;975.73;87.64;5.58;168.22;58.04;124.33;19.28;98.87;-2.51;2.01;70.55;-5;5.62;0.22;-7.98;8.42;5.58;8.11;107.68;25.19;87.64;28.02;1.39;27.18;994;131.68
06/03/2004;24.26;22.89;22.68;977.15;93.97;19.31;114.01;73.17;85.87;6.52;77.7;-3.28;NA;NA;-10.61;15.36;NA;-9.85;8.84;19.31;10.14;102.74;23.56;93.97;27.31;1.24;23.18;994.99;124.24
07/03/2004;27.1;22.17;24.11;976.5;87.98;0.25;178.65;50.94;144.75;29.75;104.16;-2.11;NA;NA;-11.41;2.54;NA;-11.54;6.83;0.25;10.64;146.81;24.63;87.98;27.16;1.43;18.7;994.62;148.46
08/03/2004;27.61;22.74;23.83;976.83;88.59;2.8;132.01;52.31;106.24;20.24;79.68;-2.88;1.19;-78.02;-7.66;7.15;0.2;-9.31;8.52;2.8;0.05;173.92;24.73;88.59;27.51;1.88;-42.63;994.86;275.57
09/03/2004;27.56;22.91;22.6;977.43;88.94;8.89;58.1;41.7;37.19;NA;NA;-4.26;1.6;-85.68;0.36;4.7;2.23;-4.02;8.47;8.89;0.49;107.92;24.67;88.94;27.53;1.89;46.21;994.96;264.45
10/03/2004;29.17;23.63;23.91;977.17;83.68;5.08;161.97;66.14;113.9;19;92.53;-2.72;2.26;-87.42;-7.3;7.36;0.8;-8.83;9.23;5.08;4.55;92.99;25.95;83.68;27.89;2.42;35.54;994.73;217.68
11/03/2004;29.67;23.76;24.24;975.62;82.64;3.05;144.2;62.63;113.8;14.25;95.62;-2.72;2.68;85.32;-7.08;6.68;-0.06;-8.82;8.7;3.05;0.7;87.7;26.16;82.64;27.8;2.32;65.7;993.33;216.58
12/03/2004;27.8;23.13;NA;974.82;88.7;7.17;NA;NA;NA;NA;NA;NA;NA;NA;-9.03;8.34;NA;-12.32;9.42;7.17;0.67;124.72;24.87;88.7;27.74;1.77;9.4;992.78;194.77
13/03/2004;29.44;22.83;24;975.38;86.26;7.07;156.67;62.2;132.16;18.62;103.54;-2.36;2.26;68.25;-8.3;7.7;0.2;-9.25;9.64;7.07;0.18;86.77;25.56;86.26;28.07;2.43;43.36;992.77;232.37
14/03/2004;28.49;23.2;25.02;976.01;88.05;0.51;190.56;35;160.18;26.82;131.38;-1.8;2.56;67.46;-8.5;8.52;-0.11;-10.36;10.14;0.51;9.21;71.59;25.21;88.05;28.09;2.02;49.7;993.61;177.04
15/03/2004;29.54;23.49;24.86;975.07;87.56;1.27;181.3;42.54;124.93;20.26;101.99;-2.5;2.51;68.48;-8.66;9.46;-0.24;-9.12;9.91;1.27;10.98;71.96;25.55;87.56;NA;2.03;46.91;992.66;137.46
16/03/2004;26.28;23.35;25.62;973.84;91.86;2.09;200.88;29.61;167.39;28.9;138.15;-1.65;3.29;68.01;-8.42;9.33;0.55;-8.9;10.01;2.09;0.29;69.34;24.41;91.86;28.07;1.72;10.14;992.21;246.1
17/03/2004;28.12;23.12;24.23;974.17;84.84;5.03;129.35;67.37;94.71;NA;NA;-3.1;NA;NA;-8.42;7.81;0.29;-8;8.57;5.03;0;136.69;25.19;84.84;26.99;1.6;61.61;992.08;252.93
18/03/2004;27.66;23.42;24.7;973.8;88.73;1.26;166.14;48.83;135.99;20.78;113.2;-2.28;2.82;66.96;-7.73;6.31;-0.59;-9.37;8.2;1.26;0.29;70.57;24.83;88.73;27.79;1.78;13.37;992.05;240.21
19/03/2004;28.06;23.07;24.27;974.4;88.79;8.87;141.46;43.92;86.53;8.17;77.18;-3.27;2.65;89.27;-8.05;7.9;-0.34;-8.6;7.92;8.87;3.82;86.73;24.94;88.79;27.93;1.73;-30.22;992.24;208
20/03/2004;29.37;23.32;24.37;973.97;88.08;9.97;172.31;45.82;142.28;19.85;115.47;-2.15;2.51;78.94;-8.99;6.84;-1.11;-9.98;7.76;9.97;9.59;83.99;25.53;88.08;NA;2.25;48.7;991.85;205.28
21/03/2004;29.67;23.12;24.8;973.48;83.91;7.06;162.49;52.39;135.66;21.9;107.85;-2.29;2.15;78.84;-7.1;4.97;-0.96;-9.37;7.44;7.06;0.85;80.36;26.24;83.91;28.44;2.24;37.35;991.25;231.26
22/03/2004;28.69;23.71;24.05;974.68;87.83;11.18;151.08;54.53;127.64;21.97;95.93;-2.45;NA;NA;-8.26;5.63;-1.79;-10.79;7.21;11.18;0.02;120.97;25.57;87.83;28.67;1.53;26.45;992.25;241.35
23/03/2004;24.93;23.2;24.28;975.75;94.42;5.09;148.14;43.93;126.77;20.52;97.81;-2.46;1.87;-81.65;-8.05;6.62;-0.68;-9.28;7.92;5.09;1.86;112.25;23.94;94.42;28.07;2.05;-42.32;993.52;210.27
24/03/2004;28.39;23.17;24.95;974.88;90.43;6.59;154.59;53.95;119.39;23.99;85.15;-2.61;1.58;83.79;-6.21;6.02;0.34;-8.46;9.13;6.59;0.09;123.64;24.92;90.43;28.34;1.47;-12.47;992.96;207.76
25/03/2004;26.82;22.52;23.57;974.64;92.96;34.53;100.55;42.99;79.87;15;59.42;-3.4;1.95;82.3;-8.52;9.65;0.57;-7.51;8.64;34.53;0.21;120.52;24;92.96;27.71;1.17;-27.11;992.4;209.53
26/03/2004;27.47;23.05;24.12;973.88;90.35;4.11;140.69;34.85;84.26;5.73;69.03;-3.31;1.53;82.2;-6.06;2.09;-1.5;-8.96;5.03;4.11;2.34;109.67;24.63;90.35;27.95;1.77;10.98;991.74;209.13
27/03/2004;27.07;22.97;23.62;973.9;91.42;3.31;143.95;54;117.22;24.25;88.15;-2.66;2.36;79.28;-11.3;7.49;-2.3;-11.67;7.06;3.31;2.73;100.78;24.27;91.42;27.67;1.53;26.7;991.45;216.46
28/03/2004;25.14;22.98;22.54;975.37;93.95;14.67;96.84;52.85;77.28;6.34;66.27;-3.45;2.38;-73.09;-6.36;7.14;0.21;-7.07;7.48;14.67;1.85;108.94;23.86;93.95;27.8;1.79;22.11;992.4;243.35
29/03/2004;27.24;22.76;23.81;975.84;89.8;9.14;163.06;47.37;121.39;14.23;92.6;-2.57;2.35;88.92;-10.75;4.08;-3.08;-12.6;6.45;9.14;6.65;88.66;24.6;89.8;27.69;2.18;-0.85;993.24;225.96
30/03/2004;28.6;23.17;24.83;977.53;88.67;10.92;167.65;40.72;142.28;28.94;103.98;-2.15;0.97;-79.98;-4.5;3.54;-0.44;-7.65;6.77;10.92;8.87;139.89;25.23;88.67;28.23;1.35;-12.78;994.65;195.03
31/03/2004;28.87;23.74;24.75;977.13;85.29;4.83;150.73;37.06;NA;NA;NA;NA;NA;NA;-4.68;4.72;0.53;-7.87;8.93;4.83;4.85;117.11;25.94;85.29;28.43;1.7;31.54;994.28;212.85
01/04/2004;30.09;24.45;25.91;975.53;83.77;1.77;188.47;26.57;160.85;32.2;125.18;-1.78;2.94;69.85;-8.87;7.54;NA;-9.59;9.46;1.77;0.37;70.14;26.51;83.77;NA;2.53;60.34;993.34;211.11
02/04/2004;29.93;23.7;25.03;975.61;84.28;2.53;146.81;44.78;117.01;15.97;105.36;-2.66;2.85;75.31;-6.37;8.64;1.49;-7.4;9.26;2.53;0.18;75.48;26.38;84.28;NA;2.33;44.62;993.2;227.92
03/04/2004;30.63;24.34;25.52;974.93;84.08;0;158.56;40.79;127.05;17.37;107.01;-2.46;3.11;76.79;-9.42;8.5;-0.23;-10.51;10.05;0;0.51;78.34;26.64;84.08;NA;2.19;-0.38;992.73;234.23
04/04/2004;28.92;23.3;24.93;975.79;85.5;17.78;137.25;43.38;108.84;10.98;88.26;-2.82;2.79;88.22;-4.86;5.95;0.62;-7.03;8.27;17.78;13.5;90.79;25.84;85.5;28.34;2.73;7.72;993.74;137.02
05/04/2004;27.77;24.19;25.19;976.29;85.65;1.27;128.34;54.56;NA;NA;NA;NA;NA;NA;-6.79;6.03;-0.55;-9.02;7.92;1.27;7.47;82.24;25.98;85.65;28.72;1.78;-27.36;994.25;182.01
06/04/2004;29.44;23.57;24.97;975.77;84.88;0.25;153.86;43.25;127.04;26.67;97.88;-2.46;1.52;-61.02;-5.55;6.26;1.31;-6.31;8.94;0.25;13.51;140.09;26.09;84.88;28.57;1.75;-11.96;993.46;189.9
07/04/2004;29.48;23.42;22.99;975.41;86.79;0.25;104.28;41.92;81.32;NA;NA;-3.37;2.7;-68.93;-5.7;6.03;NA;-10.24;8.03;0.25;5.05;109.74;25.81;86.79;28.61;2.27;32.52;992.86;198.98
08/04/2004;30.5;23.97;25.07;975.72;78.17;0;199.69;16.72;169.18;48.32;116.06;-1.62;2.17;-82.99;-7.64;8.61;1.07;-6.59;8.72;0;0.16;118.58;27.2;78.17;27.88;2.72;4.8;992.87;232.72
09/04/2004;30.98;24.94;25.81;975.12;78.77;0;194.27;18.72;146.73;41.03;110.01;-2.07;2.54;84.36;-8.64;7.23;-0.87;-9.62;7.87;0;0.37;109.37;27.38;78.77;28.56;2.92;67.07;992.53;212.33
10/04/2004;28.27;23.88;24.09;973;87.67;17.53;124.06;34.98;92.83;18.41;68.75;-3.14;2.12;-81.81;-4.41;5.58;0.24;-6.62;7.11;17.53;1.68;113.84;25.7;87.67;28.9;2.2;40.7;990.88;182.35
11/04/2004;27.95;23.28;24.19;972.29;91.14;9.14;131.03;43.97;108.59;14.01;87.11;-2.83;1.67;88.19;-5.48;5.71;-0.19;-7.97;7.6;9.14;4.24;100.58;24.94;91.14;28.63;1.53;17.8;990.46;181.05
12/04/2004;25.82;23.51;NA;974.81;94.76;45.47;NA;NA;NA;NA;NA;NA;NA;NA;-0.75;6.52;NA;-2.62;11.86;45.47;2.38;167.65;24.16;94.76;28.54;1.26;28.63;992.12;167.95
13/04/2004;27.77;23.2;24.3;975.69;88.29;0;168.57;38.43;137.91;30.01;99.04;-2.24;2.04;-83.85;-9.13;6.56;-1.83;-10.32;6.66;0;2.08;97.72;25.25;88.29;28.27;1.77;-13.38;993.14;161.22
14/04/2004;29.83;23.63;NA;975.12;86.09;2.78;NA;NA;NA;NA;NA;NA;NA;NA;-3.98;6.46;NA;-11.06;7.81;2.78;11.25;100.95;25.75;86.09;28.26;1.95;-13.15;992.55;48.65
15/04/2004;27.78;23.23;NA;974.71;87.92;0;NA;NA;NA;NA;NA;NA;NA;NA;NA;NA;NA;NA;NA;0;3.26;111.8;25.01;87.92;27.81;2.25;30.77;992.14;117.88
16/04/2004;29.27;22.92;NA;975.5;86.06;0.51;NA;NA;NA;NA;NA;NA;NA;NA;-5.87;3.16;NA;-4.26;8.16;0.51;3.6;118.11;25.39;86.06;27.77;1.54;34.77;993.22;191.47
17/04/2004;28.63;22.77;25.34;976.16;84.94;9.15;176.6;16.69;NA;NA;NA;NA;1.94;72.45;-6.16;3.87;-1.66;-7.51;4.2;9.15;5.75;92.48;25.47;84.94;27.54;1.9;-40.93;994.28;204.93
18/04/2004;27.89;23.72;24.27;976.52;86.42;22.6;149.02;36.91;NA;NA;NA;NA;1.96;-78.86;-7.63;5.55;-1.16;-8.65;6.34;22.6;2.34;108.05;25.47;86.42;28.06;1.88;-17.67;994.36;184.1
19/04/2004;27.54;23.02;24.29;976.01;88.44;21.09;155.17;34.15;NA;NA;NA;NA;1.96;84.05;-6.65;5.46;-0.57;-7.44;6.3;21.09;0.68;103.35;24.94;88.44;27.84;1.58;4.95;993.77;209.97
20/04/2004;26.06;23.33;24.34;974.94;91.29;2.55;157.57;34.36;NA;NA;NA;NA;2.37;87.05;-7.63;7.93;-0.45;-8.38;7.48;2.55;12.42;97.67;24.49;91.29;28.05;2.28;-11.5;992.92;129.21
21/04/2004;29.23;23.88;25.16;974.41;85.03;1.77;191.15;15.1;NA;NA;NA;NA;2.81;78.61;-7.43;6.7;0.38;-8;7.72;1.77;2.55;78.37;26.32;85.03;28.94;2.32;25.55;992.03;115.6
22/04/2004;27.75;23.28;NA;974.75;89.95;8.38;NA;NA;NA;NA;NA;NA;NA;NA;-8.53;10.86;NA;-11.27;8.99;8.38;0;74.51;24.98;89.95;28.42;2.45;11.27;992.82;189.64
23/04/2004;27.59;22.82;NA;974.59;90.25;0;NA;NA;NA;NA;NA;NA;NA;NA;1.19;2.33;NA;NA;3.08;0;0;93.44;24.98;90.25;NA;1.18;-10.47;992.33;229.9
24/04/2004;27.1;23.51;23.51;974.59;91.31;4.07;64.06;37.94;44.48;-1.88;22.04;-4.11;1.13;77.55;-1.14;3.68;0.98;-3.89;5.86;4.07;1.81;248.44;24.82;91.31;28.5;1.92;23.69;992;144.92
25/04/2004;26.15;23.32;24.03;976.51;90.73;0;113.56;50.73;87.32;18.51;69.82;-3.25;1.35;-56.35;-8.93;5.28;-1.39;-9.37;6.59;0;8.43;267.74;24.31;90.73;27.56;1.75;-52.06;993.78;48.47
26/04/2004;26.69;22.52;23.93;977.15;92.12;4.56;92.55;40.07;NA;NA;NA;NA;NA;NA;-3.62;1.94;-0.69;-7.16;4.98;4.56;0.63;200.21;24.25;92.12;27.74;1.14;12.75;994.59;100.6
27/04/2004;28.82;23.07;24.88;977.31;87.52;12.69;166.63;21.95;135.83;27.55;101.25;-2.28;1.59;-85.24;-3.87;3.37;-0.55;-6.96;5.86;12.69;3.94;99.37;25.29;87.52;28.03;1.41;-8.85;994.74;86.34
28/04/2004;30.02;23.36;NA;976.68;83.07;1.77;165.55;15.14;109.7;23.46;83.64;-2.81;NA;NA;-5.91;5.43;NA;-9.77;7.68;1.77;0.27;103.67;26.19;83.07;28.01;1.95;-30.72;994.12;183.57
29/04/2004;27.43;23.17;23.87;977.21;89.77;8.38;137.17;25.08;109.79;11.97;97.46;-2.8;2.69;88.36;-9.15;5.28;-1.84;-10.1;6.43;8.38;0;91.22;24.61;89.77;27.72;1.95;11.48;994.73;224.55
30/04/2004;29.2;22.96;25.24;975.24;88.41;12.44;200.51;6.05;146.42;33.22;115.4;-2.07;0.83;-55.61;-7.83;2.29;-3.3;-9.89;3.3;12.44;0;156.7;25.31;88.41;28.26;1.1;-7.15;992.8;229.85
01/05/2004;28.49;23.66;25.82;973.63;84.53;0;196.89;9.33;157.48;28.91;122.83;-1.85;2.72;78.05;-6.65;4.16;-0.82;-8.4;6.76;0;0;77.72;25.87;84.53;28.09;2.1;1.58;991.42;222.45
02/05/2004;29.48;24.21;25.31;974.33;84.63;1.26;183.87;11.59;132.45;30.2;106.63;-2.35;2.48;-80.8;-6.89;3;-2.12;-10.25;6.01;1.26;0;99.92;26.04;84.63;28.3;2.01;36.93;992.05;196.47
03/05/2004;28.83;23.78;NA;974.9;87.7;0;160.57;18.03;123.7;23.59;73.24;-2.53;NA;NA;-3;4.07;NA;-9.04;5.24;0;0;84.75;25.65;87.7;28.74;2.14;37.53;992.91;204.36
04/05/2004;29.72;23.63;25.15;975.76;85.93;3.04;163.17;17.18;130.55;NA;NA;-2.39;1.99;63.95;NA;NA;NA;NA;NA;3.04;0.2;88.68;26.07;85.93;NA;1.85;56.93;993.61;189.19
05/05/2004;29.25;24.42;24.77;976.13;88.13;8.12;111.06;40.97;85.44;NA;NA;-3.29;1.5;73.29;NA;NA;NA;NA;NA;8.12;3.4;99.6;25.84;88.13;NA;1.82;10.2;993.92;158.43
06/05/2004;25.92;23.85;24;977.04;94.01;18.35;99.7;43.02;78.27;NA;NA;-3.43;0.44;48.27;NA;NA;NA;NA;NA;18.35;8.61;148.35;24.7;94.01;NA;1.03;0.59;994.82;117.4
07/05/2004;27.97;23;24.43;977.79;89.9;25.91;106.55;56.87;79;NA;NA;-3.42;0.46;55.57;NA;NA;NA;NA;NA;25.91;3.96;218.67;24.85;89.9;28.1;1.27;-0.04;995.6;106.63
08/05/2004;27.37;23.08;24.13;977.31;91.28;22.35;131.29;35.04;106.05;NA;NA;-2.88;NA;NA;NA;NA;NA;NA;NA;22.35;0.53;164.64;24.66;91.28;28.29;1.89;-14.03;995.21;144.81
09/05/2004;28.1;23.16;23.86;977.07;91.15;62.93;132.04;29.72;106.08;NA;NA;-2.88;NA;NA;NA;NA;NA;NA;NA;62.93;0.04;149.39;24.57;91.15;28.08;1.5;-23.43;994.63;204.09
10/05/2004;28.2;22.99;24.59;976.54;88.62;22.6;109.92;44.38;83.73;NA;NA;-3.33;1.13;-69.36;NA;NA;NA;NA;NA;22.6;0;121.74;25.02;88.62;28.01;1.51;-12.67;994.1;161.64
11/05/2004;29.14;23.35;25.87;975.88;88.68;0;182.97;7.67;151.02;NA;NA;-1.98;2.35;79.04;NA;NA;NA;NA;NA;0;0.05;79.58;25.86;88.68;NA;1.32;37.77;993.58;159.71
12/05/2004;29.24;24.07;NA;975.92;85.7;0;197.51;3.55;166.84;NA;NA;-1.66;NA;NA;NA;NA;NA;NA;NA;0;0;82.52;26.09;85.7;NA;2.05;12.93;993.41;198.91
13/05/2004;29.36;24.31;25.7;974.98;83.9;0;158.44;12.12;121.82;NA;NA;-2.56;3.22;70.87;NA;NA;NA;NA;NA;0;6.38;69.06;26.58;83.9;NA;1.85;16.29;992.47;159.92
14/05/2004;29.02;23.83;26.2;974.43;84.4;0;179.24;6.84;123.93;NA;NA;-2.52;2.13;87.99;NA;NA;NA;NA;NA;0;0.89;104.06;26.17;84.4;28.55;1.35;-32.62;992.37;147.8
15/05/2004;30.21;24.16;26.56;974.01;84.04;0;209.93;1.93;162.7;NA;NA;-1.75;3.05;65.15;NA;NA;NA;NA;NA;0;12.77;65.36;26.64;84.04;NA;1.69;0.78;992.04;101.42
16/05/2004;28.76;24.47;26.37;974.32;86.08;0;167.11;9.1;128.22;NA;NA;-2.44;1.96;85.55;NA;NA;NA;NA;NA;0;0.46;101.31;25.97;86.08;28.81;1.71;-39.05;992.48;163.28
17/05/2004;28.31;23.7;26.51;974.77;88.34;0;176.67;5.66;129.92;54.91;68.3;-2.4;1.52;-82.76;-7.52;3.3;NA;-8.81;8.21;0;0;139.12;25.4;88.34;28.55;1.66;-31.9;993;179.74
18/05/2004;28.37;23.65;26.09;975.51;87.63;0;164.96;9.25;NA;NA;NA;NA;NA;NA;-4.05;4.38;-0.48;-7.57;6.61;0;2.73;92.44;25.53;87.63;28.52;1.01;14.56;993.52;113.74
19/05/2004;28.98;23.69;25.35;977.11;88.6;2.8;140.71;25.76;108.36;27.51;86.66;-2.83;1.45;83.43;-3.3;2.76;NA;-8.2;4.41;2.8;1.86;115.28;25.27;88.6;28.41;2;-33.24;995.04;76.28
20/05/2004;29.24;23.8;25.18;978.34;86.89;0.25;160.04;12.68;124.6;25.47;98.04;-2.51;1.66;88.47;-9.46;3.63;-2.12;-11.14;6.9;0.25;3.68;106.23;25.81;86.89;NA;1.9;22.26;995.69;72.47
21/05/2004;28.57;23.34;24.6;977.29;87.21;22.73;133.24;21.51;91.4;11.83;64.88;-3.17;NA;NA;-1.76;3.01;0.02;-5.47;5.5;22.73;0.91;135.43;25.37;87.21;28.14;1.64;17.85;995.07;96.15
22/05/2004;28.41;23.26;23.41;977.79;89.68;9.53;106.85;37.26;79.51;11.73;65.85;-3.41;0.3;-62.13;-4.34;3.85;0.22;-5.09;5.54;9.53;0.33;189.61;24.87;89.68;27.97;1.6;18.8;994.86;120.36
23/05/2004;27.71;23.29;22.49;977.73;90.15;2.29;51.08;42.8;32.65;NA;NA;-4.35;1.98;89.81;-0.84;1.39;0;-4.48;4.48;2.29;0.08;97.07;24.73;90.15;28.06;2;53.29;995.23;152.89
24/05/2004;28.92;23.08;24.84;977.71;87.97;0;181.56;7.54;138.9;29.04;104.34;-2.22;2.25;-88.72;-5.92;2.7;-1.76;-8.36;4.84;0;0.32;92.67;25.18;87.97;NA;1.92;24.83;995.28;159.26
25/05/2004;28.28;23.35;23.6;977.42;87.51;6.61;136.73;16.57;106.72;13.82;84.16;-2.87;2.44;-79.47;-2.28;4.03;0.77;-4.83;6.36;6.61;1.66;98.63;25.22;87.51;NA;2.31;14.4;995;135.32
26/05/2004;29.36;23.12;24.07;977.06;86;2.35;114.98;24.2;88.25;14.74;66.65;-3.23;1.87;-59.95;-6.57;1.83;-2.43;-8.13;3.27;2.35;2.41;141.8;25.54;86;27.9;1.48;-21.25;994.66;103.88
27/05/2004;29.86;23.42;26.74;975.94;84.76;0.19;186.91;5.28;146.49;26.57;122.2;-2.07;2.14;67.05;-2.14;2.18;NA;-4.6;3.87;0.19;0;76.19;25.91;84.76;28.14;1.56;13.3;994.42;195.49
28/05/2004;27.57;23.05;24.11;977.35;89.15;1.02;100.88;34.46;76.31;5.47;72.88;-3.47;2.4;-86.46;-3.07;2.1;0.04;-6.87;6.95;1.02;0.37;94.64;25.03;89.15;28.27;2.25;-11.53;995.05;98.37
29/05/2004;27.55;22.46;24.92;977.85;87.43;0;175.27;7.7;138.37;29.23;99.48;-2.23;1.97;87.25;-7.24;3.85;-2.13;-8.88;4.61;0;0.36;105.01;24.64;87.43;27.02;2.31;-19.06;995.7;99.9
30/05/2004;27.21;22.3;NA;978.11;89.9;12.18;NA;NA;NA;NA;NA;NA;NA;NA;-7.8;8.4;NA;-3.86;8.88;12.18;2.89;82.97;23.89;89.9;26.6;1.95;-25.71;996.15;152.7
31/05/2004;27.45;22.27;24.4;978.15;87.58;1.01;175.5;7.58;129.48;21.3;107.15;-2.41;1.55;-87.4;-6.83;4.59;-1.33;-7.87;5.21;1.01;10.36;99.24;24.29;87.58;26.49;1.69;11.44;995.68;106.39
01/06/2004;27.62;22.45;24.46;977.05;86.82;1.78;171.57;7.16;131.79;29.81;95.27;-2.36;2.01;-79.39;-4.41;2.58;-1.09;-6.92;4.73;1.78;0.95;122.04;24.58;86.82;26.74;1.78;-49.78;995.01;116.64
02/06/2004;27.5;22.74;23.7;977.82;87.39;2.66;104.04;20.32;70.87;11.26;55.87;-3.58;2.51;85.69;-4.75;2.99;NA;-11.43;5.31;2.79;12.18;86.7;24.53;87.39;26.84;1.88;4.81;995.74;120.7
03/06/2004;27.16;22.8;24.4;978.63;90.6;0;181.59;5.13;138.04;35.16;100.16;-2.24;2.62;67.42;-8.52;6.86;-0.72;-9.51;8.06;0;18.83;67.79;24.46;90.6;NA;1.92;12.59;996.44;99.47
04/06/2004;28.05;22.59;24.94;977.8;85.74;0;173.35;2.96;127.03;23.6;104.25;-2.46;2.63;74.54;-7.98;4.66;-1.54;-9.47;6.4;0;10.15;72.25;25.12;85.74;27.2;1.48;16.66;995.62;141.79
05/06/2004;27.85;22.74;25.42;976.75;85.06;0;187.53;2.17;146.01;34.43;110.49;-2.08;1.58;76.95;-6.28;0.28;-2.89;-8.08;2.31;0;1.05;112.73;25.13;85.06;27.08;1.89;-12.52;994.77;68.31
06/06/2004;27.09;22.96;25.58;977.12;87.36;0;173.88;2.87;130.75;31.02;100.57;-2.39;2.07;-82.95;-7.37;1.04;-3.3;-9.18;2.59;0;0.03;94.82;24.87;87.36;27.4;1.7;-6.03;995.2;175.97
07/06/2004;27.57;23.07;NA;978.09;87.47;0.51;79.81;28.12;56.3;13.57;44.73;-3.87;NA;NA;-1.4;0.8;NA;-5.98;3.62;0.51;0;117.5;24.82;87.47;27.32;1.8;-27.64;995.95;148.95
08/06/2004;27.03;22.15;25.18;978.27;86.38;0;186.44;2.98;144.93;27.97;113.96;-2.1;2.97;78.72;-3.82;4.5;-0.3;-6.98;6.39;0;0;78.39;24.52;86.38;26.53;2.48;46.61;996.22;174.56
09/06/2004;28.65;22.7;25.32;977.82;85.59;0;173.66;3.55;106.03;17.97;91.52;-2.88;2.43;83.37;-3.81;2.69;0.87;-3.78;4.93;0;0.22;81.66;25.15;85.59;27.28;2.26;20.57;995.94;152.76
10/06/2004;28.47;23.2;24.93;977.41;83.46;3.56;158.47;6.71;122.32;18.58;98.78;-2.55;2.49;71.55;-4.55;3.69;-0.28;-6.65;6.08;3.56;0;69.68;25.38;83.46;26.9;1.95;51.27;995.95;149.36
11/06/2004;28.15;23.62;25.75;978.31;86.67;0;171.01;4.68;138.19;25.28;110.17;-2.24;1.77;76.47;-5.09;2.18;-1.55;-7.8;3.92;0;0;99.21;25.34;86.67;27.96;2.02;30.53;996.87;175.52
12/06/2004;29.06;23.38;25.47;979.51;85.51;1.52;181.74;2.37;138.97;34.37;102.32;-2.22;1.4;-88.7;-6.66;2.25;-2.07;-9.13;4.99;1.52;6.29;115.97;25.69;85.51;NA;1.61;46.22;997.84;97.93
13/06/2004;28.09;23.05;25.56;978.5;87.26;4.07;197.46;1.56;154.14;36.7;121.98;-1.92;1.89;81.18;-2.62;2.76;-0.31;-4.92;4.3;4.07;2.44;99.4;25.16;87.26;NA;1.59;26.65;997.26;74.09
14/06/2004;27.66;23.15;26.05;977.89;87.09;0;203.7;0.98;149.5;22.51;129.08;-2.01;1.97;85.28;-5.41;3.72;-0.68;-8.05;6.68;0;0;87.04;25.19;87.09;27.81;1.24;13.91;996.64;156.97
15/06/2004;28.29;23.63;24.08;978.3;86.67;0.51;127.54;18.92;88.19;15.91;68.14;-3.24;1.21;71.81;-2.62;2.31;-0.04;-5.31;5.23;0.51;3.05;125.83;25.47;86.67;28.05;1.38;6.13;996.54;115.7
16/06/2004;26.49;22.53;23.8;977.86;90.52;15.98;131.26;16.66;91.18;7.62;69.85;-3.18;1.51;-81.97;-8.19;4.46;-1.89;-8.38;3.78;15.98;0;132.67;23.96;90.52;26.9;2.43;52.35;996.52;164.79
17/06/2004;27.56;22.78;24.59;977.61;87.57;0.25;171.23;3.83;129.96;28.69;95.85;-2.4;2.46;83.13;-6.07;6.35;0.17;-6.91;7.26;0.25;0;82.09;24.73;87.57;27.24;2.32;28.89;996.19;184.33
18/06/2004;27.64;23.26;25.06;978.32;88.62;0;163.82;4.27;97.87;NA;NA;-3.04;NA;NA;-9;2.92;-2.06;-10.03;6.27;0;0;106.9;24.69;88.62;27.53;2.48;20.41;996.94;181.14
19/06/2004;27.69;23.17;25.29;978.88;87.58;0;174.82;3.86;133.4;32.25;98.86;-2.33;3.13;71.5;-5.91;8.42;0.45;-8.19;9.09;0;0.04;71.85;24.76;87.58;27.16;2.65;28.27;997.36;165.97
20/06/2004;27.35;22.9;23.68;978.17;87.15;16.77;150.86;6.24;112.36;8.34;99.65;-2.75;3.33;87.45;-6.11;6.29;-0.14;-7.05;6.78;16.77;0;87.6;24.79;87.15;27.2;2.69;3.35;996.46;179.6
21/06/2004;28.46;23.04;24.87;977.9;86.3;0;171.67;4.15;NA;NA;NA;NA;NA;NA;-1.92;2.76;NA;8.29;5.29;0;0;105.64;25.42;86.3;27.84;2.14;18.26;995.89;179.99
22/06/2004;28.66;23.48;NA;978.17;84.26;0;NA;NA;NA;NA;NA;NA;NA;NA;-2.09;1.73;NA;-8.19;1.91;0;0;116.59;25.52;84.26;27.39;2.4;47.24;996.46;168.89
23/06/2004;27.87;23.49;NA;978.46;85.79;0;NA;NA;NA;NA;NA;NA;NA;NA;-7.05;0.63;NA;-5.45;2.68;0;0;90.14;25.33;85.79;27.67;2.45;17.02;996.62;166.66
24/06/2004;28.81;22.9;25.88;976.95;85.31;4.32;203.05;0.72;159.46;31;126.02;-1.81;1.87;86.49;-4.13;2.94;-0.59;-6.64;5.47;4.32;0.03;116.75;25.48;85.31;27.71;1.78;-19.5;995.3;167.8
25/06/2004;28.48;23.45;25.6;975.79;85.14;0;191.96;0.92;131.41;23.94;106.12;-2.37;2.85;79.08;-6.57;3.64;NA;-10.1;5.97;0;0;78.56;25.68;85.14;27.96;2.12;35.37;994.36;155
26/06/2004;28.3;23.45;24.29;976.44;85.85;3.3;133.05;14.96;97.09;3.96;84.79;-3.06;2.73;79.15;-3.16;2.25;-0.65;-5.53;4.22;3.3;0;78.62;25.04;85.85;27.19;2.51;24.56;994.51;157.94
27/06/2004;28.04;22.19;25.12;976.85;87.39;0.25;197.81;1.66;142.41;34.53;101.44;-2.15;2.04;-84.22;-6.84;1.42;-2.58;-8.98;3.82;0.25;0;112.64;24.68;87.39;27.1;2.48;-16.28;995.25;170.11
28/06/2004;26.85;22.84;24.49;977.02;88.01;0;162.01;4.2;108.55;26.01;77.73;-2.83;2.47;59.28;-7.56;5.79;-1.52;-8.97;5.93;0;0;61.77;24.76;88.01;27.43;2.47;48.16;995.26;154.38
29/06/2004;28.22;23.08;25.18;976.46;88.06;0;189.23;2.88;151.89;34.17;116.98;-1.96;2.64;80.35;-6.88;4.01;-1.11;-8.56;6.34;0;0;85.31;24.91;88.06;27.54;2.22;46.71;994.97;172.95
30/06/2004;27.8;22.7;25.08;976.78;85.97;0;165.72;2.91;110.03;24.67;84.08;-2.8;2.16;-87.14;-6.86;4.4;-1.68;-10.11;6.75;0;0;94.53;25.04;85.97;27.21;2.35;-13.89;995.04;168.07
01/07/2004;28.68;23.04;25.5;976.52;85.04;6.09;179.7;2.31;138.12;22.69;117.32;-2.24;2.19;63.97;-5.01;3.53;-0.64;-6.54;5.26;6.09;0;71.14;25.41;85.04;27.39;1.73;40.42;994.81;171.28
02/07/2004;27.48;22.44;24.12;976.02;87.99;5.33;137.93;12.71;102.43;8.09;76.33;-2.95;2.59;69.01;-5.33;5.46;0.02;-7.8;6.86;5.33;0;71.48;24.59;87.99;27.16;2.79;67.78;994.6;177.04
03/07/2004;28.12;22.61;24.66;976.24;88.42;1.53;NA;NA;121.14;25.54;91.87;-2.58;2.18;71.56;-3.45;2.54;-0.24;-7.28;6.79;1.53;0;92.77;24.72;88.42;27.46;1.78;22.72;994.67;181.8
04/07/2004;27.56;22.5;24.7;976.01;89.36;5.08;165.98;5.04;129.84;31;91.72;-2.4;1.64;-85.4;-3.43;0.44;-1.92;-4.82;0.99;5.08;0.11;102.8;24.71;89.36;NA;2.04;6.76;994.45;178.65
05/07/2004;26.82;23.3;24.42;977.46;88.51;0;133.81;14.18;93.64;19.42;66.17;-3.13;2.68;75.09;-5.48;2.07;-1.8;-8.34;4.75;0;0.78;75.96;24.68;88.51;27.47;2.35;46.09;995.58;149.54
06/07/2004;28.71;22.49;25.19;976.9;82.06;0;203.46;0.89;159.71;35.96;120.76;-1.81;2.88;79.37;-6.34;6.25;-0.07;-8.29;8.14;0;1.13;79.5;25.37;82.06;26.3;1.96;44.13;994.95;107.29
07/07/2004;28.8;22.61;25.87;975.3;85.43;0;200.02;1.54;134.78;30.43;108.36;-2.3;NA;NA;-4.69;0.78;-2.47;-6.94;2;0;0;126.64;25.31;85.43;27.27;1.15;5.49;993.64;173.19
08/07/2004;28.28;23.43;25.33;975.43;86.31;0;189.74;1.07;118.6;18.83;93.73;-2.63;2.86;46.31;-1.88;5.08;NA;4.61;7.42;0;0.24;46.13;25.18;86.31;27.56;2.17;35.67;993.89;153.67
09/07/2004;28.3;23.19;24.19;975.96;84.06;0.51;142.47;11.85;99.99;15.58;82.69;-3;2.89;70.41;-3.19;5.92;NA;-0.85;8.17;0.51;5.1;69.92;25.15;84.06;26.75;2.69;60.47;993.86;92.77
10/07/2004;28.38;22.88;24.35;976.21;84;3.06;174.29;3.26;133.91;26.65;100.29;-2.32;3;81.66;-5.85;5.39;-0.72;-8.05;6.62;3.06;1.84;79.93;25.18;84;26.77;2.57;28.67;994.11;113.74
11/07/2004;28.88;23.15;25.22;976.06;85.22;0;194.35;1.15;150.35;29.96;116.52;-1.99;2.65;80.09;-6.55;2.67;-1.6;-8.26;5.06;0;5.06;78.74;25.06;85.22;26.96;1.81;2.05;994.25;36.31
12/07/2004;28.47;22.97;25.53;975.01;87.44;6.09;179.94;1.82;114.82;16.5;92.31;-2.7;2.57;69.67;-5.52;2.66;-1.25;-8.39;5.89;6.09;0.31;74.47;24.95;87.44;27.38;1.87;23.39;993.45;88.63
13/07/2004;27.83;22.34;25.49;975.22;85.6;0;198.04;0.81;149.44;33.76;114.26;-2.01;2.92;78.96;-5.96;4.06;-1.09;-8.27;6.08;0;0.01;76.89;24.99;85.6;27.01;2.25;-10.52;993.46;174.66
14/07/2004;28.62;23.16;25.61;975.18;84.15;0;211.06;0.7;130.27;27.51;97.43;-2.39;2.83;82.85;-3.24;2.8;NA;-7.91;5.29;0;0;82.29;25.4;84.15;27.14;1.75;36.88;993.51;170.15
15/07/2004;29.17;22.95;26.26;975.67;84;0;207.86;0.57;158.24;32.97;124.14;-1.83;3.02;-88.92;-2.32;5.16;0.65;-3.45;4.75;0;0;94.51;25.75;84;NA;2.14;57.11;994.1;184.97
16/07/2004;28.12;23.44;23.75;977.08;86.69;3.05;137.38;8.23;86.51;8.75;74.41;-3.27;2.87;79.79;-5.36;6.1;0.45;-6.26;7.16;3.05;0.5;83.71;25.14;86.69;27.65;2.54;11.68;995.16;171.29
17/07/2004;28.08;22.66;23.91;977.83;87.68;0;101.59;28.75;71.17;13.65;57.73;-3.58;1.26;56.26;-2.43;3.19;0.24;-5.22;5.7;0;6.41;119.43;24.76;87.68;27.34;2.26;38.05;996.01;30.08
18/07/2004;25.17;22.56;23.29;978.66;90.81;19.56;139.65;15.83;107.83;22.39;78.48;-2.84;1.36;84.17;-5.81;4.56;-1.26;-8.02;5.5;19.56;1.87;115.24;23.81;90.81;26.78;2.31;26.1;996.62;34.1
19/07/2004;27.34;22.08;23.61;979.06;91.32;45.71;148.88;13.03;102.31;18.84;68.71;-2.95;NA;NA;-3.86;6.56;NA;-5.69;8.5;45.71;30.42;138.53;23.95;91.32;26.95;1.46;-54.08;997.05;15.04
20/07/2004;26.81;22.31;NA;978.42;90.56;0;NA;NA;NA;NA;NA;NA;NA;NA;NA;8.33;NA;NA;7.13;0;7.01;142.94;24.27;90.56;27.45;1.89;29.55;996.38;35.01
21/07/2004;27.58;22.61;NA;976.85;88.23;0;NA;NA;NA;NA;NA;NA;NA;NA;NA;NA;NA;NA;NA;0;0.46;81.01;24.65;88.23;27.24;1.32;11.46;995.24;125.11
22/07/2004;27.21;22.72;NA;976.44;89.06;0;NA;NA;NA;NA;NA;NA;NA;NA;NA;NA;NA;NA;NA;0;0.19;61.33;24.59;89.06;27.47;1.21;-29.55;994.58;124.06
23/07/2004;27.92;22.4;NA;976.32;88.68;12.45;NA;NA;NA;NA;NA;NA;NA;NA;-7.49;5.45;NA;-6.44;6.04;12.45;0.21;110.01;24.61;88.68;27.35;1.03;-1.39;994.53;136.18
24/07/2004;27.95;22.86;24.84;977.33;85.29;0;202.83;1.32;159.99;33.17;126.02;-1.8;3.17;-73.48;-5.98;3.21;-1.55;-8.38;5.27;0;0;107.17;25.13;85.29;27.12;2.04;4.96;995.49;160.69
25/07/2004;28.53;22.9;25.33;976.91;83.41;0;204.7;0.8;129.23;24.85;104.07;-2.42;3.04;-83.3;-2.44;2.44;0.87;-4.85;5.88;0;0;96.23;25.37;83.41;26.88;2.15;44.92;995.08;153.1
26/07/2004;29.29;23.13;26.32;977.24;81.39;0;227.64;0.45;177.08;40.92;138.76;-1.46;3.06;-74.19;-4.85;1.07;-2.1;-7.15;2.95;0;0;107.93;25.96;81.39;27.16;2.06;17.08;995.23;200.7
27/07/2004;29.45;23.13;26.41;977.41;76.68;0;227.53;0.44;174.43;37.04;140.93;-1.51;3.1;-76.3;-4.73;1.82;-1.76;-8.52;4.16;0;0;103.51;26.04;76.68;25.6;2.16;-11.63;995.46;194.61
28/07/2004;29.5;22.75;25.78;976.7;77.49;0.25;194.12;3.65;151.04;35.12;111.48;-1.98;2.52;88.69;-4.02;1.83;-1.04;-6.31;4.23;0.25;0;87.16;25.7;77.49;25.38;2.29;19.29;994.77;191.35
29/07/2004;30.1;23.81;26.47;976.6;75.49;0;240.98;0.36;183.92;28.71;154.68;-1.32;3.32;-86.94;-4.54;2.09;-1.2;-7.58;4.37;0;0;92.32;26.44;75.49;25.68;2.4;24.12;994.78;205.54
30/07/2004;29.7;22.77;NA;977.74;79.89;0;NA;NA;NA;NA;NA;NA;NA;NA;-6.94;0.96;NA;-10.68;0.37;0;0;111.82;26.17;79.89;26.88;1.85;41.51;995.91;184.55
31/07/2004;29.07;23.42;NA;977.9;83.78;0;NA;NA;NA;NA;NA;NA;NA;NA;NA;NA;NA;NA;NA;0;0.03;79.92;25.83;83.78;27.8;1.94;20.67;996.23;199.53
01/08/2004;29.26;23.49;NA;978.01;80.39;0;NA;NA;NA;NA;NA;NA;NA;NA;NA;NA;NA;NA;NA;0;0.06;104.18;26.17;80.39;27.12;2.05;49.74;996.12;178.44
02/08/2004;29.65;23.51;NA;977.14;81.26;0;NA;NA;NA;NA;NA;NA;NA;NA;NA;NA;NA;NA;NA;0;0.15;99.4;26.29;81.26;27.61;1.5;23.71;995.2;183.33
03/08/2004;30.11;23.84;NA;976.9;81.94;0;NA;NA;NA;NA;NA;NA;NA;NA;-0.97;3.79;NA;NA;4.86;0;0.05;96.54;25.97;81.94;27.34;2.54;40.58;994.89;177.03
04/08/2004;29.01;22.5;25.52;976.98;84.67;0.51;207.49;0.84;153.04;37.89;113.92;-1.94;2.75;-85.67;-6.99;4.54;NA;-2.83;6.81;0.51;0.13;98.74;25.65;84.67;27.82;2.24;22.4;995.47;166.71
05/08/2004;29.83;23.88;25.86;976.79;79.95;0;222.11;0.69;167.94;37;128.93;-1.64;2.96;85.96;-4.35;3.56;-0.33;-5.81;4.47;0;0;86.7;26.35;79.95;27.27;2.36;52.91;995.05;215.89
06/08/2004;30.26;23.76;25.54;977.3;77.92;0.51;202.64;1.73;125.48;21.1;97.75;-2.49;2.2;70.03;-6.34;4.12;-0.68;-6.91;5.55;0.51;0;111.96;26.56;77.92;26.87;2.62;65.14;995.44;218.6
07/08/2004;29.46;24.32;24.97;978.66;80.54;0;179.06;6.78;137.17;30.3;105.6;-2.26;1.86;63.18;-1.47;2.88;0.26;-5.01;4.86;0;0.09;105.27;26.57;80.54;27.89;2.69;37.38;996.85;188.06
08/08/2004;26.8;23.29;24.41;978.95;86.38;9.65;171.86;10.11;134.48;26.3;101.97;-2.31;2.28;70.03;-5.48;6.58;0.54;-6.34;7.41;9.65;4.21;73.29;24.7;86.38;26.81;2.86;28.31;997.32;76.37
09/08/2004;28.16;22.89;NA;978.02;85.44;0;NA;NA;NA;NA;NA;NA;NA;NA;0.18;1.84;NA;-3.91;6.2;0;0.24;105.04;25.36;85.44;27.55;1.91;30.33;996.58;173.91
10/08/2004;28.1;22.54;25.51;978.23;86.14;0;181.73;6.09;138.89;24.86;103.29;-2.22;0.54;4.33;-4.6;0.31;-2.1;-8.21;4.01;0;0;175.04;25.1;86.14;27.34;1.81;21.18;996.74;177.54
11/08/2004;27.86;21.66;23.66;979.28;88.76;13.71;108.63;36.73;71.09;7.61;59.53;-3.58;1.01;8.86;-7.77;7.8;NA;-7.46;7.37;13.71;0;177.43;24.17;88.76;26.69;2.07;-14.25;997.57;218.32
12/08/2004;28.11;22.06;24.44;979.78;88.53;1.28;147.06;16.28;113.03;22.91;81.4;-2.74;1.02;-40.79;-2.71;0.39;-0.67;-5.45;4.11;1.28;0;152.3;24.46;88.53;27.07;2.15;-10.46;997.59;163.72
13/08/2004;28.7;23.06;25.61;978.63;83.92;0;190.71;4.41;126.99;29;99.09;-2.46;2.27;60.38;-6.02;1.65;-2.36;-8.81;4.1;0;0;63.53;25.53;83.92;27.25;1.92;20.36;996.49;195.33
14/08/2004;29.26;23.93;26;977.73;82.23;0;199.89;2.96;160.69;44.43;112.78;-1.79;1.84;65.72;-4.27;3.86;-0.6;-7.58;6.39;0;0;99.47;26.41;82.23;28.14;2.22;48.24;995.74;212.29
15/08/2004;29.06;24.2;24.73;977.8;83.99;0.25;142.07;17.99;106.53;18.83;86.85;-2.87;2.75;78.22;-5.66;2.55;-1.39;-7.85;5.07;0.25;0;85.46;25.78;83.99;27.77;2.7;36.6;995.68;211.72
16/08/2004;28.46;23.98;NA;977.45;86.02;2.8;NA;NA;NA;NA;NA;NA;NA;NA;-4.18;0.78;NA;-9.14;2.65;2.8;0;72.97;25.67;86.02;28.28;2.2;23.48;995.4;230.11
17/08/2004;30.28;23.93;NA;976.54;83.61;0;NA;NA;NA;NA;NA;NA;NA;NA;NA;NA;NA;NA;NA;0;0;87.84;26.6;83.61;NA;1.71;39.15;994.46;225.99
18/08/2004;30.09;24.51;NA;977.49;80.81;6.35;NA;NA;NA;NA;NA;NA;NA;NA;0.42;0.78;NA;3.04;3.79;6.35;0;77.26;26.96;80.81;28.56;2.91;53.13;995.52;231.69
19/08/2004;30.65;24.35;25.88;978.4;76.75;0;205.67;2.52;165.7;30.55;130.19;-1.69;2.64;79.07;-2.36;2.21;0;-5.43;5.44;0;0;80.24;27.19;76.75;27.4;3.05;54.71;996.13;228.71
20/08/2004;30.38;24.1;NA;977.27;77.25;0;NA;NA;NA;NA;NA;NA;NA;NA;-4.1;1.96;NA;-8.81;4.22;0;0;112.53;27.03;77.25;27.4;2.25;56.73;995.28;232.46
21/08/2004;29.85;24.46;NA;977.13;79.88;12.44;NA;NA;NA;NA;NA;NA;NA;NA;-6.34;0.38;NA;-5.98;3.15;12.44;0;96.76;26.96;79.88;28.28;2.6;52.07;995.15;238.48
22/08/2004;29.78;24.29;25.6;977.02;79.48;0;219.69;1.17;176.79;34.84;130.7;-1.46;2.87;54.81;-5.69;5.96;0.07;-7.27;7.4;0;0.06;55.25;26.67;79.48;27.65;2.61;61.92;994.96;217.93
23/08/2004;30.17;23.64;26.34;977.56;77.5;0;211;2.71;141.37;28.33;113.47;-2.17;3.01;61.17;-3.77;2.47;-0.74;-6.45;4.98;0;0;61.86;26.67;77.5;26.84;2.48;62.96;995.65;216.25
24/08/2004;30.28;24.26;25.93;976.77;76.9;0;209.95;2.37;164.48;40.16;122.79;-1.71;3.57;67.15;-5.84;6.95;0.21;-7.51;7.93;0;0.84;66.56;26.91;76.9;27.08;3.55;63.16;994.5;134.21
25/08/2004;30.41;23.85;26.04;976.47;72.75;0;237.48;1.1;190.56;48.61;139.43;-1.19;2.3;65.46;-6;3.82;-0.78;-7.87;6.32;0;0;106.76;26.92;72.75;25.5;2.5;61.05;994.44;208.73
26/08/2004;30.71;23.91;25.66;975.81;72.66;0.76;204.28;4.77;160.3;28.68;132.37;-1.79;1.03;79.52;-1.7;4.29;NA;-4.43;5.77;0.76;0.31;121.9;27.14;72.66;25.83;1.56;-10.7;993.75;194.64
27/08/2004;30.38;23.71;25.2;975.85;81.28;0.25;208.41;6.22;148.38;37.94;102.44;-2.03;1.29;-71.47;-5.97;3.4;-0.81;-7.05;5.44;0.25;5.12;149.8;26.62;81.28;28.11;1.49;-35.57;993.53;146.62
28/08/2004;31.08;23.9;26.07;976.03;79.22;0;165.52;18;125.11;24.04;98.23;-2.5;2.3;77.33;-3.93;1.58;-1.44;-7.03;4.16;0;1.97;85.98;27;79.22;27.91;1.49;-6.71;994.01;177.34
29/08/2004;31.11;24.28;26.71;975.91;77.5;0;209.04;4.78;168.83;29.46;131.11;-1.62;2.8;79.13;-5.04;2.05;-1.66;-8.79;4.58;0;0.35;80.73;27.31;77.5;27.72;1.8;51.27;993.95;208.31
30/08/2004;30.79;24.56;NA;975.99;75.47;0;186.62;9;122.8;28.97;93.1;-2.54;NA;NA;-2.27;3.24;NA;-8.32;4.92;0;0;85.9;27.57;75.47;27.53;2.27;41.76;994.07;254.1
31/08/2004;31.85;24.2;NA;976.31;73.62;10.67;224.17;3.3;179.15;NA;NA;-1.42;NA;NA;NA;NA;NA;NA;NA;10.67;0;113.31;27.63;73.62;26.94;1.65;11.54;994.62;251.03
01/09/2004;29.51;23.01;NA;976.75;83.25;10.41;197.72;6.29;153.91;NA;NA;-1.92;NA;NA;-0.09;1.92;NA;2.74;6.46;10.41;0;78.72;25.79;83.25;27.5;1.73;-31.92;994.71;253.72
02/09/2004;29.83;23.5;25.59;976.4;80.95;2.54;191.35;9.54;149.88;19.33;122.99;-2;2.75;-85.71;-8.03;3.97;-2.17;-10.28;5.94;2.54;0;95.65;26.03;80.95;27.14;2.57;19.85;994.41;257.55
03/09/2004;30.74;23.96;25.73;976.62;76.12;0.51;185.02;10.58;145.52;24.79;109.83;-2.09;2.92;69.15;-6.07;2.41;-1.68;-8.11;4.74;0.51;0.47;72.62;26.83;76.12;26.71;2.48;56.49;994.31;207
04/09/2004;31.02;24.65;25.85;975.54;78.79;1.77;192.98;11.08;154.43;25.07;121.7;-1.91;3.16;72.95;-4.08;6.47;0.6;-5.98;7.19;1.77;0.05;70.96;26.86;78.79;27.75;2.53;32.25;993.33;208.83
05/09/2004;30.78;24.93;26.14;974.35;72.86;0;198.31;11.12;157.14;33.43;119.23;-1.86;2.54;62.63;-6.74;4.88;-0.27;-8.29;7.75;0;0;85.19;27.41;72.86;26.35;2.54;43.99;992.27;250.51
06/09/2004;31.27;24.69;26.27;973.37;75.21;0;189.6;9.9;139.61;26.89;109.9;-2.21;2.79;62.66;-8.17;4.3;-2.21;-10.04;5.63;0;0;61.9;27.32;75.21;27.13;2.05;60.45;991.18;259.58
07/09/2004;31.04;24.59;26.34;972.66;78.42;0;230.46;4.01;181.45;46.29;129.3;-1.37;2.51;70.67;-8.08;6.17;NA;-9.71;7.1;0;0;95.58;27.34;78.42;28.32;2.5;57.11;990.53;264.07
08/09/2004;30.9;24.79;26.18;972.58;78.47;0;189.14;8.84;126.15;23.54;103.1;-2.48;NA;NA;-4.52;3.86;-0.11;-6.66;5.62;0;0;113.88;27.34;78.47;28.36;2.22;20.72;990.65;269.38
09/09/2004;31.15;25.19;25.97;973.57;74.48;9.65;170.23;18.69;135.86;24.24;109.89;-2.28;2;-81.54;-7.64;6.02;-1.39;-11.66;7.61;9.65;0;111.79;27.65;74.48;27.39;2.76;46.06;991.72;271.84
10/09/2004;29.7;23.4;25.28;973.91;83.78;0;187.13;11.46;132.15;20.68;104.6;-2.36;2.69;75.58;-9.25;3.6;-1.82;-10.95;7.32;0;0.08;70.68;26.11;83.78;28.24;2.26;25.72;992.4;265.96
11/09/2004;28.45;22.95;25.38;975.17;87.56;3.37;176.76;19.76;140.97;15.2;116.17;-2.18;1.57;76.47;-4.73;2.98;-1.58;-7.75;4.6;3.37;0.46;123.3;25.46;87.56;NA;1.41;-9.57;993.85;221.49
12/09/2004;28.92;21.79;22.77;978.13;84.03;6.8;104.96;35.44;79.08;6.16;53.64;-3.42;1.21;-22.75;-4.92;3.82;0.05;-5.55;5.65;6.8;0.87;157.32;25.06;84.03;26.57;1.75;-23.43;995.7;84.55
13/09/2004;28.98;23.15;24.77;977.85;81.77;0.25;134.83;32.59;77.5;NA;NA;-3.45;0.29;32.48;-7.25;0.19;-3.28;-10.63;4.08;0.25;0.15;188.94;25.85;81.77;27.07;1.75;28.65;995.64;201.45
14/09/2004;29.29;22.93;25.18;977.01;86.18;0;178.79;22.68;144.28;25.9;104.94;-2.12;2.25;-80.24;-4.85;4.1;-0.69;-8.21;6.83;0;0;106.03;25.55;86.18;28.06;1.75;-9.99;995.05;255.33
15/09/2004;29.35;23.43;25.85;977.06;85.23;0;187.65;19.67;128.43;23.72;99.06;-2.43;2.08;71.82;-8.34;4.48;-1.59;-10.54;6.24;0;0;91.08;26;85.23;NA;1.48;25.78;995.02;211.14
16/09/2004;29.88;23.37;26.93;976.47;84.41;0;182.88;19.58;146.2;24.08;121.54;-2.08;1.39;43.39;-6.15;0.47;-2.84;-9.63;3.95;0;0;98.06;26.33;84.41;NA;1.22;8.01;994.4;247.05
17/09/2004;29.25;22.74;NA;976.87;83.99;0;200.2;12.9;136.52;32.66;92.06;-2.27;NA;NA;-4.47;0.78;NA;-8.79;4.63;0;6.53;160.73;25.77;83.99;27.69;1.82;-6.55;994.75;196.92
18/09/2004;30.56;23.96;26.38;975.95;80.25;0;229.71;7.19;181.66;41.32;134.72;-1.37;1.68;82.15;-5.7;1.42;-2.24;-8.79;4.32;0;7.68;131.36;26.84;80.25;NA;2.04;35.93;993.73;211.63
19/09/2004;30.19;24.62;26.92;975.79;81.22;0;219.68;9.86;175.4;36.53;135.18;-1.49;2.35;69.63;-7.66;3.94;-2.04;-9.32;4.34;0;1.31;96.42;27.1;81.22;28.87;1.8;17.94;993.73;240.14
20/09/2004;31.04;24.2;26.58;975.19;81.07;0;189.12;20.36;123.86;23.04;86.52;-2.52;1.64;-87;-8.37;1.85;-3.11;-10.73;4.51;0;0;128.75;27.17;81.07;NA;1.49;-21.48;992.92;252.36
21/09/2004;31.13;24.04;27.02;975.29;81.5;0;211.42;9.63;168.73;35.11;127.44;-1.63;1.95;67.56;-6.15;2.84;-1.42;-8.86;5.1;0;0;100.96;27.14;81.5;NA;1.58;-22.28;993.27;266.31
22/09/2004;30.99;25.08;27.25;976.61;79.34;0;218.31;7.97;149.23;35.95;110.99;-2.02;2.27;71.84;-7.93;4.62;NA;-10.71;6.62;0;0;95.45;27.5;79.34;28.9;2.09;6.67;994.49;289.36
23/09/2004;31.09;23.99;26.23;976.74;80.62;0;182.69;20.27;143.22;26.22;112.04;-2.14;2.48;71.98;-7.61;5.67;-0.99;-9.34;7.37;0;0.16;91.4;26.81;80.62;28.23;2.15;-0.75;994.67;273.3
24/09/2004;31.38;24.33;26.69;975.31;78.26;0;225.42;7.61;179.21;35.2;140.15;-1.42;2.77;77.8;-10.57;5.64;-2.08;-12.6;7.13;0;0.01;84.65;27.37;78.26;28.27;2.24;61.68;993.2;269.43
25/09/2004;30.8;25.15;25.93;974.75;80.38;10.92;167.04;25.8;109.14;17.18;86.43;-2.82;2.34;86.61;-8.51;2.71;-2.7;-10.5;5.1;10.92;0;87.3;27.01;80.38;28.5;2.2;21.52;992.98;249.58
26/09/2004;30.6;24.81;NA;975.41;80.48;0;NA;NA;NA;NA;NA;NA;NA;NA;-9.28;9.87;NA;-13.9;9.17;0;0.12;81.33;26.93;80.48;28.44;2.57;10.78;993.48;270.35
27/09/2004;31;24.43;NA;975.48;77.23;8.89;NA;NA;NA;NA;NA;NA;NA;NA;-15.03;NA;NA;-15.87;NA;8.89;0.17;86.73;27.33;77.23;27.81;2.22;-6.71;993.72;256.14
28/09/2004;31.92;25.02;NA;974.97;72.98;2.8;203.72;13.09;150.76;NA;NA;-1.98;NA;NA;NA;NA;NA;NA;NA;2.8;0;110;27.61;72.98;26.71;2.7;12.08;992.92;272.67
29/09/2004;31.45;25.18;NA;973.88;74.85;0;189.63;25.52;117.94;20.15;97.88;-2.64;NA;NA;-8.7;3.81;NA;-7.18;6.56;0;1.56;119.01;27.7;74.85;27.63;2.69;18.17;991.81;256.49
30/09/2004;29.97;24.96;NA;NA;79.75;0;NA;NA;NA;NA;NA;NA;NA;NA;NA;5.73;NA;NA;6.54;0;5.34;118.6;27.14;79.75;NA;1.66;26.74;991.71;76.45
01/10/2004;30.15;23.25;NA;NA;85.37;0;NA;NA;NA;NA;NA;NA;NA;NA;-14.51;NA;NA;-16.92;NA;0;8.81;68.34;26.33;85.37;NA;1.01;-26.56;992.51;103.79
02/10/2004;30.34;24.12;NA;973.6;84.11;0;NA;NA;NA;NA;NA;NA;NA;NA;NA;NA;NA;NA;NA;0;14.5;74.28;26.8;84.11;NA;1.38;-8.9;992.15;192.16
03/10/2004;28.99;23.44;NA;974.49;87;0;NA;NA;NA;NA;NA;NA;NA;NA;NA;NA;NA;NA;NA;0;24.74;79;25.92;87;NA;1.25;11.33;992.66;64.48
04/10/2004;29.4;24.09;NA;974.19;86.47;0;NA;NA;NA;NA;NA;NA;NA;NA;-7.8;0.68;NA;-6.15;5.76;0;0.55;112.14;26.14;86.47;NA;1.62;-50.68;992.36;199.35
05/10/2004;30.93;24.49;25.45;974.41;81.55;8.39;116.36;45.39;72.48;-3.85;60.12;-3.55;2.27;-83.7;-3.36;4.25;0.02;-5.83;5.86;8.39;1.03;96.1;27.17;81.55;NA;1.79;9.45;992.33;247.24
06/10/2004;30.75;24.63;26.55;974.64;79.29;0;197.4;28.31;130.94;26.5;105.95;-2.38;2.12;63.84;-6.56;2.02;-1.43;-8.59;4.83;0;2.98;71.4;27.36;79.29;28.5;1.36;-3.47;992.72;143.96
07/10/2004;29.14;23.95;25.91;974.99;86.18;0;153.92;48.57;112.42;16.32;88.79;-2.75;2.57;85.96;-7.34;4.15;-1.62;-9.74;6.49;0;0.04;83.28;25.98;86.18;NA;1.56;-26.1;993.3;283.19
08/10/2004;31.06;24.23;26.91;974.55;73.49;0;206.44;25.49;130.42;15.49;112.79;-2.39;3.01;72.32;-8.96;3.39;-2.54;-10.2;5.12;0;0;70.59;27.49;73.49;26.45;1.73;-0.94;992.48;314.86
09/10/2004;30.6;24.08;26.61;974.52;71.76;0;205.85;20.53;154.64;16.64;130.22;-1.91;3.09;81.21;-6.69;2.52;-2.14;-9.92;4.67;0;0;81.84;27.54;71.76;26.12;1.98;8.96;992.45;324.71
10/10/2004;31.34;25.26;26.48;974.68;68.4;0;228.49;12.11;168.83;39.31;127.67;-1.62;3.46;81.05;-8.97;5.08;NA;-11.91;6.97;0;4.16;81.39;28.1;68.4;25.85;2.81;21.33;992.45;267.3
11/10/2004;31.68;25.42;26.42;973.84;65.52;0;224.97;15.87;146.98;33.6;113.01;-2.06;3.37;74.4;-11.92;6.39;-2.49;-13.14;8.16;0;9.11;73.72;28.4;65.52;25.15;3.02;58.36;991.65;128.51
12/10/2004;31.77;25.3;26.59;973.34;65.64;0;220.16;18.24;162.99;38.04;126;-1.74;2.49;59.75;-10.2;5.31;-2.35;-11.89;7.19;0;11.19;103.01;28.33;65.64;25.12;2.7;36.19;991.18;171.32
13/10/2004;32.11;24.42;NA;973.29;66.27;0;NA;NA;NA;NA;NA;NA;NA;NA;-2.99;4.32;NA;-7.33;5.66;0;3.53;88.15;28.31;66.27;25.19;2.23;17.25;991.1;237
14/10/2004;32.41;24.76;27.05;973.03;63.37;0;219.88;19.21;164.12;32.56;128.68;-1.72;2.75;76.4;-10.66;4.85;NA;-13.32;6.79;0;21.07;88.88;28.48;63.37;24.34;2.68;22.86;990.91;130.4
15/10/2004;32.42;24.96;NA;973.58;65.15;0;NA;NA;NA;NA;NA;NA;NA;NA;-3.91;3.59;NA;-9.85;5.32;0;10.26;83.12;28.44;65.15;25.07;2.55;59.49;991.43;101.9
16/10/2004;32.29;25.46;27.42;973.42;68.06;0;235.29;17.62;187.49;57.03;126.63;-1.25;1.97;73.2;-7.86;2.97;NA;-10.95;5.34;0;7.74;136.68;28.75;68.06;26.53;2.01;50.86;991.41;142.04
17/10/2004;32.23;26.25;26.97;972.99;72.34;0;189.31;36.61;141.39;22.76;111.69;-2.17;2.7;67.63;-10.04;4.12;NA;-12.34;6.08;0;4.77;66.57;28.26;72.34;27.53;2.51;23.36;991.2;151.03
18/10/2004;31.54;24.85;26.71;973.13;80.55;0;154.92;38.89;NA;NA;NA;NA;NA;NA;-6.37;6.17;0.33;-7.55;7.22;0;7.09;74.9;27.04;80.55;NA;2.13;-9.87;991.45;99.96
19/10/2004;31.97;24.74;NA;973.96;79.97;0;224.23;26.7;169.3;42.38;127.51;-1.61;2.57;69.67;-7.12;3.95;NA;-9.69;5.88;0;17.16;82.7;27.64;79.97;29.27;1.28;11.15;992.12;111.19
20/10/2004;32.34;24.81;26.86;974.01;70.55;0.25;232.59;19.18;160.73;37.34;117.13;-1.79;2.48;69.55;-7.36;4.33;-1.48;-9.79;5.79;0.25;2.13;99.01;28.4;70.55;26.89;2.04;-0.03;992.05;165.65
21/10/2004;32.15;24.69;25.84;973.57;72.51;0.83;167.38;60.88;125.23;24.1;103.5;-2.5;1.62;87.6;-8.96;4.64;-1.61;-10.16;6.93;0.83;0.29;127.81;28.07;72.51;27.17;2.28;9.03;991.82;170.24
22/10/2004;30.17;23.27;24.43;974.98;82.38;12.88;138.57;62.03;40.99;4.1;34.96;-4.18;1.18;-14.7;-5.79;4.41;0.24;-5.17;4.98;12.88;0.03;183.42;26.14;82.38;27.64;1.99;9.92;992.89;209.2
23/10/2004;31.04;23.93;25.87;973.93;75.53;0;192.52;52.71;134.33;26.31;104.08;-2.31;1.22;-56.76;-8.68;2.84;-3.05;-10.77;4.66;0;0.7;154.81;27.44;75.53;27.38;2.05;8.42;991.98;268.87
24/10/2004;30.97;24.83;26.75;972.59;75.89;0;215.45;33.02;163.02;39.83;121.24;-1.74;2.15;71.04;-7.5;4.5;-1.48;-8.39;5.43;0;2.51;108.27;27.72;75.89;NA;2.25;31.83;990.9;221.8
25/10/2004;30.13;23.99;26.04;972.82;82.65;1.01;182.48;43.05;139.26;NA;NA;-2.21;1.57;58.96;-9.49;3.82;-2.48;-10.77;4.76;1.01;5.58;138.2;26.66;82.65;NA;1.21;26.88;991.3;197.37
26/10/2004;27.87;23.44;23.55;974.63;86.58;0;116.99;80.77;76.5;17.16;58.32;-3.47;1.23;-33.6;-9.21;4.22;-3.01;-9.7;3.68;0;35.87;166.25;25.35;86.58;27.92;1.54;-14.5;992.92;66.14
27/10/2004;29.1;23.93;25.15;975.15;82.43;0;251.33;20.17;150.49;43.31;100.09;-1.99;3.26;79.14;-9.03;6.77;-0.96;-9.04;7.11;0;1.61;79.21;26.2;82.43;27.9;2.32;31.48;993.32;293.12
28/10/2004;31.38;24.07;26.05;974;78.07;0;217.43;32.08;153.36;35.89;115.91;-1.93;3.29;78.65;-9.28;4.38;-1.79;-9.39;5.81;0;0.07;77.17;27.36;78.07;28.17;2.67;-7.64;991.83;231.72
29/10/2004;31.29;24.65;25.44;973.61;77.69;14.48;193.85;25.11;117.16;31.85;87.79;-2.66;1.76;-83.79;-8.27;3.53;NA;-9.62;4.2;14.48;0;115.33;27.59;77.69;28.4;1.66;-0.96;991.79;320.09
30/10/2004;29.37;23.43;23.42;975.35;85.65;0;104.95;68.95;48.23;7.13;42.86;-4.04;2.97;-58.37;-4.83;2.69;-1.14;-8.05;5.78;0;0;123.21;25.66;85.65;27.98;2.08;-7.29;993.46;333.66
31/10/2004;30.09;23.62;24.69;975.47;81.73;1.28;210.27;49;148;32.67;112.78;-2.04;2.7;89.2;-10.54;4.49;-2.31;-10.34;5.73;1.28;0.16;87.05;26.2;81.73;27.62;2.38;-18.86;993.61;332.53
01/11/2004;30.98;24.25;NA;974.3;78.59;0;NA;NA;NA;NA;NA;NA;NA;NA;-8.82;4.75;NA;-14.48;5.19;0;7.55;75.89;26.87;78.59;27.58;2.35;-32.12;992.47;167.12
02/11/2004;31.35;24.52;NA;972.74;77.52;0;NA;NA;NA;NA;NA;NA;NA;NA;NA;NA;NA;NA;NA;0;5.98;90.05;27.35;77.52;27.91;2.15;-0.14;990.94;196.77
03/11/2004;31.9;25;NA;972.13;73.38;0;NA;NA;NA;NA;NA;NA;NA;NA;-9.22;2.62;NA;-7.61;4.08;0;0.57;126.01;28.11;73.38;27.55;2.4;-1.95;990.12;317.21
04/11/2004;31.4;25.73;26.45;972.08;72.3;2.04;199.01;47.59;110.26;16.63;98.53;-2.79;3.34;72.87;-8.03;4.57;-1.63;-7.95;4.7;2.04;6.5;73.73;28.29;72.3;27.63;2.58;16.38;990.17;276.8
05/11/2004;31.63;25.61;26.16;973.2;72.44;0;187.29;63.31;113.17;20.05;96.99;-2.74;3.24;67.07;-7.08;6.97;0.16;-6.38;5.89;0;1.35;66.28;28.18;72.44;27.44;2.96;61.12;991.08;208.7
06/11/2004;32.16;25.4;26.14;972.9;66.18;0;196.9;58.21;121.73;23.12;99.49;-2.56;2.45;68.51;-9.52;3.93;-2.39;-9.73;4.96;0;13.76;90.49;28.57;66.18;25.49;2.96;46.3;990.82;217.18
07/11/2004;32.43;25.55;NA;973.19;67.32;0;NA;NA;NA;NA;NA;NA;NA;NA;-1.21;4.08;NA;-5.49;3.92;0;5.34;80.72;28.91;67.32;NA;1.84;46.83;991.23;98.67
08/11/2004;31.43;25.77;NA;972.76;74.41;0;NA;NA;NA;NA;NA;NA;NA;NA;-9.72;1.16;NA;-7.7;2.4;0;0.35;130.31;28.06;74.41;27.9;1.47;-14.12;991.22;134.53
09/11/2004;31.28;24.43;26.95;972.8;73.9;0;203.45;49.42;128.93;17.28;114.74;-2.42;3.06;62.28;-8.89;3.76;-2.34;-8.82;4.13;0;0;60.67;27.79;73.9;27.25;2.19;-9.64;991.23;247.41
10/11/2004;31.03;25.24;26.41;973.03;74.4;0;209.18;49.43;107.87;16.81;88.64;-2.84;2.56;85.32;-9.18;3.96;-3.08;-10.44;4.28;0;0;99.04;27.74;74.4;27.58;1.68;-14.66;991.3;338.91
11/11/2004;31.71;25.33;26.51;971.76;72.07;0;208.61;51.94;136.35;31.25;106.13;-2.27;3.39;78.5;-9.7;3.32;-2.85;-9.73;4.03;0;4.12;79.57;28.01;72.07;26.93;2.93;-1.3;990.06;282.71
12/11/2004;32.47;25.36;NA;971.28;64.83;0;NA;NA;NA;NA;NA;NA;NA;NA;-0.24;7.23;NA;-5.36;6.54;0;1;94.42;28.7;64.83;25.17;3.01;10.95;989.48;290.68
13/11/2004;32.8;25.78;NA;971.34;62.85;0;NA;NA;NA;NA;NA;NA;NA;NA;-14.23;1.25;NA;-12.78;2.69;0;0.41;100.34;29;62.85;24.98;2.83;39.96;989.65;305.42
14/11/2004;32.9;25.09;NA;972.27;64.88;0;NA;NA;NA;NA;NA;NA;NA;NA;-7.43;0.47;NA;-11.68;0.12;0;0.1;75.74;28.98;64.88;25.41;2;4.35;990.53;203.04
15/11/2004;31.74;25;NA;973.45;69.17;0;NA;NA;NA;NA;NA;NA;NA;NA;NA;NA;NA;NA;NA;0;12.19;66.51;28.19;69.17;26.11;2.01;-29.56;991.82;277.17
16/11/2004;32.41;24.92;NA;974.19;72.92;0;NA;NA;NA;NA;NA;NA;NA;NA;NA;NA;NA;NA;NA;0;22.48;149.46;27.81;72.92;26.97;2.49;14.65;992.28;118.71
17/11/2004;33.49;25.39;NA;973.69;69.47;3.31;NA;NA;NA;NA;NA;NA;NA;NA;-5.65;2.55;NA;-3.77;4.67;3.31;17.61;82.65;28.8;69.47;27.02;2.69;-10.78;991.89;109.98
18/11/2004;32.77;25.81;NA;973.81;61.49;0;NA;NA;NA;NA;NA;NA;NA;NA;-2.53;5.25;NA;-10.6;6.87;0;27.9;93.17;29.14;61.49;24.56;3.22;46.35;991.88;163.81
19/11/2004;33.54;25.49;NA;974.24;58.61;0;NA;NA;NA;NA;NA;NA;NA;NA;-6.06;1.48;NA;NA;2.69;0;22.18;121.23;29.42;58.61;23.68;2.56;15.97;992.19;105.64
20/11/2004;32.86;26.23;NA;974.42;62.5;0;NA;NA;NA;NA;NA;NA;NA;NA;-11.25;3.08;NA;-13.4;2.67;0;2.01;64.25;29.47;62.5;25.42;1.88;-5.17;992.54;256.63
21/11/2004;33.13;26.1;NA;973.92;63.5;0;NA;NA;NA;NA;NA;NA;NA;NA;NA;NA;NA;NA;NA;0;0.48;80.98;29.35;63.5;25.42;1.86;2.47;992.22;224.53
22/11/2004;30.79;24.79;NA;974.03;76.99;0;NA;NA;NA;NA;NA;NA;NA;NA;-5.99;6.14;NA;-3.6;7.87;0;0.02;133.05;27.44;76.99;27.88;0.98;-16.62;992.58;268.63
23/11/2004;30.86;24.69;25.68;973.84;77.32;0;189.63;72.3;114.66;27.81;87.11;-2.71;1.96;-79.7;-11.44;4.5;-2.87;-10.81;5.06;0;0;133.98;27.45;77.32;28.03;1.29;3.28;992.07;337.09
24/11/2004;31.1;25.22;26.56;973.27;72.19;0;172.36;92.2;96.26;11.03;86.21;-3.07;2.69;84.51;-10.67;3.34;-3.36;-11.61;4.9;0;0;88.88;28.14;72.19;27.31;2.29;9.93;991.76;347.18
25/11/2004;32.23;25.51;26.68;973.35;74.06;0;190.63;76.78;119.58;31.26;90.67;-2.61;2.31;63.39;-7.01;5.98;-0.6;-6.92;5.72;0;0;96.91;28.24;74.06;28.06;2.03;24.95;991.78;328.66
26/11/2004;30.68;24.14;26.73;972.68;77.48;0;188.78;82.1;95.13;7.83;85.67;-3.1;2.95;66.92;-9.22;3.38;-2.92;-10.93;5.09;0;0.09;67.05;27.16;77.48;27.45;1.5;4.88;991.63;312.28
27/11/2004;31.06;24.6;26.78;972.51;77.26;0;207.17;68.07;138.18;34.28;106.04;-2.24;2.53;83.98;-9.34;4.07;-2.51;-9.77;3.85;0;3.44;102.64;27.57;77.26;28.17;1.43;-9.42;991.1;283.19
28/11/2004;31.33;24.98;27.5;971.57;74.26;0;228.44;50.07;165.07;44.75;123.76;-1.7;3.59;71.28;-9.73;4.5;NA;-10.11;4.72;0;7.47;71.36;28.05;74.26;27.83;1.41;-9.99;990.45;110
29/11/2004;33.24;25.22;27.14;971.67;65.96;0;202.99;67.35;104.28;20.26;86.31;-2.91;3.18;80.76;-7.85;3.7;NA;-8.41;3.65;0;16.72;78.67;29.09;65.96;26.03;1.89;-0.65;990.12;109.42
30/11/2004;33.58;25.82;27.09;971.92;61.91;0;197.74;70.08;128.37;28.24;100.83;-2.43;3.22;73.23;-10.3;3.36;NA;-11.12;4.31;0;0.15;71.78;29.41;61.91;25.01;2.13;-7.16;990.31;279.67
01/12/2004;31.98;25.23;27.17;972.3;66.46;0;180.59;86.05;113.22;19.52;96.06;-2.74;1.89;-86.7;-9.34;1.5;NA;-10.01;3.6;0;0.14;126.56;28.86;66.46;26.08;1.43;-0.81;990.81;266.9
02/12/2004;32.32;26.13;27.16;972.23;69.96;0;175.67;95.72;96.07;14.14;84.75;-3.08;2.04;75.89;-10.14;2.77;-2.54;-10.08;4.99;0;1.87;125.05;28.33;69.96;26.69;1.76;-17.22;990.98;190.21
03/12/2004;31.64;25.04;27.19;972.12;74.77;0;189.05;84.78;100.17;18.59;87.27;-3;3.18;75.7;-9.97;3.97;-2.01;-10.71;6.7;0;11.52;74.24;27.69;74.77;27.52;1.95;-10.1;991.08;79.8
04/12/2004;32.9;25.7;26.82;973.63;71.96;0;188.06;86.48;149.02;34.13;116.91;-2.02;3.62;76.05;-10.23;4.45;-1.45;-10.05;7.15;0;1.75;77.91;27.97;71.96;26.88;2.77;-18.09;992.22;301.06
05/12/2004;31.96;25.27;26.2;973.63;74.46;0;140.32;101.32;81.24;11.96;69.34;-3.38;2.39;-86.91;-8.1;3.66;-1.15;-9.16;6.87;0;0.65;105.78;27.8;74.46;27.55;2.32;-22;992.16;243.62
06/12/2004;32.88;25.84;NA;972.77;65.34;0;NA;NA;NA;NA;NA;NA;NA;NA;-0.94;0.93;NA;-7.95;5.77;0;3.8;71.08;28.86;65.34;25.48;2.21;17.08;991.32;253.98
07/12/2004;32.16;26.06;27.47;972.73;68.18;0;177.02;95.9;89.34;NA;NA;-3.21;2.38;68.76;-2.39;-19.17;NA;NA;NA;0;17.14;89.78;28.69;68.18;26.59;1.73;-6.72;991.42;215.2
08/12/2004;32.38;26.08;26.89;972.64;66.82;0;169.09;87.14;94.81;NA;NA;-3.1;2.54;69.88;-10.05;15.27;NA;NA;NA;0;2.83;79.92;28.96;66.82;26.39;1.95;8.84;991.29;278.21
09/12/2004;31.85;25.55;27.03;972.29;69.54;0;169.61;67.48;97.43;NA;NA;-3.05;2.73;75.05;-8.68;7.99;NA;NA;-3.65;0;5.22;84.14;28.41;69.54;26.72;1.6;-9.22;991.15;175.78
10/12/2004;31.79;25.34;26.65;972.39;70.72;0;186.44;89.02;NA;NA;NA;NA;NA;NA;-8.56;-1.58;NA;-12.29;4.83;0;9.72;133.61;28.25;70.72;26.82;1.88;-38.48;991.08;75.89
11/12/2004;29.04;24.84;27.06;972.33;85.35;0;139.59;99.51;74.49;NA;NA;-3.51;2.17;-85.75;NA;NA;NA;NA;NA;0;10.15;109.91;26.16;85.35;28.9;1.41;-15.78;991.56;192.15
12/12/2004;32.9;24.62;26.49;972.88;68.25;0;169.41;95.44;90.28;NA;NA;-3.19;2.22;-70.03;NA;NA;NA;NA;NA;0;0.75;122.79;28.6;68.25;25.98;2.06;4.83;991.28;266.27
13/12/2004;32.4;24.98;27.27;973.85;67.41;0;200.07;78.71;NA;NA;NA;NA;NA;NA;NA;NA;NA;NA;NA;0;0.23;124.17;28.55;67.41;25.75;1.57;7.07;992.29;317.39
14/12/2004;32.97;24.73;27.33;973.33;61.78;0.25;154.23;93.48;78.08;NA;NA;-3.44;2.27;88.35;NA;NA;NA;NA;NA;0.25;0;117.67;28.91;61.78;24.29;2.14;5.89;991.92;327.08
15/12/2004;32.12;26.04;26.77;972.55;73.01;0;166.4;101.62;77.49;NA;NA;-3.45;2.5;78.57;-14.61;2.91;NA;-12.55;5.81;0;0.05;119.57;28.32;73.01;27.94;2.63;11.28;991.17;276.26
16/12/2004;31.72;25.66;26.71;972.22;69.29;0;181.13;94.76;92.04;NA;NA;-3.16;2.89;59.71;-10.5;4.42;-1.61;-10.32;7.11;0;0.49;60.96;28.47;69.29;26.59;2.24;30.31;990.73;296.35
17/12/2004;33.41;25.91;27.47;971.79;62.78;0;200.21;82.65;100.04;NA;NA;-3;3.08;77.98;-9.81;3.39;NA;-11.03;6.03;0;11.64;76.28;29.12;62.78;24.75;1.98;17.49;990.26;245.62
18/12/2004;28.82;24;25.65;973.66;84.17;0;161.76;79.64;77.67;NA;NA;-3.45;2.44;-85.85;-7.29;5;-0.68;-8.13;6.77;0;12.05;121.72;25.92;84.17;28.03;1.72;5.5;992.36;176.92
19/12/2004;30.34;23.77;25.41;973.95;76.53;0;174.48;94.96;96.68;NA;NA;-3.07;3.18;84.04;-8.77;4.26;-0.57;-7.92;6.78;0;10.5;81.13;26.91;76.53;26.79;1.96;-41.49;992.36;176.05
20/12/2004;31.51;25.49;26.87;973.48;67.6;0;180.04;93.93;89.33;NA;NA;-3.21;3.57;78.67;5.69;5.78;NA;-4.7;5.8;0;9.65;81.03;28.24;67.6;25.72;3.06;18.08;991.94;268.28
21/12/2004;32.18;25.71;26.75;972.8;68.43;0;187.41;92.7;78.68;NA;NA;-3.43;3.4;86.59;-2.02;20.46;NA;NA;NA;0;10.98;91.32;28.63;68.43;26.53;2.56;32.3;991.33;71.14
22/12/2004;31.13;24.69;27.05;971.57;72.87;0;174.85;90.63;94.61;NA;NA;-3.11;3.11;-89.37;-6.84;13.51;NA;NA;NA;0;2.12;94.1;27.94;72.87;27.25;1.35;15.26;990.5;110.29
23/12/2004;27.71;24.02;25.01;971.79;85.67;6.16;114.04;94.75;NA;NA;NA;NA;0.94;-88.15;-5.21;11.5;NA;NA;NA;6.16;23.26;172.97;25.7;85.67;28.23;1.27;-7.69;990.89;60.53
24/12/2004;25.77;23.78;22.84;972.68;92.27;0.95;104.77;91.32;NA;NA;NA;NA;NA;NA;-10.94;4.87;NA;-2.65;8.31;0.95;4.71;94.55;24.43;92.27;28.24;1.55;13.72;990.9;222.85
25/12/2004;30.5;23.55;24.82;972.54;74.79;0;NA;NA;NA;NA;NA;NA;2.82;-89.38;-9.07;4.2;-0.65;-8.73;7.43;0;0.19;89.55;26.59;74.79;25.57;2.66;37.05;991.09;276.29
26/12/2004;31.36;24.36;25.68;973.43;72.16;0;163.92;103.19;NA;NA;NA;NA;2.73;74.51;-9.01;3.53;-1.08;-9.54;7.39;0;22.51;75.55;27.33;72.16;26.01;1.9;-15.01;991.95;225.07
27/12/2004;27.86;23.77;NA;975.38;88.72;57.66;NA;NA;NA;NA;NA;NA;0.65;41.1;-3.41;2.89;NA;-3.43;5.49;57.66;5.77;176.68;25.46;88.72;NA;1.33;-1.67;993.1;230.31
28/12/2004;29.64;23.39;24.9;974.87;84.48;0;NA;NA;NA;NA;NA;NA;0.75;-33.6;-6.37;2.94;0.17;-6.7;6.19;0;2.73;187.86;25.82;84.48;27.92;1.72;9.79;993.26;256.77
29/12/2004;30.95;24.06;25.93;974.98;77.07;0;196.45;NA;NA;NA;NA;NA;3.23;67.05;-10.43;5.37;-1.21;-11.27;8.85;0;0.36;66.81;26.97;77.07;27.04;2.1;43.02;993.19;286.54
30/12/2004;30.72;24.86;NA;974.38;78.68;0;166.07;NA;NA;NA;NA;NA;NA;NA;-9.19;5.02;NA;-9.47;7.73;0;0.11;97.5;27.09;78.68;28.01;2.19;49.99;992.75;308.98
31/12/2004;29.6;24.8;NA;NA;80.91;0;NA;NA;NA;NA;NA;NA;NA;NA;-13.46;3.48;NA;-11.51;7.32;0;0.07;112.4;26.87;80.91;28.5;1.84;12.11;992.73;322.22
01/01/2005;29.42;24.01;NA;NA;83.49;NA;NA;NA;NA;NA;NA;NA;NA;NA;NA;NA;NA;NA;NA;0;0.41;79.85;26.29;83.49;28.39;1.61;-4.84;993.11;314.07
02/01/2005;29.57;23.22;NA;NA;82.67;NA;NA;NA;NA;NA;NA;NA;NA;NA;NA;NA;NA;NA;NA;0;0.18;86.19;26.27;82.67;28;1.32;-3.52;993.24;310.95
03/01/2005;30.36;24.04;NA;NA;81.55;NA;NA;NA;NA;NA;NA;NA;NA;NA;NA;NA;NA;NA;NA;0;0.58;90.82;26.3;81.55;27.67;1.46;-23.25;992.68;301.2
04/01/2005;31.1;24.76;NA;NA;73.58;0;NA;NA;NA;NA;NA;NA;NA;NA;NA;NA;NA;NA;NA;0;20.54;92.15;27.64;73.58;26.97;2.54;1.99;991.58;94.62
05/01/2005;31.61;25.74;26.99;972.82;70.95;0;225.9;58.54;NA;NA;NA;NA;3.56;64.91;NA;NA;NA;NA;NA;0;23.51;65.28;28.34;70.95;27.1;2.95;15.5;990.62;135.86
06/01/2005;31.09;25.77;27.2;972.29;73.69;0;197.36;82;NA;NA;NA;NA;3.17;69.74;NA;NA;NA;NA;NA;0;13.11;70.28;27.91;73.69;27.59;2.54;9.17;990.46;170.8
07/01/2005;31.73;25.2;27.63;973.01;77.28;0;206.42;77.07;NA;NA;NA;NA;2.98;77.94;NA;NA;NA;NA;NA;0;13.66;82.4;27.71;77.28;NA;1.65;-49.21;991.23;216.14
08/01/2005;30.4;24.56;26.74;973.39;80.72;0;188.03;84.94;NA;NA;NA;NA;2.32;77.38;NA;NA;NA;NA;NA;0;8.72;91.55;27.17;80.72;NA;1.89;-19.39;991.73;258.99
09/01/2005;30;23.37;25.97;973.59;78.94;0.25;141.11;95.53;NA;NA;NA;NA;2.36;65.05;NA;NA;NA;NA;NA;0.25;11.53;82.41;27.08;78.94;27.98;0.99;-25.4;991.82;258.95
10/01/2005;30.25;24.58;25.92;973.25;82.81;0;205.99;83.09;NA;NA;NA;NA;3.23;80.54;NA;NA;NA;NA;NA;0;8.75;81.44;26.95;82.81;NA;1.48;-1.55;991.37;288.52
11/01/2005;31.76;24.54;26.86;973.45;74.39;0;211.2;72.97;NA;NA;NA;NA;3.23;74.25;NA;NA;NA;NA;NA;0;18.63;74.97;27.91;74.39;27.54;2;-6.86;991.31;150.71
12/01/2005;32.12;25.67;26.96;973.48;67.91;0;206.84;72.52;NA;NA;NA;NA;2.89;82.4;-1.86;2.6;NA;0.89;5.21;0;24.49;84.17;28.83;67.91;26.58;2.41;2.04;991.36;121.32
13/01/2005;32.22;25.88;27.08;973.61;72.17;0;178.88;88.69;NA;NA;NA;NA;2.39;66.41;-7.68;4.59;-1.21;-9.37;5.93;0;0.32;93.06;28.77;72.17;NA;1.55;-1.94;991.35;296.63
14/01/2005;29.99;25.27;27.96;972.59;78.92;0;203.88;76.43;NA;NA;NA;NA;3.12;66.04;-4.99;2.8;NA;-7.53;4.4;0;0;67.08;27.66;78.92;NA;1.21;-0.21;990.89;268.82
15/01/2005;29.74;24.13;27.27;972.18;82.01;0;149.78;95.89;NA;NA;NA;NA;2.67;64.22;-8.09;2.32;-2.78;-10.21;4.65;0;0;65.95;26.97;82.01;28.97;1.41;-0.52;990.51;312.94
16/01/2005;30.54;24.12;27.07;971.62;79.34;0;181.87;94.77;NA;NA;NA;NA;3.38;69.76;-7.56;3.85;-1.62;-8.56;5.33;0;10.01;67.62;27.27;79.34;28.52;2.38;2.6;989.79;210.39
17/01/2005;31.74;25.07;27.02;971.38;76.23;14.66;NA;NA;NA;NA;NA;NA;2.63;64.56;-7.51;6.66;-0.41;-9.37;7.43;14.66;14.26;70.41;28.08;76.23;NA;2.34;29.51;989.53;110.13
18/01/2005;28.63;23.69;NA;973.53;90.61;83.12;NA;NA;NA;NA;NA;NA;NA;NA;3.88;3.28;NA;5.72;-1.27;83.12;28.84;144.41;25.27;90.61;NA;1.88;8.03;990.85;168.37
19/01/2005;29.69;24.01;NA;973.23;85.59;0;NA;NA;NA;NA;NA;NA;NA;NA;-10.24;0.36;NA;-8.18;1.64;0;28.73;107.9;26.57;85.59;NA;1.24;23.04;990.53;63.61
20/01/2005;29.66;23.98;26.22;973;86.01;0;156.78;78.09;NA;NA;NA;NA;2;-81.63;-7.2;4.95;-1.01;-9.82;6.69;0;25.91;128.62;26.41;86.01;NA;1.17;-12.76;991.09;110.09
21/01/2005;25.04;23.2;21.86;975.48;93.32;22.1;74;56.6;NA;NA;NA;NA;NA;NA;-7.04;5.89;NA;-5.18;8.61;22.1;11.69;104.82;24.06;93.32;27.95;1.66;-14.71;993.06;107.01
22/01/2005;29.18;23.76;NA;976.43;84.38;0;NA;NA;NA;NA;NA;NA;NA;NA;NA;11.98;NA;NA;10.58;0;8.72;122.66;26.1;84.38;NA;2.27;64.81;993.82;182.56
23/01/2005;29.5;24.31;NA;976.44;83.71;0;NA;NA;NA;NA;NA;NA;NA;NA;NA;NA;NA;NA;NA;0;7.72;96.84;26.02;83.71;28.06;1.78;-3.4;994.06;197.13
24/01/2005;26.32;23.44;NA;975.73;92.96;0;NA;NA;NA;NA;NA;NA;NA;NA;NA;NA;NA;NA;NA;0;7.66;149.83;24.32;92.96;28.27;1.54;9.04;993.79;230.08
25/01/2005;28.51;23.78;24.96;974.85;84.61;1.52;127.64;86.56;NA;NA;NA;NA;1.12;-70.17;NA;NA;NA;NA;NA;1.52;12.98;131.56;26.11;84.61;28.46;1.38;15.21;992.73;253.02
26/01/2005;28.01;23.13;24.78;975.13;89.16;2.47;192.63;80.39;NA;NA;NA;NA;1.67;-89.37;NA;NA;NA;NA;NA;2.47;33.29;98.27;25.01;89.16;28.18;1.64;16.85;993.38;42.26
27/01/2005;29.67;23.65;25.49;975.08;87.22;5.9;218.27;60.86;NA;NA;NA;NA;2.31;81.82;NA;NA;NA;NA;NA;5.9;9.18;98;25.77;87.22;NA;2.27;32.3;992.87;64.51
28/01/2005;29.85;23.64;25.12;973.87;83.61;1.53;166.04;88.34;NA;NA;NA;NA;1.74;85.34;NA;NA;NA;NA;NA;1.53;21.55;92.37;26.36;83.61;28.52;1.94;44.35;991.77;57.63
29/01/2005;27.29;23.52;24.83;971.93;92.27;0;154.11;97.78;NA;NA;NA;NA;2.59;77.87;NA;NA;NA;NA;NA;0;13.43;84.05;24.89;92.27;NA;1.48;1.85;990.55;141.42
30/01/2005;28;23.49;24.56;971.71;89.24;13.96;129.41;97.58;NA;NA;NA;NA;NA;NA;NA;NA;NA;NA;NA;13.96;0.31;92.15;25.28;89.24;NA;1.89;24.68;990.02;216.84
31/01/2005;27.87;23.54;23.2;972.56;90.02;15.74;87.4;78.33;NA;NA;NA;NA;NA;NA;NA;NA;NA;NA;NA;15.74;2.36;139.67;25.42;90.02;NA;1.62;4.49;990.52;238.53
01/02/2005;29.17;23.29;24.44;971.94;85.62;0.25;147.46;101.53;NA;NA;NA;NA;NA;NA;-3.52;10.11;NA;0.42;11.62;0.25;5.14;95.84;25.72;85.62;28.13;1.75;22.87;989.97;216.36
02/02/2005;29.41;23.19;24.71;972.02;86.88;0.89;160.92;96.48;NA;NA;NA;NA;2.31;-86.44;-9.3;7.82;-1.13;-11.43;9.17;0.89;24.36;93.44;25.79;86.88;28.63;1.81;41.04;990.36;201.91
03/02/2005;25.83;23.32;21.66;975.41;93.55;20.72;29.57;29.07;NA;NA;NA;NA;NA;NA;NA;5.23;NA;NA;6.92;20.72;21.09;82.39;24.24;93.55;28.31;1.5;-39.87;993.08;146.19
04/02/2005;27.35;22.48;23.38;976.39;89.56;13.98;126.54;91.95;NA;NA;NA;NA;NA;NA;-13.64;9.42;NA;-13.29;12.32;13.98;10.89;109.34;24.68;89.56;27.79;1.66;-3.02;994.16;157.55
05/02/2005;27.49;23.48;22.79;976.21;87.67;6.86;63.67;61.11;NA;NA;NA;NA;2.38;80.88;-0.77;6.67;3.17;-3.01;9.36;6.86;1.3;89.96;25.28;87.67;28.18;1.84;23.49;994.11;211.14
06/02/2005;30.63;23.61;24.72;974.38;82.28;0.13;156.57;102.97;NA;NA;NA;NA;1.94;87.83;-4.74;3.78;-0.2;-7.31;6.91;0.13;1.92;124.56;26.4;82.28;28.13;2.07;-3.34;992.46;231.38
07/02/2005;29.91;23.74;24.88;973.08;83.54;2.15;155.84;92.73;NA;NA;NA;NA;2.85;70.15;-6.22;8.08;0.45;-7.25;8.15;2.15;0;70.58;26.5;83.54;28.74;2.05;2.6;991.35;321.85
08/02/2005;28.02;24.7;25.43;972.44;84.31;4.32;139.83;92.46;NA;NA;NA;NA;2.95;71.46;-1.92;4.01;1.02;-5.46;7.5;4.32;0;73.93;26.32;84.31;28.84;2.37;43.89;990.89;292.82
09/02/2005;28.61;24.67;24.85;972.54;84.75;2.04;137.83;91.7;NA;NA;NA;NA;3.41;72.98;-7.32;12.24;1.49;-8.77;11.74;2.04;0;73.02;26.35;84.75;NA;2.41;13.8;990.66;313.26
10/02/2005;29.64;24.15;25.07;972.45;81.47;0;181.01;85.8;NA;NA;NA;NA;2.93;78.2;-8.48;8.24;0.1;-9.97;10.17;0;0;83.24;26.71;81.47;28.36;1.92;-9.55;990.51;274.57
11/02/2005;29.76;24.09;26.5;972.85;84.32;0;219.78;51.49;NA;NA;NA;NA;2.21;84.43;-5.34;3.77;-0.1;-7.44;7.24;0;0;86.37;26.46;84.32;NA;1.78;3.82;991.2;278.73
12/02/2005;28.94;23.5;24.58;973.66;88.08;39.69;107.66;73.5;NA;NA;NA;NA;NA;NA;-9.77;2.02;NA;-9.05;5.43;39.69;5.1;151.71;25.49;88.08;28.53;0.94;5.17;992.39;252.87
13/02/2005;27.94;23.26;NA;975.13;90.67;16.71;NA;NA;NA;NA;NA;NA;NA;NA;NA;11.23;NA;NA;4.9;16.71;5.11;79.47;24.69;90.67;28.09;1.53;-14.49;993.37;245.54
14/02/2005;27.2;23.13;NA;975.09;91.44;0;NA;NA;NA;NA;NA;NA;NA;NA;NA;NA;NA;NA;NA;0;2.99;102.19;24.71;91.44;NA;1;19.93;993.08;255.91
15/02/2005;28.31;23.2;NA;973.47;88.99;0;NA;NA;NA;NA;NA;NA;NA;NA;-4.22;1.51;NA;-1.07;4.66;0;0.83;153.6;25.2;88.99;28.43;1.14;14.32;991.27;265.53
16/02/2005;28.59;23.4;NA;972.49;88.25;0;NA;NA;NA;NA;NA;NA;NA;NA;-14.67;11.25;NA;-15.73;7.62;0;1.37;78.75;25.5;88.25;28.66;1.7;36.95;990.56;266.65
17/02/2005;27.25;23.85;NA;974.33;91.31;0;NA;NA;NA;NA;NA;NA;NA;NA;NA;NA;NA;NA;NA;0;0.42;72.08;24.99;91.31;28.81;1.61;9.1;992.28;297.92
18/02/2005;29.68;23.58;NA;975.05;85.34;2.03;NA;NA;NA;NA;NA;NA;NA;NA;-1.59;4.13;NA;-0.08;8.62;2.03;1.21;104.67;26.01;85.34;28.58;2.03;9.45;992.54;294.81
19/02/2005;29.98;24.57;NA;974.08;84.4;0;NA;NA;NA;NA;NA;NA;NA;NA;4.76;12.56;NA;1.81;9.98;0;4.65;82.29;26.64;84.4;NA;1.75;44.95;992.3;237.46
20/02/2005;28.48;23.8;NA;973.96;87.16;0;NA;NA;NA;NA;NA;NA;NA;NA;NA;NA;NA;NA;NA;0;0.61;84.22;25.94;87.16;29.07;1.35;24.16;992.43;260.5
21/02/2005;27.33;23.37;NA;974.7;92.85;0.51;NA;NA;NA;NA;NA;NA;NA;NA;-11.34;-0.13;NA;-9.63;5.61;0.51;0;168.89;24.77;92.85;NA;0.99;30.29;992.76;310.75
22/02/2005;28.14;23.57;24.16;974.18;88.62;15.88;77.78;62.62;NA;NA;NA;NA;0.12;80.53;-0.42;4.47;2.07;-3.8;7.94;15.88;0;186.65;25.52;88.62;28.85;0.79;-6.61;992.67;324.14
23/02/2005;27.11;23.21;23.85;974.62;89.57;1.39;119.42;76.05;NA;NA;NA;NA;NA;NA;-11.61;5.38;NA;-10.86;9.6;1.39;0;72.91;25.02;89.57;28.35;1.23;8.14;993.42;255.11
24/02/2005;28.4;23.97;24.16;975.16;87.65;17.53;80.64;68.23;NA;NA;NA;NA;1.4;-72.47;-8.58;4.16;NA;-7.76;8.43;17.53;1.96;132.96;25.7;87.65;28.84;1.7;16.3;993.72;236.6
25/02/2005;28.7;23.65;NA;975.08;86.22;7.1;NA;NA;NA;NA;NA;NA;NA;NA;-0.18;11.66;NA;-5.52;10.63;7.1;4.16;96.33;25.91;86.22;28.61;1.66;32.11;993.47;211.97
26/02/2005;30.13;23.78;NA;974.39;83.58;0;NA;NA;NA;NA;NA;NA;NA;NA;NA;NA;NA;NA;NA;0;4.08;90.39;26.52;83.58;28.81;1.79;50.05;992.77;239.21
27/02/2005;28.98;23.99;NA;974.54;87.72;0;NA;NA;NA;NA;NA;NA;NA;NA;NA;NA;NA;NA;NA;0;4.31;98.23;26;87.72;NA;1.79;33.33;992.82;219.55
28/02/2005;28.19;24.07;NA;974.95;88.82;0;NA;NA;NA;NA;NA;NA;NA;NA;NA;NA;NA;NA;NA;0;19.37;145.11;25.7;88.82;NA;2.26;48.3;993.41;246.48
01/03/2005;28.94;23.96;NA;975.86;88.97;0;NA;NA;NA;NA;NA;NA;NA;NA;NA;NA;NA;NA;NA;0;2.48;142.92;25.73;88.97;NA;1.91;25.22;993.5;232.65
02/03/2005;27.38;23.88;NA;975.39;88.11;0;NA;NA;NA;NA;NA;NA;NA;NA;8.46;0.45;NA;12.11;3.41;0;4.13;99.51;25.73;88.11;NA;1.81;50.39;993.54;172.34
03/03/2005;29.66;24.27;26.45;975;84.24;0;NA;NA;NA;NA;NA;NA;2.6;73.36;-9.47;2.49;-3.44;-12.72;5.84;0;8.32;72.82;26.65;84.24;NA;1.32;-2.41;993.32;54.12
04/03/2005;29.31;23.84;25.5;975.38;90.02;0.25;NA;NA;NA;NA;NA;NA;3.36;81.93;-10.02;7.67;-1.55;-11.47;8.37;0.25;2.39;81.81;25.76;90.02;NA;1.96;56.84;993.84;153.79
05/03/2005;28.09;23.53;25.15;976.02;89.91;3.56;NA;NA;NA;NA;NA;NA;2.71;79.79;-9.22;6.91;-0.85;-10.69;9;3.56;1.4;80.84;25.35;89.91;28.97;2.2;-22.5;994.41;222.68
06/03/2005;29.72;23.58;26.11;975.52;87.49;0.76;NA;NA;NA;NA;NA;NA;2.55;65.99;-8.72;5.06;-2.01;-11.46;7.44;0.76;0.2;72.7;26.08;87.49;NA;1.71;19.23;993.79;217.94
07/03/2005;29.51;23.75;25.98;975.05;85.62;0;NA;NA;NA;NA;NA;NA;0.76;-22.03;-5.26;3.9;-1.17;-10.48;8.14;0;0;168.81;26.35;85.62;NA;0.97;5.29;993.33;235.31
08/03/2005;29.2;23.94;25.31;975.01;85.36;0.25;NA;NA;NA;NA;NA;NA;1.38;-82.92;-5.9;4.96;-0.46;-9.09;8.16;0.25;0.02;117.47;26.06;85.36;28.64;2.1;49.81;993.29;272.85
09/03/2005;28.75;23.56;24.34;974.9;88.38;5.33;NA;NA;NA;NA;NA;NA;NA;NA;-8.22;4.44;NA;-8.08;6.04;5.33;0.02;180.03;25.6;88.38;28.86;1.25;10.99;993.01;254.52
10/03/2005;28.48;23.55;24.03;974.63;86.79;1.77;NA;NA;NA;NA;NA;NA;2.12;-79.11;-7.54;4.75;-0.21;-8.81;8.38;1.77;0;96.38;25.72;86.79;28.53;1.61;44.79;992.65;265.25
11/03/2005;29.41;23.46;25.29;975.46;86.69;0.76;NA;NA;NA;NA;NA;NA;2.69;66.55;-4.88;5.13;-0.17;-6.23;6.75;0.76;0.28;66.53;26.03;86.69;NA;1.77;36.73;993.49;262.85
12/03/2005;26.03;23.27;23.44;976.19;92.82;21.1;NA;NA;NA;NA;NA;NA;1.47;76.04;-3.53;6;NA;-4.88;7.52;21.1;0.48;109.95;24.6;92.82;28.7;2.06;-26.5;994.02;257.82
13/03/2005;27.31;23.32;23.89;975.87;90.74;31.54;NA;NA;NA;NA;NA;NA;0.38;-68.81;-5.47;4.83;-0.64;-7.86;7.61;31.54;0;163.64;24.83;90.74;28.31;1.69;9.51;993.51;288.56
14/03/2005;26.64;22.87;23.63;975.5;90.35;39.07;NA;NA;NA;NA;NA;NA;NA;NA;-13;5.52;NA;-12.85;8.11;39.07;1.14;136.48;24.5;90.35;27.74;1.63;4.81;992.88;257.52
15/03/2005;26.88;23.25;24.38;974.29;90.84;12.46;NA;NA;NA;NA;NA;NA;NA;NA;-8.68;5.59;NA;-11.71;8.95;12.46;0.78;165.29;24.93;90.84;NA;1.47;7.48;992.28;204.08
16/03/2005;29.09;23.05;23.72;975.46;88.31;19.55;NA;NA;NA;NA;NA;NA;1.06;-73.92;-9.19;2.82;NA;-9.23;4.26;19.55;2.86;132.14;25.19;88.31;28.14;1.75;11.09;993.29;158
17/03/2005;28.84;23.14;24.24;976.01;87.23;0.51;NA;NA;NA;NA;NA;NA;0.31;84.82;-4.1;6.23;0.73;-5.69;7.15;0.51;10.9;131.75;25.27;87.23;27.91;1.8;-19.79;993.63;146.99
18/03/2005;28.65;22.98;23.86;976.85;87.42;3.81;NA;NA;NA;NA;NA;NA;0.59;64.2;-12.04;0.78;-2.89;-13.02;5.98;3.81;18.5;221.95;25.11;87.42;27.74;1.16;-3.14;994.13;141.82
19/03/2005;25.83;22.91;24.3;977.12;90.57;7.88;NA;NA;NA;NA;NA;NA;NA;NA;-10.22;3.42;-2.15;-11.79;6.28;7.88;3.87;159.64;24.28;90.57;27.46;1.69;28.59;994.76;218.56
20/03/2005;28.94;23.34;24.42;977.02;83.19;0;NA;NA;NA;NA;NA;NA;2.04;88.12;-9.97;5.35;-1.73;-12.17;8.71;0;5.49;93.66;25.91;83.19;27.62;1.94;1.85;993.91;215.66
21/03/2005;29.82;23.89;23.02;976.32;80.56;24.64;NA;NA;NA;NA;NA;NA;2.9;82.58;-5.44;11.15;NA;-6.56;10.12;24.64;4.7;81.89;26.02;80.56;26.88;2.46;-21.14;993.45;152.11
22/03/2005;27.21;22.78;NA;977.23;90.03;0;NA;NA;NA;NA;NA;NA;NA;NA;NA;7.14;NA;NA;9.32;0;11.18;129.04;24.51;90.03;27.65;2.09;54.63;994.96;95.33
23/03/2005;27.14;22.93;NA;NA;91.19;4.37;NA;NA;NA;NA;NA;NA;NA;NA;1.73;-0.22;NA;9.37;-0.6;4.37;9.3;145.49;24.32;91.19;27.71;1.27;-30.32;996.2;189.81
24/03/2005;28.67;23.25;24.43;977.73;86.96;1.71;NA;NA;NA;NA;NA;NA;NA;NA;-11.53;4.43;NA;-10.91;7.38;1.71;32.84;53.74;25.23;86.96;27.77;1.25;-25.46;995.52;159.72
25/03/2005;29.49;23.34;24.32;976.42;87.73;3.06;NA;NA;NA;NA;NA;NA;1.34;77.87;-5.07;5.45;0.24;-7.81;8.29;3.06;4.93;142.91;25.58;87.73;28.49;1.82;15.64;994.06;111.48
26/03/2005;28.98;22.82;25.11;975.34;82.5;13.98;NA;NA;NA;NA;NA;NA;NA;NA;-9.01;5.47;NA;-8.64;6.97;13.98;0.51;71.68;25.83;82.5;27.22;2;11.92;993.42;149.08
27/03/2005;29.07;23.63;25.46;974.87;84.34;1.39;NA;NA;NA;NA;NA;NA;2.57;63.7;-7.67;5.75;NA;-8.22;6.01;1.39;1.31;78.11;26.08;84.34;NA;2.18;10.22;993.08;180.15
28/03/2005;28.54;23.07;24.77;975.11;86.22;5.58;NA;NA;NA;NA;NA;NA;3.24;54.2;-8.68;6.48;NA;-8.04;4.73;5.58;1.98;54.01;25.56;86.22;28.02;2.06;60.05;993.24;187.33
29/03/2005;29.84;23.47;24.09;975.1;81.6;3.68;NA;NA;NA;NA;NA;NA;NA;NA;-6.15;6.1;NA;-6.75;7.67;3.68;0.23;88.37;26.18;81.6;27.51;2.78;27.77;992.86;230.18
30/03/2005;26.93;23.25;24.19;975.69;90.57;9.9;NA;NA;NA;NA;NA;NA;NA;NA;-12.76;8.22;NA;-13.51;9.41;9.9;0.7;126.53;24.97;90.57;28.53;2.09;14.59;993.88;237.89
31/03/2005;28.43;23.21;22.63;976.85;91.7;20.07;NA;NA;NA;NA;NA;NA;0.51;23.33;-5.63;6.59;NA;-5.12;8.48;20.07;0.43;204.13;24.77;91.7;NA;1.73;9.74;993.95;210.25
01/04/2005;28.35;23.44;24.75;975.79;87.98;0;NA;NA;NA;NA;NA;NA;1.3;85.17;-9.48;8.96;1.14;-9.43;10.4;0;0.17;123.87;25.23;87.98;28.16;2.09;16.19;993.46;229.26
02/04/2005;29.16;23.48;25;976.04;85.4;11.93;NA;NA;NA;NA;NA;NA;2.44;-87.92;-12.96;5.92;NA;-12.36;7.22;11.93;0.08;92.59;25.88;85.4;28.37;2.21;48.56;993.8;231.12
03/04/2005;29.32;23.55;24.36;976.4;85.93;15.5;NA;NA;NA;NA;NA;NA;1.74;81.93;-5.25;9.07;1.4;-6.15;8.94;15.5;0;135.28;25.89;85.93;28.47;2.32;47.86;994.29;226.64
04/04/2005;30.23;24.04;24.92;975.66;85.4;0.5;NA;NA;NA;NA;NA;NA;2.79;85.47;-8.17;8.15;0.73;-9.37;10.82;0.5;9.26;83.91;26.36;85.4;NA;1.8;27.52;993.87;204
05/04/2005;28.37;23.59;25.22;975.25;88.76;2.04;NA;NA;NA;NA;NA;NA;3.01;60.75;-6.46;11.13;1.77;-7.79;11.33;2.04;7.37;60.65;25.37;88.76;28.58;2.21;69.75;993.98;72.61
06/04/2005;28.11;23.16;24.24;975.43;86.4;5.84;NA;NA;NA;NA;NA;NA;2.72;79.71;-9.89;10.06;0.1;-10.17;10.37;5.84;2.7;82.51;25.39;86.4;27.89;2.24;2.55;993.84;143.67
07/04/2005;28.58;23.83;25.13;975.14;88.12;0;NA;NA;NA;NA;NA;NA;2.15;67.76;-7.92;6.58;-0.09;-8.46;8.28;0;0.19;96.32;25.42;88.12;28.47;1.66;56.29;993.26;230.58
08/04/2005;28.38;23.41;24.39;974.68;84.91;3.04;NA;NA;NA;NA;NA;NA;2.03;69.56;-1.59;7.44;NA;-7.23;7.1;3.04;0.36;95.93;25.89;84.91;28.23;1.75;57.75;993.2;234.68
09/04/2005;29.08;23.12;24.83;974.7;86.47;0;NA;NA;NA;NA;NA;NA;3.45;83.63;-9.94;8.69;NA;NA;NA;0;0.12;85.88;25.56;86.47;28.21;2.28;30.76;993.09;210.32
10/04/2005;29.81;23.52;24;974.28;84.18;0.51;NA;NA;NA;NA;NA;NA;1.37;89.89;-4.11;4.13;NA;NA;NA;0.51;0;112.69;25.81;84.18;27.8;2.41;25.63;992.1;243.08
11/04/2005;29.3;23.93;24.81;973.59;83.38;12.96;NA;NA;NA;NA;NA;NA;NA;NA;-5.99;5.12;NA;NA;NA;12.96;0;101.7;26.11;83.38;28.03;1.89;48.12;991.68;242.47
12/04/2005;28.03;23.95;NA;975.02;89.81;7.62;NA;NA;NA;NA;NA;NA;NA;NA;NA;6.39;NA;NA;NA;7.62;0.23;121.36;25.21;89.81;NA;2.4;52.49;992.76;245.54
13/04/2005;28.46;23.92;NA;974.91;86.81;0;NA;NA;NA;NA;NA;NA;NA;NA;NA;NA;NA;NA;NA;0;0.38;106.77;25.86;86.81;NA;1.75;-5.98;992.78;236.33
14/04/2005;28.45;23.97;NA;974.9;85.32;0;NA;NA;NA;NA;NA;NA;NA;NA;0.41;5.69;NA;NA;NA;0;0;75.59;26.1;85.32;28.76;2.22;48.94;992.8;233.02
15/04/2005;29.05;23.94;24.7;974.47;85.65;1.28;NA;NA;NA;NA;NA;NA;NA;NA;-4.84;7.95;NA;NA;NA;1.28;0;72.33;26.01;85.65;28.58;1.78;65.98;992.99;227.74
16/04/2005;29.29;24.33;24.79;974.92;86.09;24.39;NA;NA;NA;NA;NA;NA;2.14;83.65;-10.34;10.51;NA;NA;NA;24.39;0.38;135.51;25.96;86.09;28.74;2.13;70.51;993.41;203.18
17/04/2005;27.39;23.59;24.52;975.02;89.48;0.5;NA;NA;NA;NA;NA;NA;2;85.42;-9.58;5.62;NA;NA;NA;0.5;2.51;119.56;25.2;89.48;28.62;1.97;36.53;993.53;150.55
18/04/2005;28.32;23.37;NA;974.31;88.72;1.01;NA;NA;NA;NA;NA;NA;NA;NA;8;2.26;NA;NA;NA;1.01;0.12;89.79;25.31;88.72;NA;1.89;0.36;992.54;182.33
19/04/2005;29.61;23.88;23.49;975.11;86.23;0.76;NA;NA;NA;NA;NA;NA;1.55;-62.35;-2.61;3.29;NA;NA;NA;0.76;0.06;125.21;25.88;86.23;28.61;1.14;-10.19;992.54;201.05
20/04/2005;28.17;23.66;24.5;975.69;88.52;0.25;NA;NA;NA;NA;NA;NA;NA;NA;-7.01;4.71;NA;NA;NA;0.25;0;105.5;25.68;88.52;29.04;1.02;-30.37;993.16;213.42
21/04/2005;29.86;23.95;24.81;974.15;85.49;3.56;NA;NA;NA;NA;NA;NA;2.57;-86.81;-7.15;6.22;NA;-8.23;6.13;3.56;5.58;91.66;26.11;85.49;28.77;1.97;-7.66;992.61;180.4
22/04/2005;28.46;24;25.61;973.77;87.83;0;NA;NA;NA;NA;NA;NA;NA;NA;-8.2;6.1;-0.51;-9.69;7.52;0;0.21;72.44;25.8;87.83;29.05;2.44;45.67;992.46;184.96
23/04/2005;27.8;23.88;24.9;974.5;91.31;32.75;NA;NA;NA;NA;NA;NA;NA;NA;-6.49;2.34;NA;-7;5.67;32.75;5.37;153.96;25.29;91.31;NA;1.21;13.17;993.38;186.24
24/04/2005;26.28;23.56;22.41;976.36;93.1;57.67;NA;NA;NA;NA;NA;NA;NA;NA;-2.64;4.46;NA;-2.13;7.96;57.67;0.04;143.86;24.44;93.1;28.5;1.45;4.01;994.21;190.06
25/04/2005;30.18;23.72;24.89;975.46;84.11;0;NA;NA;NA;NA;NA;NA;NA;NA;-10;8.21;NA;-9.98;9.09;0;8.02;100.17;26.48;84.11;28.75;1.79;36;993.42;166.12
26/04/2005;28.16;23.87;25.54;975.48;88.4;7.37;NA;NA;NA;NA;NA;NA;1.76;-87.16;-5.13;5.13;0.36;-7.2;7.92;7.37;9.25;128.48;25.51;88.4;28.82;1.2;15.69;993.99;20.75
27/04/2005;28.4;23.56;24.53;975.88;88.99;19.35;NA;NA;NA;NA;NA;NA;NA;NA;-2.34;2.22;NA;-7.09;5.49;19.35;0.52;284.12;25.47;88.99;28.9;1.05;14.16;994.33;136.01
28/04/2005;25.94;23.12;22.79;976.77;95.11;31.42;NA;NA;NA;NA;NA;NA;NA;NA;-8.99;4.96;NA;-8.46;4.43;31.42;2.15;163.33;23.91;95.11;NA;1.08;-24.88;995.15;92.05
29/04/2005;26.62;22.83;24.04;977.45;91.03;0;NA;NA;NA;NA;NA;NA;2.03;-83.82;-8.84;6.88;NA;-9.76;8.56;0;1.19;101.19;24.42;91.03;27.8;1.31;-32.37;995.62;128.87
30/04/2005;28.73;23.11;23.72;978.11;89.28;4.08;NA;NA;NA;NA;NA;NA;0.12;18.64;-0.99;2.86;0.46;-4.02;4.94;4.08;16;197.25;25.29;89.28;NA;1;-27.89;996.07;87.92
01/05/2005;25.81;23.14;23.53;NA;94.94;16.25;NA;NA;NA;NA;NA;NA;0.05;84.06;-12.03;4.41;NA;-10.88;7.25;16.25;0.73;185.73;23.85;94.94;NA;0.82;6.48;996.48;114.29
02/05/2005;28.62;22.92;23.98;977.41;89.62;12.71;NA;NA;NA;NA;NA;NA;0.83;17.35;-1.85;2.31;0.7;-5.39;6.02;12.71;0.52;221.2;25.07;89.62;NA;0.88;-15.43;995.62;144.85
03/05/2005;27.7;23.04;23.27;977.32;90.64;20.32;NA;NA;NA;NA;NA;NA;NA;NA;-9.8;3.17;NA;-8.87;4.2;20.32;0;170.75;24.85;90.64;NA;1.44;8.41;995.24;168.62
04/05/2005;28.41;23.01;23.89;977.21;88.72;2.53;NA;NA;NA;NA;NA;NA;1.34;-54.07;-3.16;8.29;1.88;-5.24;9;2.53;0;148.32;25.11;88.72;28.22;1.41;-32.27;995.27;218.53
05/05/2005;27.71;23.14;24.04;976.74;89.18;10.67;NA;NA;NA;NA;NA;NA;2.3;89.07;-7.81;6.09;-0.69;-8.93;7.55;10.67;0;87.7;24.96;89.18;28.11;1.8;-15.36;995.07;208.16
06/05/2005;27.7;23.12;23.53;976.37;92.26;11.42;NA;NA;NA;NA;NA;NA;1.48;88.74;-5.01;5.97;0.6;-5.26;7.62;11.42;0;94.73;24.33;92.26;28.01;1.28;-19.11;994.91;217.44
07/05/2005;28.89;23.14;24.12;975.8;88.15;0.25;NA;NA;NA;NA;NA;NA;1.3;-68.34;-7.31;5.84;NA;-8.3;7.65;0.25;0;153.24;25.14;88.15;27.98;1.32;-12.34;994.25;199.48
08/05/2005;28.91;23.26;24.63;975.63;88.81;2.53;NA;NA;NA;NA;NA;NA;2.07;60.31;-9.81;9.41;-1;-10.66;8.67;2.53;0.01;78.89;25.51;88.81;NA;1.36;40.03;994.2;196.23
09/05/2005;28.43;23.43;24.18;975.9;88.01;0;NA;NA;NA;NA;NA;NA;2.5;-86.39;-4.31;7.24;2.32;-5.35;9.04;0;0.09;97.02;25.26;88.01;28.24;1.78;-44.21;994.22;167.31
10/05/2005;28.83;23.49;24.48;975.22;82.21;0.76;NA;NA;NA;NA;NA;NA;3.05;76.96;-4.88;6.46;1.33;-6.4;9.06;0.76;0;74.41;26.06;82.21;27.58;2.47;23.36;993.51;152.91
11/05/2005;29.75;24.12;24.77;974.67;82.84;7.88;NA;NA;NA;NA;NA;NA;NA;NA;-7.92;3.02;NA;-8.78;6.53;7.88;0;80.63;26.25;82.84;28.15;2.36;59.55;992.93;211.92
12/05/2005;29.56;24.09;25.47;974.03;84.42;0;NA;NA;NA;NA;NA;NA;2.57;87.25;-4.76;2.82;-1.25;-8.65;6.16;0;0;89.12;26.12;84.42;28.47;2.85;0.39;992.39;189.39
13/05/2005;28.98;23.85;NA;973.54;85.52;3.06;NA;NA;NA;NA;NA;NA;NA;NA;-0.95;8.06;NA;-3.22;5.86;3.06;0;101.78;26.01;85.52;NA;2.61;28.15;991.81;191.89
14/05/2005;29.62;24.28;NA;972.19;82.76;0;NA;NA;NA;NA;NA;NA;NA;NA;-4.2;5.3;NA;-2.02;8.54;0;0;150.73;26.69;82.76;28.83;2.43;68.38;990.78;207.01
15/05/2005;28.37;24.58;25.08;971.95;85.58;0.5;NA;NA;NA;NA;NA;NA;NA;NA;-6.29;5.04;NA;-7.48;8.04;0.5;0;90.11;26.06;85.58;28.78;2.66;30.83;990.83;208
16/05/2005;27.91;24.22;24.75;972.6;85.84;0;NA;NA;NA;NA;NA;NA;NA;NA;-3.11;7.12;1.88;-4.51;8.27;0;0;70.22;25.97;85.84;28.73;2.13;51.78;991.55;205.74
17/05/2005;29.25;24.42;24.35;973.45;88.38;1.52;NA;NA;NA;NA;NA;NA;NA;NA;-3.74;1.31;-1.24;-7.42;4.94;1.52;0;195.82;26.14;88.38;NA;1.48;16.18;991.98;202.22
18/05/2005;29.57;23.53;24.87;973.02;87.75;0;NA;NA;NA;NA;NA;NA;NA;NA;-4.04;7.28;1.27;-5.02;7.56;0;0;212.86;25.85;87.75;NA;1.06;21.02;991.72;188.74
19/05/2005;28.55;23.31;24.71;973.24;87.18;6.85;NA;NA;NA;NA;NA;NA;0.58;81.53;-6.73;6.87;-0.14;-7.4;8.15;6.85;0;196.62;25.82;87.18;28.79;1.06;23.99;991.87;188.01
20/05/2005;27.18;24.26;23.37;974.92;92.24;62.6;NA;NA;NA;NA;NA;NA;NA;NA;-9.4;6.32;NA;-10.66;8.41;62.6;0.05;109.39;25.29;92.24;NA;1.53;62.21;992.97;178.82
21/05/2005;26.42;23.86;22.29;976.99;91.17;33.38;NA;NA;NA;NA;NA;NA;NA;NA;-7.12;4.53;NA;-7.1;7.72;33.38;2.45;140.71;25.02;91.17;28.89;1.66;52.5;994.07;173.28
22/05/2005;28.17;23.39;22.96;976.64;88.68;3.3;NA;NA;NA;NA;NA;NA;2.09;65.52;NA;NA;NA;NA;NA;3.3;14.35;83.68;25.18;88.68;28.26;1.37;40.71;993.91;24.74
23/05/2005;28.77;23.59;24.74;974.89;83.47;1.28;NA;NA;NA;NA;NA;NA;2.42;88.15;NA;NA;NA;NA;NA;1.28;3.06;86.54;25.87;83.47;27.66;2.34;57.24;992.63;41.97
24/05/2005;28.82;23.77;24.36;974.67;84.28;1.26;NA;NA;NA;NA;NA;NA;2.73;-86.16;NA;NA;NA;NA;NA;1.26;1.62;90.59;25.92;84.28;28.09;2.3;-2.26;992.52;107.09
25/05/2005;28.04;23.44;24.46;976.3;88.6;9.9;NA;NA;NA;NA;NA;NA;2.66;77.73;NA;NA;NA;NA;NA;9.9;21.39;78.3;25.09;88.6;28.07;2.4;33.2;994.23;42.84
26/05/2005;27.09;23.32;NA;977.5;88.84;0.25;NA;NA;NA;NA;NA;NA;NA;NA;-5.76;4.75;NA;-3.97;7.08;0.25;0.39;89.66;25.11;88.84;NA;2.49;-47.37;995.33;145.52
27/05/2005;29.04;23.56;24.55;977.06;84.29;0;NA;NA;NA;NA;NA;NA;3.13;-85.55;-9.18;6.34;-1.36;-9.86;7.14;0;0;94.86;25.77;84.29;27.81;2.5;-71.68;994.81;179.73
28/05/2005;28.63;23.5;24.62;975.93;87.26;11.69;NA;NA;NA;NA;NA;NA;2.9;83.63;-5.5;2.75;-1.14;-8.65;5.43;11.69;0;83.73;25.47;87.26;28.25;1.95;11.01;994.14;189.48
29/05/2005;28.25;22.86;24.08;975.67;88.44;2.55;NA;NA;NA;NA;NA;NA;2.41;-88.37;-4.98;4.78;-0.23;-7.58;7.11;2.55;0;91.76;24.97;88.44;27.91;1.93;-21.06;994.05;186.74
30/05/2005;27.11;22.59;23.43;976.61;87.99;2.28;NA;NA;NA;NA;NA;NA;2.96;66.34;-8.19;8.81;NA;-8.46;9.51;2.28;0.18;65.94;24.61;87.99;27.18;2.42;36.9;994.72;174.38
31/05/2005;28.81;23.46;24.4;976.27;87.17;0;NA;NA;NA;NA;NA;NA;NA;NA;-6;5.35;-0.14;-8.65;8.37;0;0;93.67;25.27;87.17;27.97;1.73;49.18;994.49;175.7
01/06/2005;28.36;23.43;23.89;976.52;84.5;0.76;NA;NA;NA;NA;NA;NA;NA;NA;-6;6.47;0.58;-7.32;8.47;0.76;0.01;69.46;25.46;84.5;27.4;2.52;47.81;994.49;131.85
02/06/2005;28.84;22.83;24.16;975.87;85.96;11.67;NA;NA;NA;NA;NA;NA;2.18;-84.25;-4.37;3.87;-0.34;-6.83;6.14;11.67;0.23;99.57;25.21;85.96;27.49;1.67;-21.24;993.91;148.63
03/06/2005;28.6;23.87;24.42;975.21;85.51;8.15;NA;NA;NA;NA;NA;NA;2.88;-87.9;-2;4.09;1.48;-3.78;6.08;8.15;0;92.84;25.71;85.51;28.18;2.02;11.39;993.3;183.9
04/06/2005;29.29;23.74;25.32;975.49;84.53;0;NA;NA;NA;NA;NA;NA;3;88.87;-4.69;5.04;0.54;-5.82;6.9;0;0;85.08;25.97;84.53;28.22;2.18;4.61;993.5;177.11
05/06/2005;29.81;24.36;26.08;975.43;79.62;0;NA;NA;NA;NA;NA;NA;3.11;-65.98;-3.64;2.49;-0.56;-6.86;5.73;0;0;113.54;26.62;79.62;27.64;2.23;2.3;993.44;184.03
06/06/2005;29.27;23.99;25.82;975.38;83.18;0.51;NA;NA;NA;NA;NA;NA;2.14;-52.01;-6.6;1.43;-2.38;-9.56;4.8;0.51;0;116.6;26.2;83.18;28.16;1.64;28.55;993.45;177.76
07/06/2005;28.45;23.93;24.62;974.95;87.05;0.76;NA;NA;NA;NA;NA;NA;2.14;-86.19;-3.48;3.82;-0.47;-7.65;6.71;0.76;0;98.58;25.62;87.05;NA;2.17;51.8;993.19;159.63
08/06/2005;29.7;23.99;24.88;975.96;85.73;0;NA;NA;NA;NA;NA;NA;2.71;77.42;-2.03;5.26;1.41;-3.89;6.71;0;0;78.83;25.71;85.73;28.16;1.95;53.1;993.84;176.35
09/06/2005;29.79;24.28;24.93;976.25;83.29;8.88;NA;NA;NA;NA;NA;NA;2.88;73.42;-5.02;4.88;0.25;-6.7;7.2;8.88;0;72.2;26.41;83.29;28.45;2.51;65.07;994.17;174.57
10/06/2005;28.84;24.31;24.95;975.58;83.83;0.25;NA;NA;NA;NA;NA;NA;3;71.18;-5.24;6.19;0.49;-7.6;8.58;0.25;0;68.01;26.21;83.83;NA;2.96;57.33;993.79;181.71
11/06/2005;29.42;24.48;25.04;975.16;83.9;0;NA;NA;NA;NA;NA;NA;NA;NA;-6.74;2.63;-2.01;-8.7;4.67;0;0;75.47;26.48;83.9;NA;2.16;60.83;993.44;158.22
12/06/2005;29.67;24.65;26.09;975.25;83.35;0;NA;NA;NA;NA;NA;NA;2.19;-84.53;-5.12;1.57;-1.5;-7.64;4.63;0;0;111.73;26.79;83.35;NA;1.85;47.18;993.38;177.14
13/06/2005;30.3;24.28;25.7;975.16;80.28;0;NA;NA;NA;NA;NA;NA;2.26;61.57;-5.05;2.79;-1.41;-7.51;4.69;0;0;60.42;27.01;80.28;28.41;2.19;40.08;993.4;177.76
14/06/2005;30;24.68;25.07;975.86;81.86;2.8;NA;NA;NA;NA;NA;NA;2.77;77.07;-2.87;3.64;0.59;-4.95;6.13;2.8;0;73.92;26.65;81.86;28.46;3.08;72.67;993.89;169.06
15/06/2005;29.67;24.49;25.28;976.7;82.08;3.3;NA;NA;139.25;NA;NA;-2.21;3.29;82.03;-2.93;5.59;0.64;-5.35;6.63;3.3;0;81.43;26.67;82.08;NA;2.62;70;994.29;178.84
16/06/2005;29.42;24.31;24.98;977.19;83.98;11.68;NA;NA;90.06;9.39;87.66;-3.2;2.62;68.31;-3.46;2.36;0.13;-6.48;6.75;11.68;0;68.56;26.19;83.98;28.41;1.82;2.65;994.9;172.7
17/06/2005;29.35;23.58;25.72;976.96;83.78;0.25;NA;NA;120.53;17.03;105.87;-2.59;1.53;-89.74;-2.32;2.44;-0.33;-4.92;4.25;0.25;0;117.57;26.27;83.78;28.42;1.51;5.33;994.73;169.9
18/06/2005;29.8;24.01;25.45;976.13;83.09;7.63;NA;NA;101.78;17.47;86.15;-2.96;2.32;84.36;-2.93;2.58;0.04;-5.99;6.07;7.63;0.47;97.85;26.38;83.09;28.4;2.27;70.31;994.08;161.45
19/06/2005;29.73;24.38;25.91;975.45;83.06;0;NA;NA;152;NA;NA;-1.96;3.29;81.94;-4.15;4.12;0.09;-6.96;7.13;0;0.04;83.08;26.55;83.06;NA;2.58;67.77;993.36;135.05
20/06/2005;29.54;24.52;24.89;976.21;83.98;0;NA;NA;133.49;NA;NA;-2.33;3.48;72.28;-6.11;4.76;-1;-8.93;6.94;0;7.05;72.6;26.21;83.98;NA;2.97;40.59;993.83;79.8
21/06/2005;30.06;24.09;25.8;977.03;81.11;0;NA;NA;139.7;23.62;117.45;-2.21;2.55;74.35;-3.58;2.47;-0.22;-5.76;5.33;0;7.74;75.12;26.54;81.11;27.9;2.07;43.9;994.83;22.12
22/06/2005;29.77;22.91;NA;977.08;81.52;0;NA;NA;153.43;36.62;118.63;-1.93;NA;NA;-2.18;0.84;NA;-8.72;2.06;0;0.39;66.4;26.43;81.52;27.78;1.24;-12.88;995.1;54.04
23/06/2005;28.1;22.9;NA;977.49;87.5;4.32;NA;NA;91.79;NA;NA;-3.16;NA;NA;NA;NA;NA;NA;NA;4.32;0;73.01;25.1;87.5;27.79;1.98;-15.29;996.33;147.27
24/06/2005;28.1;22.82;NA;977.89;88.15;16.52;NA;NA;101.55;3.15;91.12;-2.97;NA;NA;-5.67;0.05;NA;-4.42;3.77;16.52;0;96.4;24.82;88.15;27.55;2.2;-35.34;996.04;171.34
25/06/2005;28.8;23.07;25.26;976.81;86.34;0;NA;NA;124.2;22.73;105.85;-2.52;1.71;77.97;-4.08;2.19;-1.17;-7.03;4.68;0;0.01;77.75;25.24;86.34;27.59;1.48;-32.99;995.02;146.18
26/06/2005;27.87;23.47;24.82;976.24;88.4;1.26;NA;NA;123.91;27.88;102.62;-2.52;2.14;74.41;-7.47;2.85;-1.93;-9.24;5.37;1.26;0;92.61;25.02;88.4;27.99;1.88;-16.44;994.46;174.74
27/06/2005;27.63;23.05;24.07;976.72;89.5;1.01;NA;NA;81.59;12.7;76.8;-3.37;1.85;66.6;-3.83;0.71;-1.43;-6.69;3.84;1.01;0;74.97;24.69;89.5;27.78;1.74;67.17;994.51;153.41
28/06/2005;29.21;23.11;25.06;976.56;80.49;0;NA;NA;148.52;31.14;116.9;-2.03;3.03;81.54;-4.46;4.02;-0.53;-7.59;6.54;0;0.6;82.54;26;80.49;26.81;2.67;0.22;994.27;135.03
29/06/2005;29.59;24.09;25.89;975.59;80.86;0;NA;NA;157.27;NA;NA;-1.85;2.78;-83.78;-4.56;4.47;0.26;-6.8;6.44;0;0;109.25;26.57;80.86;NA;2.39;37.15;993.58;146.75
30/06/2005;29.83;23.94;26.65;976.24;82.47;0;NA;NA;133.39;NA;NA;-2.33;2.37;-73.22;-5.67;3.36;NA;-10.05;4.71;0;0.31;108.35;26.57;82.47;NA;1.59;41.24;994.18;143
01/07/2005;29.68;24.31;26.23;976.78;79.99;0;NA;NA;155.44;44.35;115.19;-1.89;1.87;-78.84;-4.8;1.08;-1.23;-6.99;4.53;0;0.12;104.75;26.43;79.99;27.45;2.09;49.05;994.65;138.4
02/07/2005;27.42;23.3;24.13;978.34;86.48;0;NA;NA;134.89;42.05;100.93;-2.3;1.91;-72.2;-7.7;7.93;-0.57;-9.49;8.34;0;0;137.75;25.09;86.48;27.47;1.43;17.52;996.23;176.68
03/07/2005;28.72;22.28;24.58;978.44;82.37;0;NA;NA;133.51;30.78;103.38;-2.33;1.43;-46.2;-6.43;1.25;-2.44;-8.91;4.03;0;0;139.04;25.54;82.37;26.69;1.12;17.84;995.81;184.21
04/07/2005;30.12;23.11;25.32;977.76;81.36;11.43;NA;NA;121.39;23.66;111.28;-2.57;0.44;-86.48;-3.51;0.66;NA;-6.22;2.91;11.43;0;189.41;26.42;81.36;27.85;1.12;36.84;995.07;184.17
05/07/2005;28.34;23.97;24.84;978.25;84.83;2.55;NA;NA;114.39;13.24;104.48;-2.71;2.55;56.87;-2.8;4.01;0.18;-5.49;5.85;2.55;0.43;60.93;25.89;84.83;28.28;2.56;50.24;996.19;150.88
06/07/2005;28.53;22.64;24.99;978.1;83.93;0;NA;NA;135.72;31.29;101.59;-2.29;1.57;-88.67;-6.27;3.83;-0.7;-7.73;6.34;0;5.37;119.41;25.59;83.93;27.4;1.92;35.61;996.84;43.13
07/07/2005;29.28;24.22;26.19;978.06;84.49;0;NA;NA;160.19;42.64;128.96;-1.8;1.14;-67.82;-5.83;1;-3.05;-9.28;2.4;0;4.22;131.6;26.36;84.49;28.85;1.29;15.36;996.73;30.42
08/07/2005;29.14;23.95;26.34;978.38;84.87;0;NA;NA;147.09;27.59;94.21;-2.06;0.69;58.21;-4.38;0.18;-1.6;-6.21;3.01;0;0.2;158;26.05;84.87;28.34;1.08;-7.09;996.97;101.38
09/07/2005;27.98;23.4;24.1;978.62;89.26;10.41;NA;NA;79.45;NA;NA;-3.41;0.59;25.24;-4.47;2.65;-0.95;-7.39;4.68;10.41;0;188.58;25;89.26;NA;1.17;18.92;996.87;129.72
10/07/2005;26.86;22.02;22.61;978.9;89.38;33.52;NA;NA;119.19;35.13;83.22;-2.62;1.3;88.09;-7.9;6.25;NA;-9.37;6.44;33.52;0.03;127.58;24.09;89.38;26.78;1.5;17.31;996.89;130.2
11/07/2005;27.93;23.19;24.05;978.88;88.37;0.25;NA;NA;90.26;13.14;84.54;-3.2;2.09;61.67;-4.58;3.49;-0.62;-6.86;5.61;0.25;0.03;62.93;24.53;88.37;27.13;1.29;17.6;996.93;148.35
12/07/2005;28.66;23.4;25;978.1;86.53;0;NA;NA;138.89;44.76;98.23;-2.22;0.89;85.69;-3.92;4.06;0.06;-6.08;6.2;0;0;134.22;25.26;86.53;27.75;1.25;3.62;996.16;162.18
13/07/2005;28.77;23.63;25.66;977.03;84.94;0;NA;NA;107.61;33.94;86.43;-2.85;0.64;49.15;-6.76;0.11;-2.82;-8.88;3.24;0;0;215.83;25.88;84.94;28.21;0.84;-1.88;994.77;185.48
14/07/2005;27.7;22.94;25.61;976.01;86.16;0;NA;NA;117.5;24.43;101.97;-2.65;0.98;65.6;-4.5;2.29;-1.44;-7.32;4.44;0;0;94.89;25.39;86.16;27.87;2.05;41.58;994.3;186
15/07/2005;29.55;23.68;25.8;975.87;79.33;0;NA;NA;132.08;21.28;114.31;-2.36;3;82.78;-4.82;5.67;0.42;-6.49;7.34;0;0;82.52;26.37;79.33;26.98;2.65;64.76;993.54;189.94
16/07/2005;30.29;23.47;25.85;976.1;74.8;0;NA;NA;161.15;34.09;132.91;-1.78;3.02;-84.99;-6.24;1.94;-2.15;-9.03;4.73;0;0;95.06;26.82;74.8;26.03;2.74;70.76;993.41;187.8
17/07/2005;30.35;24;25.87;976.56;80.1;1.28;NA;NA;114.39;16.29;99.62;-2.71;2.33;77.8;-3.7;1.63;-0.88;-6.27;4.51;1.28;0.01;85.45;26.66;80.1;27.87;2.24;46.72;994.01;173.59
18/07/2005;30.76;23.76;26.32;976.16;77.91;0;NA;NA;140.98;25.95;122.48;-2.18;3.25;69.02;-3.58;5.46;0.89;-6.48;7.33;0;11.68;69.86;26.91;77.91;27.35;2.24;43.36;993.75;55.24
19/07/2005;30.86;23.84;26.29;976.17;72.93;0;NA;NA;159.86;30.65;137.92;-1.8;3.36;65.16;-3.73;3.34;-0.42;-5.85;5.02;0;12.16;64.31;27.12;72.93;25.83;2.54;42.69;993.92;27.62
20/07/2005;30.48;24.02;25.56;976.24;77.83;0;NA;NA;145.96;28.96;122.65;-2.08;2.82;80.53;-4.03;3.14;-0.24;-6.52;6.04;0;1.87;80.57;26.73;77.83;27.09;2.13;35.97;994;55.19
21/07/2005;29.74;24.48;26.09;976.62;80.15;0;NA;NA;122.36;27.02;110.71;-2.55;1.31;59.22;-4.54;0.51;-2.35;-7.3;2.6;0;0.33;117.19;26.71;80.15;27.89;2.05;21.63;994.56;167.6
22/07/2005;29.1;22.97;24.45;977.59;84.36;9.78;NA;NA;98.89;23.68;75.22;-3.02;0.57;-24.69;-2.76;1.37;-0.22;-3.66;2.79;9.78;0;182.76;25.72;84.36;27.76;1.41;-31.82;995.92;187.65
23/07/2005;28.26;22.4;24.79;977.63;86.85;0.63;NA;NA;137.38;33.75;84.3;-2.25;0.39;48.07;-6.88;1.21;NA;-7.84;2.98;0.63;0;217.72;25.19;86.85;27.58;0.89;7.4;996.08;180.01
24/07/2005;29.65;23.5;26.73;978.22;81.42;0;NA;NA;173.88;24.58;113.99;-1.52;2.13;84.1;-4.55;0.62;NA;-7.73;1.86;0;0.12;93.54;26.59;81.42;28.02;1.26;11.52;995.77;180.68
25/07/2005;30.09;24.2;27.08;977.88;78.78;0;NA;NA;136.86;16.28;122.78;-2.26;1.31;84.81;-3.69;0.32;NA;-7.37;2.76;0;2.57;125.21;27.16;78.78;28.12;1.51;3.32;996.21;132.7
26/07/2005;30.74;24.01;26.4;978.42;76.87;0;NA;NA;153.58;32.7;124.51;-1.93;2.81;86.12;-4.98;2.16;-1.57;-7.67;4.52;0;0.06;84.92;27.05;76.87;27.22;2.46;30.24;995.89;141.65
27/07/2005;30.63;24.86;26.52;977.64;80.32;0;NA;NA;142.88;36.77;116.24;-2.14;1.61;73.14;-3.79;1.71;-0.88;-5.86;4.1;0;0.32;118.11;27.02;80.32;28.56;2.03;42.95;995.48;83.35
28/07/2005;29.78;24.65;26.28;977.78;81.08;0;NA;NA;148.36;NA;NA;-2.03;2.42;60.79;-5.56;1.42;-2.35;-8.12;3.41;0;0.05;70.67;27.04;81.08;NA;2.67;53.3;995.83;179.95
29/07/2005;30.49;24.78;NA;NA;80.09;0;NA;NA;NA;NA;NA;NA;NA;NA;11.33;7.42;NA;3.27;8.83;0;0;77.49;26.88;80.09;28.23;2.87;40.29;995.33;194.97
30/07/2005;31.06;24.82;NA;NA;77.16;NA;NA;NA;NA;NA;NA;NA;NA;NA;NA;NA;NA;NA;NA;0;0;123.11;27.15;77.16;27.53;2.49;57.71;994.58;203.6
31/07/2005;31.59;23.94;NA;NA;70.29;NA;NA;NA;NA;NA;NA;NA;NA;NA;NA;NA;NA;NA;NA;0;0;142.56;27.68;70.29;25.59;2.54;50.74;993.81;205.19
01/08/2005;31.04;23.97;NA;NA;73.83;NA;NA;NA;NA;NA;NA;NA;NA;NA;NA;NA;NA;NA;NA;0;0;108.47;27.43;73.83;26.73;2.4;44.59;994.54;210.51
02/08/2005;30.66;24.82;NA;NA;77.41;NA;NA;NA;NA;NA;NA;NA;NA;NA;NA;NA;NA;NA;NA;0;0;85.37;27.49;77.41;28.27;2.38;39.36;994.11;213.54
03/08/2005;30.76;24.92;NA;NA;76.03;NA;NA;NA;NA;NA;NA;NA;NA;NA;NA;NA;NA;NA;NA;0;0;78.53;27.83;76.03;28.25;1.98;31.6;993.96;213.54
04/08/2005;31.14;24.61;NA;NA;71.16;NA;NA;NA;NA;NA;NA;NA;NA;NA;NA;NA;NA;NA;NA;0;0;148.3;27.94;71.16;26.5;2.23;66.38;994.02;215.01
05/08/2005;32.03;24.76;NA;NA;69.39;NA;NA;NA;NA;NA;NA;NA;NA;NA;NA;NA;NA;NA;NA;0;0;97.5;28.4;69.39;26.42;2.09;35.5;993.9;216.96
06/08/2005;32.9;24.63;NA;NA;67.86;NA;NA;NA;NA;NA;NA;NA;NA;NA;NA;NA;NA;NA;NA;0;0;96.07;28.48;67.86;25.91;2.24;9.33;993.73;217.04
07/08/2005;31.25;25.34;NA;NA;73.77;NA;NA;NA;NA;NA;NA;NA;NA;NA;NA;NA;NA;NA;NA;0;0.01;72.66;28.15;73.77;27.89;1.78;15.88;994.28;212.66
08/08/2005;32.25;25.75;NA;NA;71.18;NA;NA;NA;NA;NA;NA;NA;NA;NA;NA;NA;NA;NA;NA;0;0.44;137.03;28.63;71.18;27.55;1.95;44.09;994.34;166.05
09/08/2005;30.19;25.33;NA;NA;78.21;NA;NA;NA;NA;NA;NA;NA;NA;NA;NA;NA;NA;NA;NA;0;1.46;79.57;27.56;78.21;28.57;1.72;17.94;995.5;156.46
10/08/2005;29.73;23.57;NA;NA;81.43;NA;NA;NA;NA;NA;NA;NA;NA;NA;NA;NA;NA;NA;NA;0;1.28;63.28;26.6;81.43;28.2;1.72;5.99;996.05;192.31
11/08/2005;29.19;23.09;NA;NA;84.82;NA;NA;NA;NA;NA;NA;NA;NA;NA;NA;NA;NA;NA;NA;0;0;73.37;25.62;84.82;27.73;0.9;-4.73;996.4;224.17
12/08/2005;27.87;22.93;NA;NA;88.62;NA;NA;NA;NA;NA;NA;NA;NA;NA;NA;NA;NA;NA;NA;0;0.03;81.79;25.16;88.62;NA;1.43;22.1;995.56;214.62
13/08/2005;29.71;23.47;NA;NA;84.57;NA;NA;NA;NA;NA;NA;NA;NA;NA;NA;NA;NA;NA;NA;0;0.05;85.6;26.13;84.57;28.49;1.8;14.1;994.17;190.12
14/08/2005;28.74;23.7;NA;NA;85.24;NA;NA;NA;NA;NA;NA;NA;NA;NA;NA;NA;NA;NA;NA;0;0;89.4;25.88;85.24;28.35;1.9;16.55;994.17;201.59
15/08/2005;29.83;24.64;NA;NA;84.55;NA;NA;NA;NA;NA;NA;NA;NA;NA;NA;NA;NA;NA;NA;0;0;95.61;26.62;84.55;NA;2.14;30.88;994.79;206.54
16/08/2005;29.56;24.15;NA;NA;82.07;NA;NA;NA;NA;NA;NA;NA;NA;NA;NA;NA;NA;NA;NA;0;0.04;124.99;26.58;82.07;28.42;2.64;60.96;994.28;214.31
17/08/2005;30.38;24.89;NA;NA;80.8;NA;NA;NA;NA;NA;NA;NA;NA;NA;NA;NA;NA;NA;NA;0;0.03;82.74;26.72;80.8;28.24;2.82;21.41;993.5;203.88
18/08/2005;28.91;23.79;NA;NA;82.89;NA;NA;NA;NA;NA;NA;NA;NA;NA;NA;NA;NA;NA;NA;0;0.1;115.7;26.32;82.89;28.3;2.56;49.67;994.51;208.86
19/08/2005;30.43;24.8;NA;NA;81.89;0;NA;NA;NA;NA;NA;NA;NA;NA;NA;2.68;NA;NA;5.83;0;0.05;74.34;27.01;81.89;NA;2.15;35.87;995.2;159.31
20/08/2005;30.37;24.58;26.34;976.44;81.22;0;NA;NA;138.65;36.27;111.49;-2.23;1.08;35.05;-6.94;1.47;-2.8;-10.24;4.65;0;0;130.95;26.87;81.22;28.57;1.74;-5.78;995.14;195.17
21/08/2005;29.89;24.39;NA;976.44;81.82;0;NA;NA;NA;NA;NA;NA;NA;NA;-6.07;0.08;NA;-10.18;1.88;0;0;122.55;26.96;81.82;NA;1.2;-34.6;993.41;226.06
22/08/2005;30.24;24.21;NA;976.44;81.5;0;NA;NA;NA;NA;NA;NA;NA;NA;NA;NA;NA;NA;NA;0;0;100.14;26.65;81.5;28.15;1.96;19.7;992.63;239.91
23/08/2005;31.12;24.37;NA;976.44;73.47;0;NA;NA;174.13;NA;NA;-1.52;NA;NA;NA;NA;NA;NA;NA;0;0;88.59;27.72;73.47;27.1;2.81;55.41;992.93;244.23
24/08/2005;31.56;24.84;NA;976.44;69.96;0;NA;NA;130.45;39.47;93.04;-2.39;NA;NA;-9.33;3.29;NA;-8.57;6.29;0;0.04;108.82;27.93;69.96;26.16;2.72;61.45;993.84;225.55
25/08/2005;31.87;25.38;25.97;976.44;69.97;0;NA;NA;153.53;36.02;119.92;-1.93;1.7;53.94;-7.09;4.52;-1.48;-8.93;5.97;0;0.46;116.32;28.24;69.97;26.6;2.38;53.05;993.42;104.58
26/08/2005;31.38;25.28;26.53;976.55;76.22;0;NA;NA;139.96;NA;NA;-2.2;2.35;48.24;-5.8;3.03;-0.75;-8.05;5.63;0;0.41;79.18;27.85;76.22;NA;2.38;51.16;993.36;158.64
27/08/2005;31.08;25.31;26.9;976.39;74.22;0;NA;NA;172.21;42.79;136.44;-1.56;2.78;66.53;-6.51;3.52;NA;-9.09;4.87;0;0.16;67.89;28.04;74.22;27.89;2.38;25.82;992.74;184.45
28/08/2005;31.23;25.43;26.25;975.8;73;0;NA;NA;162.92;40.88;126.41;-1.74;3.71;61.3;-6.26;6.94;0.23;-7.4;7.86;0;0;60.38;27.92;73;27.32;3.21;46.87;992.37;235.99
29/08/2005;31.44;25.21;25.52;976.31;70.47;0.25;NA;NA;114.73;24.4;100.22;-2.71;3.73;69.01;-8.08;6.68;-0.74;-9.28;7.8;0.25;0;69.07;28.05;70.47;26.58;3.68;56.5;992.41;251.06
30/08/2005;31.59;24.82;25.77;976.96;66.54;0;NA;NA;167.3;37.94;129.28;-1.65;3.46;67.84;-6.96;5.73;-0.06;-8.3;8.17;0;0;67.51;28.07;66.54;25.09;3.13;61.09;992.65;236.88
31/08/2005;31.52;25;26.46;975.69;71.07;0;NA;NA;146.96;36.54;113.38;-2.06;1.71;56.33;-7.13;2.89;-2.07;-8.82;3.85;0;0;123.63;28.13;71.07;NA;1.96;20.05;992.01;208.08
01/09/2005;32.25;25.62;26.49;975.37;69.24;0;NA;NA;160.74;36.76;125.1;-1.78;2.97;74.66;-8.65;3.74;-2.26;-10.82;6.3;0;1.55;75.34;28.6;69.24;26.88;2.76;60.54;992.01;205.64
02/09/2005;32.5;25.58;25.95;976.54;66.64;0;NA;NA;135.96;24.25;114.51;-2.28;3.05;67.05;-8;5.11;-1.49;-9.49;6.51;0;15.21;67.08;28.62;66.64;25.85;2.97;54.97;992.78;134.74
03/09/2005;32.12;25.47;26.38;976.66;66.71;0;NA;NA;175.98;42.69;136.73;-1.48;2.59;64.6;-6.76;2.88;-1.94;-8.83;4.96;0;1.43;80.57;28.56;66.71;25.76;2.21;29.8;993.12;165.51
04/09/2005;32.23;25.67;26.23;977.1;66.77;0;NA;NA;149.16;28.96;120.26;-2.02;2.79;59.69;-6.08;2.65;-1.68;-8.01;4.65;0;2.3;67.23;28.31;66.77;25.41;2.24;12.57;993.39;245.91
05/09/2005;31.61;25.5;24.96;977.05;73.62;0.25;NA;NA;117.92;21.28;93.44;-2.64;2.7;90;-4.68;3.92;-0.82;-7.51;5.87;0.25;6.26;114.17;27.74;73.62;27.09;2.37;16.41;993.34;219.07
06/09/2005;30.62;23.92;24.73;977.18;79.84;1.52;NA;NA;139.17;31.55;99.73;-2.22;2.16;-71.75;-10.36;4.23;-2.13;-11.75;7.5;1.52;7.01;115.68;26.77;79.84;27.91;2.22;-7.85;993.58;140.94
07/09/2005;31.64;25.16;25.57;977.36;71.47;7.88;NA;NA;142.77;26.86;112.62;-2.14;2.92;78.81;-7.11;4.31;-1.89;-9.11;5.33;7.88;4.16;80.57;27.94;71.47;26.57;2.3;29.68;993.73;52.37
08/09/2005;32.28;25.72;26.08;977.2;68.11;0;NA;NA;168.86;34.92;134.16;-1.62;3.55;67.6;-5.33;6.33;0.34;-7.55;8.22;0;0.89;68;28.52;68.11;26.33;3.19;49.62;993.37;67.64
09/09/2005;31.99;25.65;25.94;977.38;66.53;0;NA;NA;145.33;37.17;113.06;-2.09;3.42;64.08;-8.76;7.87;-0.31;-9.4;8.78;0;0.17;65.19;28.59;66.53;25.78;3.19;52.92;993.48;192.88
10/09/2005;32.42;25.58;26.25;977.6;64.46;0;NA;NA;181.49;44.18;135.84;-1.37;3.2;58.34;-6.13;5.36;-0.39;-7.61;6.83;0;0;58.14;28.74;64.46;25.24;2.92;32.81;993.63;268.71
11/09/2005;32.65;25.53;26.2;977.55;63.32;0;NA;NA;146.49;30.47;120.22;-2.07;3.18;72.61;-8.85;4.83;-2.45;-10.63;5.74;0;0;73;29.05;63.32;25.1;2.85;54.63;993.67;271.6
12/09/2005;34.31;25.05;26.09;977.71;56.81;0;NA;NA;139.67;25.39;113.85;-2.21;3.18;69.97;-9.92;3.97;-2.9;-11.49;5.7;0;6.74;69.44;29.16;56.81;22.38;2.97;54.61;994.21;143.73
13/09/2005;33.55;25.25;26.45;977.44;59.43;0;NA;NA;166.98;41.81;124.12;-1.66;2.17;61.85;-9.46;3.05;-2.85;-10.53;4.83;0;2.89;102.28;29.21;59.43;23.73;2.12;47.92;993.7;48.99
14/09/2005;32.99;25.71;26.91;977.71;67.27;3.3;NA;NA;142.95;NA;NA;-2.14;0.61;3.96;-8.19;2.11;-3.47;-10.28;3.63;3.3;2.18;180.23;28.82;67.27;26.25;1.55;26.6;994.25;39.85
15/09/2005;30.97;24.89;24.69;NA;76.73;1.01;NA;NA;153.8;39.33;108.24;-1.92;0.92;-4.2;-9.47;5.44;-2.47;-10.62;7.3;1.01;2.94;183.5;27.57;76.73;27.98;1.25;-4.16;995.42;235.26
16/09/2005;30.94;23.85;26.33;NA;79.56;0;NA;NA;132.02;30.14;101.66;-2.36;0.64;65.86;-7.1;2.62;-2.23;-10.5;5.02;0;3.31;141.64;27.15;79.56;28.33;1.36;-3.83;995.06;203.62
17/09/2005;30.24;24.8;26.03;977.26;80.01;1.01;NA;NA;119.25;26.76;95.69;-2.62;0.77;14.88;-5.93;1.63;-2.32;-8.8;4.17;1.01;0.9;163.98;27.35;80.01;NA;1.11;-2.54;993.62;113.58
18/09/2005;31.68;24.1;26.69;977;76.33;0;NA;NA;169.51;38.37;129;-1.61;2.76;61.37;-3.29;2.28;-0.14;-7.31;6.14;0;7.59;61.65;27.79;76.33;NA;1.31;40.72;993.23;144.94
19/09/2005;33.42;26.11;26.85;976.75;66.63;0;NA;NA;155.42;27.73;119.38;-1.89;3.21;72.2;-8.32;3.88;NA;-12.24;6.52;0;2.18;72.61;29.46;66.63;26.97;2.64;57.33;992.72;220.56
20/09/2005;33.28;26.28;27.15;976.73;66.44;0;NA;NA;159.01;32.77;127.31;-1.82;2.99;59.62;-7.76;2.76;NA;-11.52;4.39;0;0.8;60.18;29.36;66.44;26.91;2.66;53.46;992.61;253.32
21/09/2005;32.93;26.16;26.59;976.14;67.11;0;NA;NA;130.99;28.41;98.35;-2.38;1.84;52.42;-9.23;5.51;-1.97;-10.38;6.44;0;0.15;100.22;29.05;67.11;26.7;3.1;56.3;991.98;204.23
22/09/2005;33.33;25.88;26.85;975.32;62.68;0;NA;NA;187.32;53.62;139.58;-1.25;2.14;65.36;-8.54;3.11;NA;-12.06;5.68;0;1.39;105.54;29.47;62.68;25.31;2.9;45.59;990.97;196.67
23/09/2005;33.4;25.93;26.92;976.16;57.37;0;NA;NA;151.35;32.6;121.13;-1.97;3.17;65.63;-9.16;4.05;NA;-11.09;5.15;0;1.97;61.37;29.6;57.37;23.44;3.29;55.47;991.41;192.26
24/09/2005;33.5;26.13;26.53;976.3;58.14;0;NA;NA;176.81;40.31;137.52;-1.46;2.48;74.7;-9.13;4.25;-2.23;-10.25;4.79;0;0.11;96.87;29.64;58.14;23.83;2.86;23.74;991.85;220.92
25/09/2005;33.33;26.36;26.91;976.31;57.37;0;NA;NA;187.5;40.14;148.06;-1.25;3.16;62.63;-11.16;2.94;NA;-13.64;4.69;0;28.86;64.5;29.65;57.37;23.42;2.77;30.79;991.99;85.34
26/09/2005;34;26.58;27.25;976.84;61.75;0;NA;NA;152.99;32.29;120.95;-1.94;3.72;64.92;-11.88;5.42;-2.88;-13.34;6.27;0;16.78;65.09;29.35;61.75;24.89;3.28;2;992.75;45.58
27/09/2005;32.83;25.7;26.3;977.44;68.2;0;NA;NA;164.36;42.32;125.16;-1.71;1.98;-84.86;-9.66;4.7;NA;-12.53;6.06;0;8.84;106.5;28.73;68.2;26.57;2.29;-16.95;993.39;46.45
28/09/2005;33.64;24.9;26.92;976.59;69.64;0;NA;NA;131.46;24.03;106.11;-2.37;2.44;61.55;-11.39;2.92;NA;-13.6;5.1;0;0.8;75.75;28.59;69.64;26.74;1.98;-20.66;992.87;128.55
29/09/2005;30.67;23.09;24.21;977.68;80.82;8.12;NA;NA;108.9;29.95;76.76;-2.82;0.68;3.69;-5.69;4;-0.72;-8.75;6.31;8.12;0;185.47;26.65;80.82;28.02;1.82;-24.44;993.81;251.46
30/09/2005;30.58;23.67;25.51;977.54;80.03;0;NA;NA;130.86;26.74;100.93;-2.38;1.08;-41.88;-8.88;4.19;-1.77;-10.34;6.8;0;0;169.44;27.14;80.03;NA;1.59;-20;993.72;286.06
01/10/2005;32.34;25.02;26.37;976.94;70.49;0;NA;NA;171.36;42.74;127.14;-1.57;1.39;-80.16;-8.69;3.67;-2.97;-10.81;4.88;0;0.49;147.4;28.31;70.49;26.79;1.95;12.32;992.71;266.8
02/10/2005;33.06;25.58;27.74;975.26;68.78;0;NA;NA;190.13;46.39;145.05;-1.2;2.69;79.39;-9.11;3.68;NA;-15.33;5.22;0;0.54;93.86;29.11;68.78;27.31;2.13;37.51;991.26;123.83
03/10/2005;33.14;26.69;26.53;974.79;66.49;1.01;NA;NA;126.54;27.14;104.74;-2.47;2.11;64.14;-6.34;3.39;NA;-8.44;5.73;1.01;0.01;98.89;29.52;66.49;27.15;2.62;17.66;990.93;200.41
04/10/2005;32.47;25.92;25.99;975.78;68.69;0.25;NA;NA;158.47;34.56;124.66;-1.83;2.34;70.1;-9.29;4.7;-2.59;-11.18;5.99;0.25;0;102.92;28.74;68.69;26.83;2.59;19.87;991.45;287.48
05/10/2005;32.55;25.98;26.72;976.47;65.26;0;NA;NA;157.71;37.46;121.6;-1.85;3.47;73.23;-10.61;3.24;NA;-14.74;5.8;0;2.44;73.24;29.01;65.26;25.9;3.08;27.54;991.86;188.2
06/10/2005;33.36;25.96;27.29;976.84;67.19;0;NA;NA;189.24;53.84;135.27;-1.22;2.5;72.96;-9;4.95;NA;-12.74;6;0;7.45;93.36;28.96;67.19;26.67;2.75;55.22;992.66;147.23
07/10/2005;32.35;25.96;26.35;976.97;70.92;0;NA;NA;141.37;32.54;115.98;-2.17;3.38;70.68;-12.29;3.47;-3.94;-13.07;5.18;0;3.52;72.03;28.42;70.92;27.26;2.95;20.65;993.08;170.74
08/10/2005;32.98;25.76;26.37;978.02;68.47;0;NA;NA;159.71;28.86;138.15;-1.81;3.07;65.05;-12.97;2.26;-5.71;-15.27;3.86;0;0.16;64.92;28.65;68.47;26.51;2.63;19.15;993.7;272
09/10/2005;32.51;24.43;27.2;NA;66.04;0;NA;NA;190.32;54.42;136.79;-1.19;1.53;39.93;-8.5;1.3;NA;-11.05;3.12;0;4.12;142.09;28.34;66.04;25.18;1.4;7.38;993.92;247.68
10/10/2005;32.22;24.91;25.75;976.85;71.38;0;NA;NA;128.41;NA;NA;-2.43;0.65;70.25;-8.25;2.23;-2.48;-9.13;3.33;0;2.29;157.69;28.14;71.38;26.94;1.66;-9.77;993.26;172.64
11/10/2005;27.62;23.32;22.05;977.34;89.65;11.17;NA;NA;27.45;NA;NA;-4.45;1.45;-82.61;-2.53;4.61;1.34;-2.98;5.66;11.17;0.09;118.81;24.82;89.65;28.03;1.35;18.43;994.03;254.59
12/10/2005;29.45;22.91;24.1;977.98;82.82;0;NA;NA;166.02;42.15;114.39;-1.68;1.31;-89.38;-10.93;5.4;-2.9;-11.85;6.05;0;0;126.14;26.05;82.82;27.72;1.81;41.44;993.05;294.91
13/10/2005;30.31;24.46;25.01;976.68;80.76;23.12;NA;NA;149.05;31.67;119.94;-2.02;2.35;86.61;-11.77;3.63;-4.28;-13.43;4.47;23.12;0;93.57;26.71;80.76;NA;2.15;1.85;992.07;321.22
14/10/2005;30.95;24.77;26.65;975.81;75.54;0;NA;NA;155.9;28.85;130.39;-1.88;3.13;69.15;-8.28;1.45;NA;-10.15;3.85;0;5.25;68.74;27.8;75.54;28;2.46;7.67;991.55;300.97
15/10/2005;31.67;25.47;27.2;975.08;76.76;0;NA;NA;176.28;35.54;145.15;-1.47;3.29;71.4;-13.32;3.2;NA;-16.36;5.6;0;4.1;72.64;27.61;76.76;NA;1.99;-39.69;991.44;175.63
16/10/2005;31.07;24.05;26.27;975.89;77.18;0;NA;NA;147.46;25.27;129.92;-2.05;2.78;69.6;-15.13;2.13;-7.15;-17.32;3.02;0;9.64;69.37;27.5;77.18;NA;2.19;5.69;991.63;263.17
17/10/2005;32;25.33;26.34;976.18;72.91;0;NA;NA;139.26;24.71;123.97;-2.21;2.19;69.63;-12.68;1.33;-5.77;-14.61;3.07;0;0.31;91.5;28.2;72.91;27.51;1.72;16.67;991.79;272.11
18/10/2005;31.75;25.89;26.42;976.5;70.04;0;NA;NA;154.92;27.51;134.84;-1.9;3.23;62.72;-14.91;1.35;-6.81;-16.18;2.56;0;14.24;62.88;28.42;70.04;26.95;2.98;52.46;992.04;120.46
19/10/2005;32.94;25.76;26.58;976.59;67.9;0;NA;NA;154.48;34.1;121.67;-1.91;2.39;71.17;-15.01;2.69;-5.45;-16.52;4.24;0;10.61;100.23;28.83;67.9;26.58;2.5;34.74;992.22;55.25
20/10/2005;32.67;26.14;27.24;975.69;68.1;0;NA;NA;172.92;41.36;134.63;-1.54;2.58;60.63;-7.61;4.69;-1.92;-9.07;5.22;0;1.82;76.64;29.03;68.1;27.06;2.33;15.48;991.62;154.11
21/10/2005;32.35;25.61;26.75;975.77;71.88;0;NA;NA;149.21;36.36;116.51;-2.02;2.65;65.5;-11.64;7.91;-1.99;-12.1;8.12;0;2.1;81.09;28.18;71.88;27.24;2.19;-29.47;991.94;274.1
22/10/2005;32.38;25.5;26.26;976.14;72.98;1.77;NA;NA;NA;NA;NA;NA;NA;NA;-10.5;6.71;-2.42;-11.5;7.97;1.77;4.22;65.62;27.85;72.98;27.08;1.99;3.54;991.82;133.97
23/10/2005;33.03;25.45;NA;976.37;65.6;0;NA;NA;NA;NA;NA;NA;NA;NA;NA;NA;NA;NA;NA;0;6.07;108.97;28.83;65.6;25.48;2.59;22.7;991.57;193.12
24/10/2005;33.14;24.73;NA;975.65;64.73;0;NA;NA;NA;NA;NA;NA;NA;NA;-1.54;4.86;NA;-0.36;5.93;0;7.24;82.76;28.86;64.73;25.26;2.81;-4.77;991.71;174.77
25/10/2005;32.34;25.98;27.11;975.67;65.78;0;NA;NA;174.22;52.25;124.7;-1.52;1.42;65.9;-9.78;2.36;NA;-11.59;4.54;0;2.11;145.42;29.03;65.78;26.12;2.31;26.27;991.75;255.09
26/10/2005;29.53;24.16;25.6;976.28;82.37;5.33;NA;NA;78.93;8.19;63;-3.42;0.67;16.65;-4.25;1.32;-1.31;-7.08;4.46;5.33;5.5;176.16;26.56;82.37;28.42;1.56;2.56;992.6;210.62
27/10/2005;32.04;24.13;26.16;975.76;76.47;0;NA;NA;172.91;38.2;124.64;-1.54;2.05;64.99;-5.02;3.81;-0.92;-8.44;6.6;0;8.46;92.95;27.56;76.47;27.82;1.93;7.15;991.97;173.94
28/10/2005;31.96;25.86;26.82;975.32;70.56;1.01;NA;NA;165.92;47.25;120.55;-1.68;2.55;65.44;-7.08;4.42;NA;-9.5;5.53;1.01;11.96;98.35;28.35;70.56;26.88;2.52;14.17;991.37;267.56
29/10/2005;32.82;26.15;27.06;975.43;64.99;0;NA;NA;186.31;50.46;138.19;-1.27;3.64;66.06;-9.19;4.96;NA;-11.14;6.62;0;9.79;66.35;29.08;64.99;25.86;2.96;26.52;991.45;131.74
30/10/2005;33.22;26.06;27.19;976.66;59.5;0;NA;NA;190.2;52.7;140.4;-1.2;3.61;67.46;-8.18;5.55;NA;-10.06;6.26;0;6.08;67.46;29.32;59.5;23.88;2.88;55.28;992.48;62.2
31/10/2005;34.25;25.74;NA;976.49;57.81;0;NA;NA;176.89;NA;NA;-1.46;NA;NA;-1.12;2.42;NA;-9.21;3.34;0;13.64;68.67;29.76;57.81;23.68;2.13;33.63;992.15;101.34
01/11/2005;32.91;26.58;NA;977.04;63.78;0;NA;NA;132.12;NA;NA;-2.36;NA;NA;NA;NA;NA;NA;NA;0;1.76;126.41;29.2;63.78;25.68;3.05;48.44;992.95;164.25
02/11/2005;33.51;26.84;NA;977.82;63.58;9.91;NA;NA;131.87;NA;NA;-2.36;NA;NA;0.12;1.51;NA;3.26;4.96;9.91;24.37;92.08;29.12;63.58;25.2;3.08;23.63;993.61;131.76
03/11/2005;33.46;25.75;27.02;977.38;62.14;0;NA;NA;180.37;39.25;144.85;-1.39;1.28;80.33;-8.19;1.58;-3.47;-10.28;3.33;0;2.97;144.54;29.02;62.14;24.58;2.28;22.82;993.63;190.35
04/11/2005;32.21;25.68;27.67;975.98;68.92;0;NA;NA;135.22;35.56;93.43;-2.3;0.39;75;-10.68;0.36;-4.8;-13.22;2.56;0;10.47;195.51;28.88;68.92;27.2;1.64;13.38;991.97;194.07
05/11/2005;30.66;24.56;24.71;975.44;80.36;0;NA;NA;60.54;14.56;46.16;-3.79;0.72;-71.93;-5.69;4.97;-0.35;-6.32;5.63;0;2.71;177.69;26.88;80.36;NA;2.1;21.03;991.82;266.31
06/11/2005;29.28;23.29;23.76;976.23;87.89;12.95;NA;NA;57.59;NA;NA;-3.85;1.06;-33.4;-4.47;3.58;-0.19;-5.05;4.68;12.95;0.74;146.37;25.55;87.89;NA;1.43;-8.1;992.24;267.8
07/11/2005;30.98;23.56;26.35;975.33;81.63;0;NA;NA;145.77;NA;NA;-2.08;0.82;78.9;-7.15;1.81;-2.06;-10.08;4.95;0;4.77;139.85;26.8;81.63;28.43;0.98;-27.15;991.82;208.05
08/11/2005;31.08;23.88;26.87;975.03;78.14;0.51;NA;NA;148.81;24.2;116.2;-2.02;0.91;-80.7;-7.83;1.93;-3.35;-11.17;4.47;0.51;3.81;143.67;27.62;78.14;NA;1.38;-4.55;991.37;113.79
09/11/2005;31.75;24.99;26.7;975.15;75.57;1.26;NA;NA;157.08;NA;NA;-1.86;2.32;87.76;-11.51;1.67;-4.99;-13.86;3.88;1.26;1.23;114.9;28.27;75.57;NA;0.86;18.18;991.23;110.5
10/11/2005;30.35;24.18;26.19;975.14;82.63;12.7;NA;NA;142.56;29.28;115.69;-2.15;2.17;73.57;-7.3;3.18;-2.03;-9.57;5.52;12.7;0.88;116.33;26.98;82.63;NA;1.33;-2.32;991.24;115.26
11/11/2005;31.36;24.2;26.7;974.57;72.72;0;NA;NA;145.79;27.96;118.18;-2.08;2.3;78.5;-8.46;2.92;-2.07;-10.28;5.12;0;0.71;104.69;27.96;72.72;26.91;1.54;-17.52;990.36;208.75
12/11/2005;31.37;25.82;27.2;973.89;73.17;0;NA;NA;169.15;35.1;132.54;-1.62;2.99;65.29;-9.41;6.54;-1.53;-10.22;7.15;0;1.06;76.36;27.96;73.17;27.43;1.9;-20.37;990.12;215.13
13/11/2005;31.21;24.87;26.87;974.2;78.59;0;NA;NA;150.76;31.24;119.95;-1.99;2.81;73.63;-10.26;6.19;-1.88;-12.01;8.25;0;0.59;79.41;27.63;78.59;NA;1.84;11.53;990.34;274.49
14/11/2005;31.9;25.25;27;973.89;72.53;0;NA;NA;154.26;28.1;124.16;-1.91;3.11;63.83;-11.75;3.75;-3.79;-13.46;5.88;0;0.43;64.42;28.04;72.53;27.08;2.09;1.24;989.98;271.83
15/11/2005;30.34;25.27;NA;NA;76.5;0;NA;NA;NA;NA;NA;NA;NA;NA;-8.48;4.01;NA;-8.74;3.85;0;0.41;76.99;27.57;76.5;28.03;1.72;-6.98;990.6;319.45
16/11/2005;30.57;24.05;NA;NA;77.08;6.36;NA;NA;NA;NA;NA;NA;NA;NA;-4.49;4.31;NA;NA;NA;6.36;0.27;123.44;27.19;77.08;27.54;2.88;-13.99;990.57;305.13
17/11/2005;32.13;24.46;26.36;973.14;72.21;0.25;NA;NA;87.52;22.82;73.28;-3.25;1.58;-62.75;-4.21;1.25;NA;-0.55;2.92;0.25;3.88;143.9;28.27;72.21;27.36;2.2;-10.39;989.22;251.35
18/11/2005;32.72;26.16;26.53;973.02;68.77;0.25;NA;NA;127.23;25.04;109.87;-2.46;2.22;-81.14;-2.7;3.28;NA;-11.38;6.09;0.25;3.15;122.03;28.93;68.77;27.16;2.24;9.47;989.25;236.88
19/11/2005;32.04;25.81;27;974.02;73.41;0;NA;NA;150.67;27.63;124.37;-1.99;3.02;74.96;-11.99;4.38;-3.43;-14.06;5.88;0;4.5;76.19;28.14;73.41;27.79;2.71;-18.57;990.61;287.62
20/11/2005;32.49;25.72;27.56;974.17;71.48;0;NA;NA;147.44;29.91;122.47;-2.05;3.4;63.29;-9.57;6.32;NA;-11.73;6.61;0;6.64;64.33;28.63;71.48;27.72;2.46;2.5;990.42;150.1
21/11/2005;31.98;25.67;26.61;973.54;74.6;20.26;NA;NA;157.35;38.02;125.85;-1.85;1.67;-85.02;-7.28;6.12;NA;-8.85;7.29;20.26;0.03;131.09;28.38;74.6;28.6;1.49;-14.34;990.2;307.09
22/11/2005;30.94;24.04;25.13;973.64;79.59;23.17;NA;NA;117.86;23.64;84.19;-2.64;NA;NA;-12.48;2.55;NA;-12.89;5.23;23.17;0;161.95;27.25;79.59;NA;1.08;11.52;989.92;312.54
23/11/2005;30.26;23.79;26.54;974.42;82.94;0;NA;NA;122.23;21.45;113.58;-2.56;2.45;71.86;-9.39;5.11;-1.77;-11.13;6.43;0;0.08;77.62;26.56;82.94;NA;1.36;-9.24;991.22;304.54
24/11/2005;31.96;24.77;26.94;975.46;76.81;0;NA;NA;163.23;32.55;137.08;-1.74;1.54;58.31;-7.79;1.27;-3.44;-11.36;4.47;0;5.82;128.26;28;76.81;NA;1.31;-12.9;991.37;282.89
25/11/2005;32.25;26.04;26.09;974.85;68.55;0;NA;NA;130.84;28.87;111.1;-2.38;2.63;87.75;-6.31;6.14;-0.21;-7.82;7.4;0;20.41;94.4;28.72;68.55;26.67;2.28;-6.27;990.85;152.13
26/11/2005;31.08;25.34;25.78;974.06;76.44;0;NA;NA;153.58;35.51;120.42;-1.93;1.71;-89.88;-7.93;6.41;-0.99;-9.86;7.87;0;5.01;106.14;27.49;76.44;27.87;1.48;-9.64;990.05;85.89
27/11/2005;27.97;24.23;24.84;973.9;85.42;0;NA;NA;141.5;42.24;100.39;-2.17;1.29;-79.59;-10.39;7.01;-1.76;-12.21;8.68;0;0.03;123.96;25.82;85.42;28.36;1.28;5.88;989.94;339.8
28/11/2005;30.91;24.63;NA;NA;77.5;0;NA;NA;NA;NA;NA;NA;NA;NA;-6.77;9.69;NA;-9.74;9.45;0;0;95.55;27.43;77.5;28.08;2.19;30.12;988.96;285.32
29/11/2005;31.78;24.17;NA;NA;76.05;0;NA;NA;NA;NA;NA;NA;NA;NA;NA;NA;NA;NA;NA;0;2.43;82.78;27.58;76.05;27.74;2.39;22.02;989.53;221.36
30/11/2005;30.27;24;NA;974.04;79.57;0;NA;NA;NA;NA;NA;NA;NA;NA;-7.63;0.88;NA;-5.06;3.55;0;8.19;148.64;27.02;79.57;28.15;2.21;-10.32;990.24;166.51
01/12/2005;30.3;24.81;25.8;972.98;80.5;0;NA;NA;113.05;22.52;89.29;-2.74;2.11;-65.75;-9.91;2.84;-2.12;-9.95;4.73;0;2.77;122.57;26.99;80.5;28.53;2.02;-24.52;990.1;130.63
02/12/2005;29.37;23.79;24.31;974.19;85.32;3.04;NA;NA;73.93;20.78;55.13;-3.52;1.8;-66.44;-6.33;2.91;NA;-8.75;5.52;3.04;17.39;126.17;26.13;85.32;28.73;1.33;-9.56;991;86.78
03/12/2005;28.95;23.6;24.87;975.15;86.03;7.87;NA;NA;102.87;19.2;72.83;-2.94;0.19;-9.71;-3.65;0.03;NA;-1.33;4.26;7.87;0.84;183.63;26.03;86.03;28.81;1.12;12.32;991.43;161.07
04/12/2005;28.39;22.94;22.85;975.8;87.42;65.28;NA;NA;43.74;7.14;33.75;-4.13;NA;NA;-9.19;1.11;NA;-6.21;3.99;65.28;0;168.16;25.25;87.42;28.02;1.47;16.16;991.84;331.62
05/12/2005;27.75;23.65;24.17;974.86;87.06;0.25;NA;NA;NA;NA;NA;NA;NA;NA;-2.78;2.92;0.36;-7.26;7.03;0.25;0.11;212.86;25.31;87.06;28;1.48;4.55;990.96;283.77
06/12/2005;28.38;23.28;25.37;973.52;86.69;0;NA;NA;136.81;27.39;112.02;-2.26;1.31;76.76;-7.98;2.98;-2.16;-10.45;6.12;0;20.85;123.2;25.51;86.69;28.19;1.4;10.44;989.95;148.92
07/12/2005;28.55;23.53;23.38;974.13;90.09;0.76;NA;NA;54.63;13.86;41.14;-3.91;0.1;-42.82;-5.72;1.79;-2.03;-7.28;3.97;0.76;2.42;206.01;25.11;90.09;28.56;1.74;19.09;989.84;130.21
08/12/2005;27.55;22.92;25.21;974.88;88.79;0.25;NA;NA;139.09;38.83;97.65;-2.22;0.82;-57.65;-6.05;0.98;-1.89;-9.35;5.58;0.25;0;143.11;25.28;88.79;28.42;0.95;-13.06;991.26;236.63
09/12/2005;28.72;23.21;24.37;975.44;89.29;14.47;NA;NA;60.84;NA;NA;-3.78;2.78;-81.89;1.17;7.63;NA;-1.35;7.12;14.47;0.21;103.2;25.15;89.29;28.46;1.66;-6.15;992.05;290.76
10/12/2005;29.49;23.92;24.73;975.33;83.14;0;NA;NA;109.24;21.35;87.92;-2.82;2.45;83.97;-9.81;5.37;-1.73;-10.77;7.32;0;9.69;94.14;26.47;83.14;28.52;2.19;43.61;991.09;223.14
11/12/2005;29.11;23.67;NA;NA;87.7;0;NA;NA;NA;NA;NA;NA;NA;NA;11.36;3.45;NA;-2.39;5.59;0;8.23;100.18;25.57;87.7;NA;1.83;24.01;990.47;135.51
12/12/2005;28.26;23.62;NA;NA;88.14;0;NA;NA;NA;NA;NA;NA;NA;NA;-16.44;0.71;NA;-14.93;2.54;0;3.98;79.51;25.42;88.14;28.53;1.48;35.39;990.96;130.89
13/12/2005;28.13;23.64;26.29;974.19;77.85;0;NA;NA;126.83;25.05;98.11;-2.46;0.54;-11.23;-4.55;0.55;-1.99;-7.6;3.62;0;8.51;189.09;25.77;77.85;25.65;1.57;35.75;990.74;191.22
14/12/2005;27.51;23.8;24.92;974.01;84.19;12.71;NA;NA;63.61;6.74;51.39;-3.73;0.27;51.27;0.87;1.5;1.75;-3.66;6.49;12.71;1.36;206.97;25.48;84.19;27.39;1.21;13.37;990.56;197.73
15/12/2005;28.69;23.09;23.98;974.53;83.05;12.45;NA;NA;71.34;NA;NA;-3.57;3.12;-86.1;-4.2;8.61;2.14;-5.1;8.48;12.45;0.88;102.66;25.74;83.05;27.37;2.5;48.7;990.26;208.95
16/12/2005;30.27;23.51;25.1;975.28;74.29;0;NA;NA;129.92;27.41;103.95;-2.4;2.93;75.27;-5.07;6.59;1.7;-5.44;7.94;0;4.97;75.93;26.76;74.29;25.88;2.13;6.74;990.71;301.72
17/12/2005;28.52;24.21;24.17;976.74;84.75;6.86;NA;NA;110.89;25.3;81.7;-2.78;1.83;-70.03;-8.3;9.23;0.14;-10.35;10.62;6.86;1.28;120.58;25.91;84.75;28.17;1.91;28.21;992.65;273.29
18/12/2005;26.53;22.98;22.72;977.75;90.63;1.52;NA;NA;85.52;23.61;60.02;-3.29;1.77;-46.85;-4.35;4.56;NA;-6.74;7.57;1.52;12.21;141.65;24.51;90.63;27.86;1.59;-42.51;993.53;177.4
19/12/2005;28.52;22.99;24.69;976.78;86.88;0;NA;NA;100.01;21.92;73.54;-3;1.19;-81.98;-8.6;5.33;-1.5;-10.36;7.37;0;11.37;139.8;25.16;86.88;27.67;1.58;-0.64;992.67;239.08
20/12/2005;26.25;22.98;23.03;977.61;92.14;43.94;NA;NA;41.34;NA;NA;-4.17;NA;NA;-0.82;3.43;NA;4.98;3.08;43.94;9.35;163.87;24.41;92.14;NA;1.63;31.19;993.35;285.1
21/12/2005;24.64;22.92;23.03;NA;93.87;12.44;NA;NA;62.49;6.94;49.08;-3.75;1.85;-84.75;-5.95;8.17;0.97;-7.39;9.34;12.44;18.03;132.83;23.68;93.87;27.49;1.47;18.71;994.19;137.99
22/12/2005;28.37;22.78;24.18;977.86;87.91;2.29;NA;NA;109.28;21.92;83.99;-2.81;1.6;87.58;-9.46;6.84;-0.61;-11.01;9.78;2.29;8.45;114.08;25;87.91;27.72;1.55;12.54;993.68;254.06
23/12/2005;26.44;23.17;24.35;977.31;92.24;15.5;NA;NA;112.4;17.48;85.68;-2.75;1.13;68.81;-6.54;6.43;NA;-6.46;6.42;15.5;0.7;130.05;24.32;92.24;NA;1.51;33.36;993.49;306.8
24/12/2005;25.16;22.61;23.08;977.77;94.12;29.97;NA;NA;61.82;NA;NA;-3.76;0.88;-38.32;-6;7.46;1.92;-6.91;9.64;29.97;9.34;168.53;23.69;94.12;27.56;0.81;-9.09;993.36;295.75
25/12/2005;27.87;22.34;24.34;977.06;87.42;0.25;NA;NA;139.78;31.77;104.12;-2.2;NA;NA;-7.31;10.05;NA;-9.01;11.7;0.25;5.97;94.19;24.89;87.42;27.37;0.95;-13.71;992.96;145.16
26/12/2005;28.4;22.73;25.28;975.97;87.15;1.01;NA;NA;92.62;12.32;81.21;-3.15;1.34;89.09;-5.45;6.57;0.93;-7.68;8.46;1.01;0.57;127.17;25.13;87.15;27.67;1.34;40.32;992.69;226.27
27/12/2005;24.33;23.15;21.87;977.45;94.58;94;NA;NA;32.79;NA;NA;-4.34;NA;NA;-1.3;11.33;NA;-1.58;10.53;94;0.95;169.94;23.51;94.58;27.41;0.96;11.61;992.9;284.99
28/12/2005;27.1;22.96;23.35;976.5;87.71;6.35;NA;NA;135.66;37.13;92.15;-2.29;NA;NA;-4.41;7.33;NA;-8.08;7.03;6.35;0.1;230.38;24.5;87.71;26.86;0.88;46.64;992.06;296.67
29/12/2005;25.59;22.65;21.06;976.69;93.14;39.88;NA;NA;26.67;NA;NA;-4.47;NA;NA;NA;6.88;NA;NA;9.21;39.88;0.55;98.37;23.6;93.14;27.12;1.26;55.46;991.83;304.27
30/12/2005;29.19;22.49;23.57;976.71;81.84;0.25;NA;NA;121.75;35.56;82.05;-2.56;3.09;-80.38;-12.6;6.41;-2.22;-13.54;9.1;0.25;5.31;99.74;25.43;81.84;26.31;2.06;7.46;991.69;296.39
31/12/2005;29.54;23.23;NA;NA;82.06;17.77;NA;NA;115.44;21.04;89.53;-2.69;NA;NA;-3.76;8.05;NA;-5.75;9.45;17.77;7.84;87.6;25.56;82.06;26.75;2.01;46;991.7;286.56
01/01/2006;29.62;23.15;NA;NA;82;0;NA;NA;116.48;NA;NA;-2.67;NA;NA;NA;NA;NA;NA;NA;0;6.99;151.34;26.18;82;27.65;2.16;69.25;991.44;168.88
02/01/2006;28.53;23.27;NA;NA;86.65;0.44;NA;NA;77.83;4.93;76.14;-3.44;NA;NA;-5.47;5.52;NA;-3.9;8.55;0.5;13.84;110.22;25.46;86.65;NA;2;14.88;991.71;88.61
03/01/2006;27.56;22.78;23.98;976.22;89.8;0;NA;NA;102.87;27.09;76.15;-2.94;1.25;-61.66;-7.29;3.07;-1.41;-10.22;7.4;0;22.52;149.81;24.56;89.8;27.48;1.22;-26.02;992.46;194.89
04/01/2006;25.25;22.65;22.21;976.17;93.93;59.43;NA;NA;40.75;8.22;32.27;-4.19;NA;NA;-15.15;4.43;NA;-16.6;2.33;59.43;53.06;136.93;23.69;93.93;27.52;1.27;2.84;991.88;111.04
05/01/2006;26.24;22.83;23.8;975.51;91.03;0;NA;NA;127.44;29.15;95.19;-2.45;NA;NA;-11.96;6.29;NA;-13.99;10.25;0;17.48;110.96;24.12;91.03;27.31;1.07;29.72;990.97;91.12
06/01/2006;29.37;22.76;25.47;975.22;84.58;0;NA;NA;134.2;42.19;96.06;-2.32;2.02;71.9;-6.25;3.32;NA;-9.26;6.49;0;18.06;84.02;25.59;84.58;27.5;1.44;-1.46;991.09;103.34
07/01/2006;27.66;23.13;23.72;976.33;88.88;1.01;NA;NA;73.55;10.15;64.51;-3.53;2;-73.89;-4.36;5.46;-0.05;-8.31;8.22;1.01;1.39;113.71;24.97;88.88;28.05;1.61;41.27;992.21;247.43
08/01/2006;25.19;22.72;22.19;NA;91.91;45.99;NA;NA;43.09;NA;NA;-4.14;NA;NA;-9.45;3.42;NA;-8.96;6.15;45.99;0.69;222.37;23.68;91.91;26.88;1.18;-5.85;993.3;287.05
09/01/2006;25.09;22.65;22.66;978.2;92.37;17.52;NA;NA;50.18;6.12;37.59;-4;0.89;-57.54;-0.08;2.94;0.93;-4.49;6.35;17.52;1.26;152.33;23.66;92.37;27;1.21;14.13;993.58;301.94
10/01/2006;27.98;22.55;23.81;977.35;85.43;0;NA;NA;97.77;15.37;74.61;-3.05;1.91;81.03;-8.61;7.22;0.01;-9.08;9.11;0;0.3;114.42;25;85.43;26.95;1.97;38.7;992.72;309.42
11/01/2006;28.8;23.77;24.28;976.07;84.54;0;NA;NA;96.02;19.14;79.85;-3.08;2.75;87.01;-7.09;6.17;-0.99;-10.43;8.45;0;0;87.53;25.52;84.54;27.51;2.37;11.83;991.99;316.49
12/01/2006;27.23;23.14;23.46;977.28;91.48;0;NA;NA;81.52;22.87;60.96;-3.37;2.37;-77.41;-8.11;5.99;-0.84;-10.18;8.5;0;0.06;119.2;24.45;91.48;28.03;2.33;19.6;992.9;290.2
13/01/2006;29.89;23.05;24.26;977.2;84.28;0;NA;NA;131.02;27.94;93.59;-2.38;3.07;87.24;-10.28;7.13;NA;-11.16;9.43;0;0.16;85.69;26.01;84.28;28.16;2.17;14.56;992.65;290.14
14/01/2006;29.68;23.76;25.81;975.98;82.41;0;NA;NA;138.82;30.31;108.06;-2.22;2.83;69.46;-5.93;2.85;-1.31;-8.73;6.11;0;0;74.91;26.37;82.41;28.18;2.34;2.91;991.94;331.03
15/01/2006;30.37;23.81;25.55;974.91;81.66;5.59;NA;NA;125.64;27.75;98.5;-2.49;2.2;80.21;-6.04;6.04;0.29;-7.81;8.39;5.59;0;110.55;26.53;81.66;28.16;2.55;37.76;991.26;284.46
16/01/2006;29.3;23.33;25.18;975.72;85.9;0.25;NA;NA;87.55;9.78;84.65;-3.25;2.32;65.48;-7.81;4.59;-2.17;-10.95;6.62;0.25;0.06;72.61;25.67;85.9;28.08;1.63;49.57;992.18;283.06
17/01/2006;26.43;23.65;24.95;976.98;89.77;0;NA;NA;127.94;29.34;98.07;-2.44;2.21;46.3;-11.07;3.54;-3.97;-13.88;5.95;0;0.54;82.68;24.88;89.77;28.2;1.85;31.6;993.1;318.46
18/01/2006;27.67;22.84;24.85;976.66;87.72;2.28;NA;NA;112.63;NA;NA;-2.75;1.51;67.58;-6.82;3.75;-2.08;-10.98;6.82;2.28;3.01;101.79;24.98;87.72;27.66;1.21;38.65;992.89;248.26
19/01/2006;26.59;23.05;22.6;976.07;94.15;103.88;NA;NA;21.01;NA;NA;-4.58;NA;NA;7.14;1.28;NA;8.74;5.03;103.88;6.86;150.79;23.99;94.15;NA;0.99;17.51;991.64;275.2
20/01/2006;28.32;22.76;NA;976.25;86.92;9.91;NA;NA;144.04;51.85;96.78;-2.12;NA;NA;-7.92;0.37;NA;-8.38;4.55;9.91;0.11;180.87;25.16;86.92;27.7;1.46;-9.51;990.95;296.88
21/01/2006;28.56;23.01;NA;976.48;86.07;0;NA;NA;0.42;NA;NA;-4.99;NA;NA;NA;NA;NA;NA;NA;0;0;152.44;25.34;86.07;27.59;2.44;66.64;991.24;347.62
22/01/2006;27.89;22.99;NA;976.83;87.15;0;NA;NA;0.25;NA;NA;-4.99;NA;NA;NA;NA;NA;NA;NA;0;0;98.25;25.19;87.15;27.87;2.84;-10.08;991.61;341.49
23/01/2006;28.95;23.52;NA;975.95;85.86;0;NA;NA;0.4;NA;NA;-4.99;NA;NA;NA;NA;NA;NA;NA;0;0.57;100.39;25.49;85.86;27.92;1.77;-8.37;991.32;225.06
24/01/2006;24.71;24.71;NA;975.41;90.54;0;NA;NA;0.45;NA;NA;-4.99;NA;NA;NA;NA;NA;NA;NA;0;0;127.17;24.71;90.54;28.19;1.79;72.11;991.92;0
